Catálogo de Artículos,,,,,,,,,,,,,,
Iza Alejandro Zogbi Garcia,,,,,,,,,,,,,,
,,,,,,,,,,,,,,
,,,,,,,,,,,,,,
,CAMISA C/ PALOMA 44 AL 50 SHEGOBRE BOSIC,,,,,,,,,,,,,
,,,,,,,,,,,,,,
,Clave:,,330,,,,Existencia:,,0,,,,,
,,,,,,,,,,,,,,
,Departamento:,,CAMISAS,,,,Precio:,,$ 330.00,,,,,
,,,,,,,,,,,,,,
,Categoría:,,CAMISA VESTIR,,,,,,,,,,,
,,,,,,,,,,,,,,
,,,,,,,,,,,,,,
,,,,,,,,,,,,,,
,CRISTO CON ALFILER,,,,,,,,,,,,,
,,,,,,,,,,,,,,
,Clave:,,990201,,,,Existencia:,,1200,,,,,
,,,,,,,,,,,,,,
,Departamento:,,MATERIA PRIMA,,,,Precio:,,$ 8.00,,,,,
,,,,,,,,,,,,,,
,Categoría:,,METAL CON CRISTAL,,,,,,,,,,,
,,,,,,,,,,,,,,
,,,,,,,,,,,,,,
,,,,,,,,,,,,,,
,PIN,,,,,,,,,,,,,
,,,,,,,,,,,,,,
,Clave:,,990302,,,,Existencia:,,1200,,,,,
,,,,,,,,,,,,,,
,Departamento:,,MATERIA PRIMA,,,,Precio:,,$ 5.00,,,,,
,,,,,,,,,,,,,,
,Categoría:,,METAL CON CRISTAL,,,,,,,,,,,
,,,,,,,,,,,,,,
,,,,,,,,,,,,,,
,,,,,,,,,,,,,,
,CONCHA CHOCOLATA,,,,,,,,,,,,,
,,,,,,,,,,,,,,
,Clave:,,990403,,,,Existencia:,,559,,,,,
,,,,,,,,,,,,,,
,Departamento:,,ACCESORIOS,,,,Precio:,,$ 16.00,,,,,
,,,,,,,,,,,,,,
,Categoría:,,VARIOS,,,,,,,,,,,
,,,,,,,,,,,,,,
,,,,,,,,,,,,,,
,,,,,,,,,,,,,,
,SUETER NIÑA BORDADO BEBE TEJIDO 1-2-3,,,,,,,,,,,,,
,,,,,,,,,,,,,,
,Clave:,,AA0011,,,,Existencia:,,180,,,,,
,,,,,,,,,,,,,,
,Departamento:,,ABRIGOS Y SUETERS,,,,Precio:,,$ 169.90,,,,,
,,,,,,,,,,,,,,
,Categoría:,,TEJIDO,,,,,,,,,,,
,,,,,,,,,,,,,,
,,,,,,,,,,,,,,
,,,,,,,,,,,,,,
,SUETER NIÑO BEBE TEJIDO 1-2-3 ROMBO,,,,,,,,,,,,,
,,,,,,,,,,,,,,
,Clave:,,AA0013,,,,Existencia:,,131,,,,,
,,,,,,,,,,,,,,
,Departamento:,,ABRIGOS Y SUETERS,,,,Precio:,,$ 159.90,,,,,
,,,,,,,,,,,,,,
,Categoría:,,TEJIDO,,,,,,,,,,,
,,,,,,,,,,,,,,
,,,,,,,,,,,,,,
,,,,,,,,,,,,,,
,SUETER TORTUGA BEBE TEJIDO 1-2-3,,,,,,,,,,,,,
,,,,,,,,,,,,,,
,Clave:,,AA0019,,,,Existencia:,,0,,,,,
,,,,,,,,,,,,,,
,Departamento:,,ABRIGOS Y SUETERS,,,,Precio:,,$ 139.90,,,,,
,,,,,,,,,,,,,,
,Categoría:,,TEJIDO,,,,,,,,,,,
,,,,,,,,,,,,,,
,,,,,,,,,,,,,,
,,,,,,,,,,,,,,
,ABRIGO BEBE ARTICELA,,,,,,,,,,,,,
,,,,,,,,,,,,,,
,Clave:,,AA0022,,,,Existencia:,,0,,,,,
,,,,,,,,,,,,,,
,Departamento:,,ABRIGOS Y SUETERS,,,,Precio:,,$ 169.90,,,,,
,,,,,,,,,,,,,,
,Categoría:,,TEJIDO,,,,,,,,,,,
,,,,,,,,,,,,,,
,,,,,,,,,,,,,,
,,,,,,,,,,,,,,
,ABRIGO TORERA ARTICELA CH-MED-GDE,,,,,,,,,,,,,
,,,,,,,,,,,,,,
,Clave:,,AA0047,,,,Existencia:,,0,,,,,
,,,,,,,,,,,,,,
,Departamento:,,ABRIGOS Y SUETERS,,,,Precio:,,$ 209.90,,,,,
,,,,,,,,,,,,,,
,Categoría:,,TEJIDO,,,,,,,,,,,
,,,,,,,,,,,,,,
,,,,,,,,,,,,,,
,,,,,,,,,,,,,,
,ABRIGO CORTO GUS GUS PELUCHE C/ BOLSA,,,,,,,,,,,,,
,,,,,,,,,,,,,,
,Clave:,,AC0004,,,,Existencia:,,0,,,,,
,,,,,,,,,,,,,,
,Departamento:,,ABRIGOS Y SUETERS,,,,Precio:,,$ 259.90,,,,,
,,,,,,,,,,,,,,
,Categoría:,,PELUCHE,,,,,,,,,,,
,,,,,,,,,,,,,,
,,,,,,,,,,,,,,
,,,,,,,,,,,,,,
,ABRIGO CORTO GUS GUS PELUCHE C/ CUELLO,,,,,,,,,,,,,
,,,,,,,,,,,,,,
,Clave:,,AC0006,,,,Existencia:,,0,,,,,
,,,,,,,,,,,,,,
,Departamento:,,ABRIGOS Y SUETERS,,,,Precio:,,$ 239.90,,,,,
,,,,,,,,,,,,,,
,Categoría:,,PELUCHE,,,,,,,,,,,
,,,,,,,,,,,,,,
,,,,,,,,,,,,,,
,,,,,,,,,,,,,,
,ABRIGO TORERA 0 AL 3 GUS GUS,,,,,,,,,,,,,
,,,,,,,,,,,,,,
,Clave:,,AC0013,,,,Existencia:,,0,,,,,
,,,,,,,,,,,,,,
,Departamento:,,ABRIGOS Y SUETERS,,,,Precio:,,$ 250.00,,,,,
,,,,,,,,,,,,,,
,Categoría:,,PELUCHE,,,,,,,,,,,
,,,,,,,,,,,,,,
,,,,,,,,,,,,,,
,,,,,,,,,,,,,,
,ABRIGO TORERA 4 AL 6 GUS GUS,,,,,,,,,,,,,
,,,,,,,,,,,,,,
,Clave:,,AC0015,,,,Existencia:,,0,,,,,
,,,,,,,,,,,,,,
,Departamento:,,ABRIGOS Y SUETERS,,,,Precio:,,$ 260.00,,,,,
,,,,,,,,,,,,,,
,Categoría:,,PELUCHE,,,,,,,,,,,
,,,,,,,,,,,,,,
,,,,,,,,,,,,,,
,,,,,,,,,,,,,,
,ABRIGO TORERA 8 AL 12 GUS GUS,,,,,,,,,,,,,
,,,,,,,,,,,,,,
,Clave:,,AC0017,,,,Existencia:,,0,,,,,
,,,,,,,,,,,,,,
,Departamento:,,ABRIGOS Y SUETERS,,,,Precio:,,$ 270.00,,,,,
,,,,,,,,,,,,,,
,Categoría:,,PELUCHE,,,,,,,,,,,
,,,,,,,,,,,,,,
,,,,,,,,,,,,,,
,,,,,,,,,,,,,,
,ABRIGO TORERA 14 AL 16 GUS GUS,,,,,,,,,,,,,
,,,,,,,,,,,,,,
,Clave:,,AC0019,,,,Existencia:,,0,,,,,
,,,,,,,,,,,,,,
,Departamento:,,ABRIGOS Y SUETERS,,,,Precio:,,$ 280.00,,,,,
,,,,,,,,,,,,,,
,Categoría:,,PELUCHE,,,,,,,,,,,
,,,,,,,,,,,,,,
,,,,,,,,,,,,,,
,,,,,,,,,,,,,,
,CHALINA PELUCHE,,,,,,,,,,,,,
,,,,,,,,,,,,,,
,Clave:,,AC0022,,,,Existencia:,,0,,,,,
,,,,,,,,,,,,,,
,Departamento:,,ABRIGOS Y SUETERS,,,,Precio:,,$ 79.90,,,,,
,,,,,,,,,,,,,,
,Categoría:,,PELUCHE,,,,,,,,,,,
,,,,,,,,,,,,,,
,,,,,,,,,,,,,,
,,,,,,,,,,,,,,
,ESTOLA JUVENIL MINK,,,,,,,,,,,,,
,,,,,,,,,,,,,,
,Clave:,,AE0004,,,,Existencia:,,0,,,,,
,,,,,,,,,,,,,,
,Departamento:,,ABRIGOS Y SUETERS,,,,Precio:,,$ 339.90,,,,,
,,,,,,,,,,,,,,
,Categoría:,,PELUCHE,,,,,,,,,,,
,,,,,,,,,,,,,,
,,,,,,,,,,,,,,
,,,,,,,,,,,,,,
,ESTOLA DAMA MINK,,,,,,,,,,,,,
,,,,,,,,,,,,,,
,Clave:,,AE0006,,,,Existencia:,,37,,,,,
,,,,,,,,,,,,,,
,Departamento:,,ABRIGOS Y SUETERS,,,,Precio:,,$ 339.90,,,,,
,,,,,,,,,,,,,,
,Categoría:,,PELUCHE,,,,,,,,,,,
,,,,,,,,,,,,,,
,,,,,,,,,,,,,,
,,,,,,,,,,,,,,
,MINIESTOLA MINK ZORRO,,,,,,,,,,,,,
,,,,,,,,,,,,,,
,Clave:,,AE0010,,,,Existencia:,,0,,,,,
,,,,,,,,,,,,,,
,Departamento:,,ABRIGOS Y SUETERS,,,,Precio:,,$ 149.90,,,,,
,,,,,,,,,,,,,,
,Categoría:,,PELUCHE,,,,,,,,,,,
,,,,,,,,,,,,,,
,,,,,,,,,,,,,,
,,,,,,,,,,,,,,
,ESTOLA MINK ZORRO,,,,,,,,,,,,,
,,,,,,,,,,,,,,
,Clave:,,AE0012,,,,Existencia:,,0,,,,,
,,,,,,,,,,,,,,
,Departamento:,,ABRIGOS Y SUETERS,,,,Precio:,,$ 149.90,,,,,
,,,,,,,,,,,,,,
,Categoría:,,PELUCHE,,,,,,,,,,,
,,,,,,,,,,,,,,
,,,,,,,,,,,,,,
,,,,,,,,,,,,,,
,ABRIGO CORTO ECLIPSE PELUCHE C/ CUELLO,,,,,,,,,,,,,
,,,,,,,,,,,,,,
,Clave:,,AE0022,,,,Existencia:,,0,,,,,
,,,,,,,,,,,,,,
,Departamento:,,ABRIGOS Y SUETERS,,,,Precio:,,$ 199.90,,,,,
,,,,,,,,,,,,,,
,Categoría:,,PELUCHE,,,,,,,,,,,
,,,,,,,,,,,,,,
,,,,,,,,,,,,,,
,,,,,,,,,,,,,,
,ABRIGO LARGO PELUCHE 00 AL 04,,,,,,,,,,,,,
,,,,,,,,,,,,,,
,Clave:,,AL0002,,,,Existencia:,,0,,,,,
,,,,,,,,,,,,,,
,Departamento:,,ABRIGOS Y SUETERS,,,,Precio:,,$ 260.00,,,,,
,,,,,,,,,,,,,,
,Categoría:,,PELUCHE,,,,,,,,,,,
,,,,,,,,,,,,,,
,,,,,,,,,,,,,,
,,,,,,,,,,,,,,
,ABRIGO LARGO PELUCHE 06 AL 08,,,,,,,,,,,,,
,,,,,,,,,,,,,,
,Clave:,,AL0004,,,,Existencia:,,0,,,,,
,,,,,,,,,,,,,,
,Departamento:,,ABRIGOS Y SUETERS,,,,Precio:,,$ 270.00,,,,,
,,,,,,,,,,,,,,
,Categoría:,,PELUCHE,,,,,,,,,,,
,,,,,,,,,,,,,,
,,,,,,,,,,,,,,
,,,,,,,,,,,,,,
,ABRIGO LARGO PELUCHE 10 AL 12,,,,,,,,,,,,,
,,,,,,,,,,,,,,
,Clave:,,AL0006,,,,Existencia:,,0,,,,,
,,,,,,,,,,,,,,
,Departamento:,,ABRIGOS Y SUETERS,,,,Precio:,,$ 280.00,,,,,
,,,,,,,,,,,,,,
,Categoría:,,PELUCHE,,,,,,,,,,,
,,,,,,,,,,,,,,
,,,,,,,,,,,,,,
,,,,,,,,,,,,,,
,SUJETA CUBREBOCA,,,,,,,,,,,,,
,,,,,,,,,,,,,,
,Clave:,,AQ7722,,,,Existencia:,,0,,,,,
,,,,,,,,,,,,,,
,Departamento:,,ACCESORIOS,,,,Precio:,,$ 80.00,,,,,
,,,,,,,,,,,,,,
,Categoría:,,COMUNION,,,,,,,,,,,
,,,,,,,,,,,,,,
,,,,,,,,,,,,,,
,,,,,,,,,,,,,,
,SACO CAPA ORGANZA,,,,,,,,,,,,,
,,,,,,,,,,,,,,
,Clave:,,AS0011,,,,Existencia:,,0,,,,,
,,,,,,,,,,,,,,
,Departamento:,,BONETERIA,,,,Precio:,,$ 80.00,,,,,
,,,,,,,,,,,,,,
,Categoría:,,COBIJAS,,,,,,,,,,,
,,,,,,,,,,,,,,
,,,,,,,,,,,,,,
,,,,,,,,,,,,,,
,SACO LETEJUELA ORGANZA,,,,,,,,,,,,,
,,,,,,,,,,,,,,
,Clave:,,AS0013,,,,Existencia:,,0,,,,,
,,,,,,,,,,,,,,
,Departamento:,,BONETERIA,,,,Precio:,,$ 90.00,,,,,
,,,,,,,,,,,,,,
,Categoría:,,COBIJAS,,,,,,,,,,,
,,,,,,,,,,,,,,
,,,,,,,,,,,,,,
,,,,,,,,,,,,,,
,SACO ORGANZA,,,,,,,,,,,,,
,,,,,,,,,,,,,,
,Clave:,,AS0022,,,,Existencia:,,0,,,,,
,,,,,,,,,,,,,,
,Departamento:,,BONETERIA,,,,Precio:,,$ 76.00,,,,,
,,,,,,,,,,,,,,
,Categoría:,,COBIJAS,,,,,,,,,,,
,,,,,,,,,,,,,,
,,,,,,,,,,,,,,
,,,,,,,,,,,,,,
,GUIA ADORNO VESTIDO CRISTAL,,,,,,,,,,,,,
,,,,,,,,,,,,,,
,Clave:,,AV0159,,,,Existencia:,,0,,,,,
,,,,,,,,,,,,,,
,Departamento:,,TIARAS,,,,Precio:,,$ 130.00,,,,,
,,,,,,,,,,,,,,
,Categoría:,,"TIARAS, GUIAS, DIADEMA, PEINETAS METALICAS",,,,,,,,,,,
,,,,,,,,,,,,,,
,,,,,,,,,,,,,,
,,,,,,,,,,,,,,
,EQ. BATA PATO TUL ILUCION,,,,,,,,,,,,,
,,,,,,,,,,,,,,
,Clave:,,BA0360,,,,Existencia:,,0,,,,,
,,,,,,,,,,,,,,
,Departamento:,,BAUTIZO NIÑA,,,,Precio:,,$ 839.90,,,,,
,,,,,,,,,,,,,,
,Categoría:,,BATA,,,,,,,,,,,
,,,,,,,,,,,,,,
,,,,,,,,,,,,,,
,,,,,,,,,,,,,,
,EQ. BATA ANA TUL BORDADO 3D,,,,,,,,,,,,,
,,,,,,,,,,,,,,
,Clave:,,BA0377,,,,Existencia:,,0,,,,,
,,,,,,,,,,,,,,
,Departamento:,,BAUTIZO NIÑA,,,,Precio:,,"$ 1,249.90",,,,,
,,,,,,,,,,,,,,
,Categoría:,,BATA,,,,,,,,,,,
,,,,,,,,,,,,,,
,,,,,,,,,,,,,,
,,,,,,,,,,,,,,
,EQ. BATA ROS  MARIPOSAS 3D,,,,,,,,,,,,,
,,,,,,,,,,,,,,
,Clave:,,BA0379,,,,Existencia:,,0,,,,,
,,,,,,,,,,,,,,
,Departamento:,,BAUTIZO NIÑA,,,,Precio:,,"$ 1,249.90",,,,,
,,,,,,,,,,,,,,
,Categoría:,,BATA,,,,,,,,,,,
,,,,,,,,,,,,,,
,,,,,,,,,,,,,,
,,,,,,,,,,,,,,
,EQ. BATA VICTORIA MANGA ESPAÑOLA C/PORTATRAJE VELA 100,,,,,,,,,,,,,
,,,,,,,,,,,,,,
,Clave:,,BB0516,,,,Existencia:,,0,,,,,
,,,,,,,,,,,,,,
,Departamento:,,BAUTIZO NIÑA,,,,Precio:,,"$ 1,099.90",,,,,
,,,,,,,,,,,,,,
,Categoría:,,BATA DESMONTABLE,,,,,,,,,,,
,,,,,,,,,,,,,,
,,,,,,,,,,,,,,
,,,,,,,,,,,,,,
,EQ. BATA DOROTHY TUL ILUCION BORDADO,,,,,,,,,,,,,
,,,,,,,,,,,,,,
,Clave:,,BB0724,,,,Existencia:,,0,,,,,
,,,,,,,,,,,,,,
,Departamento:,,BAUTIZO NIÑA,,,,Precio:,,$ 839.90,,,,,
,,,,,,,,,,,,,,
,Categoría:,,BATA DESMONTABLE,,,,,,,,,,,
,,,,,,,,,,,,,,
,,,,,,,,,,,,,,
,,,,,,,,,,,,,,
,"EQ. BATA NASHIRA TUL LENTEJUELA VELA, TIARA Y C/PORTATRAJE",,,,,,,,,,,,,
,,,,,,,,,,,,,,
,Clave:,,BB1022,,,,Existencia:,,0,,,,,
,,,,,,,,,,,,,,
,Departamento:,,BAUTIZO NIÑA,,,,Precio:,,"$ 1,259.90",,,,,
,,,,,,,,,,,,,,
,Categoría:,,BATA DESMONTABLE,,,,,,,,,,,
,,,,,,,,,,,,,,
,,,,,,,,,,,,,,
,,,,,,,,,,,,,,
,EQ. BATA TIRA BORDADA ALGODON,,,,,,,,,,,,,
,,,,,,,,,,,,,,
,Clave:,,BB1258,,,,Existencia:,,0,,,,,
,,,,,,,,,,,,,,
,Departamento:,,BAUTIZO NIÑA,,,,Precio:,,$ 839.90,,,,,
,,,,,,,,,,,,,,
,Categoría:,,BATA DESMONTABLE,,,,,,,,,,,
,,,,,,,,,,,,,,
,,,,,,,,,,,,,,
,,,,,,,,,,,,,,
,EQ. BATA GRETA SUBLIME,,,,,,,,,,,,,
,,,,,,,,,,,,,,
,Clave:,,BB1406,,,,Existencia:,,0,,,,,
,,,,,,,,,,,,,,
,Departamento:,,BAUTIZO NIÑA,,,,Precio:,,$ 899.90,,,,,
,,,,,,,,,,,,,,
,Categoría:,,BATA DESMONTABLE,,,,,,,,,,,
,,,,,,,,,,,,,,
,,,,,,,,,,,,,,
,,,,,,,,,,,,,,
,EQ. BATA VILANO DE AZUCAR,,,,,,,,,,,,,
,,,,,,,,,,,,,,
,Clave:,,BB2109,,,,Existencia:,,0,,,,,
,,,,,,,,,,,,,,
,Departamento:,,BAUTIZO NIÑA,,,,Precio:,,"$ 1,299.90",,,,,
,,,,,,,,,,,,,,
,Categoría:,,BATA DESMONTABLE,,,,,,,,,,,
,,,,,,,,,,,,,,
,,,,,,,,,,,,,,
,,,,,,,,,,,,,,
,EQ. BATA AGNES SUBLIME,,,,,,,,,,,,,
,,,,,,,,,,,,,,
,Clave:,,BB2110,,,,Existencia:,,0,,,,,
,,,,,,,,,,,,,,
,Departamento:,,BAUTIZO NIÑA,,,,Precio:,,$ 899.90,,,,,
,,,,,,,,,,,,,,
,Categoría:,,BATA DESMONTABLE,,,,,,,,,,,
,,,,,,,,,,,,,,
,,,,,,,,,,,,,,
,,,,,,,,,,,,,,
,EQ. BATA IRIS BORDADA BV3717,,,,,,,,,,,,,
,,,,,,,,,,,,,,
,Clave:,,BB2403,,,,Existencia:,,0,,,,,
,,,,,,,,,,,,,,
,Departamento:,,BAUTIZO NIÑA,,,,Precio:,,$ 739.90,,,,,
,,,,,,,,,,,,,,
,Categoría:,,BATA,,,,,,,,,,,
,,,,,,,,,,,,,,
,,,,,,,,,,,,,,
,,,,,,,,,,,,,,
,EQ. BATA LEONIE,,,,,,,,,,,,,
,,,,,,,,,,,,,,
,Clave:,,BB2518,,,,Existencia:,,0,,,,,
,,,,,,,,,,,,,,
,Departamento:,,BAUTIZO NIÑA,,,,Precio:,,"$ 1,199.90",,,,,
,,,,,,,,,,,,,,
,Categoría:,,BATA DESMONTABLE,,,,,,,,,,,
,,,,,,,,,,,,,,
,,,,,,,,,,,,,,
,,,,,,,,,,,,,,
,EQ. BATA MIL MARGARITAS,,,,,,,,,,,,,
,,,,,,,,,,,,,,
,Clave:,,BB2607,,,,Existencia:,,0,,,,,
,,,,,,,,,,,,,,
,Departamento:,,BAUTIZO NIÑA,,,,Precio:,,$ 899.90,,,,,
,,,,,,,,,,,,,,
,Categoría:,,BATA DESMONTABLE,,,,,,,,,,,
,,,,,,,,,,,,,,
,,,,,,,,,,,,,,
,,,,,,,,,,,,,,
,EQ. BATA ZOE PANAL DE DULCE,,,,,,,,,,,,,
,,,,,,,,,,,,,,
,Clave:,,BB2906,,,,Existencia:,,0,,,,,
,,,,,,,,,,,,,,
,Departamento:,,BAUTIZO NIÑA,,,,Precio:,,$ 839.90,,,,,
,,,,,,,,,,,,,,
,Categoría:,,BATA DESMONTABLE,,,,,,,,,,,
,,,,,,,,,,,,,,
,,,,,,,,,,,,,,
,,,,,,,,,,,,,,
,EQ. BATA INES ROCOCO,,,,,,,,,,,,,
,,,,,,,,,,,,,,
,Clave:,,BB7800,,,,Existencia:,,0,,,,,
,,,,,,,,,,,,,,
,Departamento:,,BAUTIZO NIÑA,,,,Precio:,,$ 799.90,,,,,
,,,,,,,,,,,,,,
,Categoría:,,BATA DESMONTABLE,,,,,,,,,,,
,,,,,,,,,,,,,,
,,,,,,,,,,,,,,
,,,,,,,,,,,,,,
,EQ. BATA C/CAPA MOD. 23 ORGANZA,,,,,,,,,,,,,
,,,,,,,,,,,,,,
,Clave:,,BC0023,,,,Existencia:,,0,,,,,
,,,,,,,,,,,,,,
,Departamento:,,BAUTIZO NIÑA,,,,Precio:,,$ 349.90,,,,,
,,,,,,,,,,,,,,
,Categoría:,,BATA C/CAPA,,,,,,,,,,,
,,,,,,,,,,,,,,
,,,,,,,,,,,,,,
,,,,,,,,,,,,,,
,EQ. BATA C/CAPA MOD. 468 CANASTA  BC1002,,,,,,,,,,,,,
,,,,,,,,,,,,,,
,Clave:,,BC0468,,,,Existencia:,,58,,,,,
,,,,,,,,,,,,,,
,Departamento:,,BAUTIZO NIÑA,,,,Precio:,,$ 639.90,,,,,
,,,,,,,,,,,,,,
,Categoría:,,BATA C/CAPA,,,,,,,,,,,
,,,,,,,,,,,,,,
,,,,,,,,,,,,,,
,,,,,,,,,,,,,,
,EQ. BATA DESM. MOD. 555 C/CAPA ORGANZA,,,,,,,,,,,,,
,,,,,,,,,,,,,,
,Clave:,,BC0555,,,,Existencia:,,0,,,,,
,,,,,,,,,,,,,,
,Departamento:,,BAUTIZO NIÑA,,,,Precio:,,$ 679.90,,,,,
,,,,,,,,,,,,,,
,Categoría:,,BATA DESMONTABLE,,,,,,,,,,,
,,,,,,,,,,,,,,
,,,,,,,,,,,,,,
,,,,,,,,,,,,,,
,EQ. BATA C/CAPA MOD. 1001 ORGANZA BORDADA  BC1004,,,,,,,,,,,,,
,,,,,,,,,,,,,,
,Clave:,,BC1001,,,,Existencia:,,128,,,,,
,,,,,,,,,,,,,,
,Departamento:,,BAUTIZO NIÑA,,,,Precio:,,$ 689.90,,,,,
,,,,,,,,,,,,,,
,Categoría:,,BATA C/CAPA,,,,,,,,,,,
,,,,,,,,,,,,,,
,,,,,,,,,,,,,,
,,,,,,,,,,,,,,
,EQ. BATA C/CAPA MOD. 1201 ORGANZA,,,,,,,,,,,,,
,,,,,,,,,,,,,,
,Clave:,,BC1201,,,,Existencia:,,0,,,,,
,,,,,,,,,,,,,,
,Departamento:,,BAUTIZO NIÑA,,,,Precio:,,$ 509.90,,,,,
,,,,,,,,,,,,,,
,Categoría:,,BATA C/CAPA,,,,,,,,,,,
,,,,,,,,,,,,,,
,,,,,,,,,,,,,,
,,,,,,,,,,,,,,
,EQ. BATA C/CAPA MOD. 1912 PELLIZCO ORGANZA BORDADA BC1006,,,,,,,,,,,,,
,,,,,,,,,,,,,,
,Clave:,,BC1912,,,,Existencia:,,214,,,,,
,,,,,,,,,,,,,,
,Departamento:,,BAUTIZO NIÑA,,,,Precio:,,$ 769.90,,,,,
,,,,,,,,,,,,,,
,Categoría:,,BATA C/CAPA,,,,,,,,,,,
,,,,,,,,,,,,,,
,,,,,,,,,,,,,,
,,,,,,,,,,,,,,
,EQ. BATA C/CAPA MOD. 2031 RAZO/ORGANZA PELUCHE,,,,,,,,,,,,,
,,,,,,,,,,,,,,
,Clave:,,BC2004,,,,Existencia:,,0,,,,,
,,,,,,,,,,,,,,
,Departamento:,,BAUTIZO NIÑA,,,,Precio:,,$ 469.90,,,,,
,,,,,,,,,,,,,,
,Categoría:,,BATA C/CAPA,,,,,,,,,,,
,,,,,,,,,,,,,,
,,,,,,,,,,,,,,
,,,,,,,,,,,,,,
,EQ. BATA C/CAPA MOD. 2008 ALFORZA ORGANZA  BC1012,,,,,,,,,,,,,
,,,,,,,,,,,,,,
,Clave:,,BC2008,,,,Existencia:,,110,,,,,
,,,,,,,,,,,,,,
,Departamento:,,BAUTIZO NIÑA,,,,Precio:,,$ 569.90,,,,,
,,,,,,,,,,,,,,
,Categoría:,,BATA C/CAPA,,,,,,,,,,,
,,,,,,,,,,,,,,
,,,,,,,,,,,,,,
,,,,,,,,,,,,,,
,EQ. BATA C/CAPA MOD. 2031 RAZO/ORGANZA PELUCHE,,,,,,,,,,,,,
,,,,,,,,,,,,,,
,Clave:,,BC2031,,,,Existencia:,,0,,,,,
,,,,,,,,,,,,,,
,Departamento:,,BAUTIZO NIÑA,,,,Precio:,,$ 469.90,,,,,
,,,,,,,,,,,,,,
,Categoría:,,BATA C/CAPA,,,,,,,,,,,
,,,,,,,,,,,,,,
,,,,,,,,,,,,,,
,,,,,,,,,,,,,,
,EQ. BATA C/CAPA MOD. 2526 CHARMIN APLICACION,,,,,,,,,,,,,
,,,,,,,,,,,,,,
,Clave:,,BC2526,,,,Existencia:,,0,,,,,
,,,,,,,,,,,,,,
,Departamento:,,BAUTIZO NIÑA,,,,Precio:,,$ 539.90,,,,,
,,,,,,,,,,,,,,
,Categoría:,,BATA C/CAPA,,,,,,,,,,,
,,,,,,,,,,,,,,
,,,,,,,,,,,,,,
,,,,,,,,,,,,,,
,EQ. BATA C/CAPA MOD. 5049 DIAGONAL ORGANZA BC1008,,,,,,,,,,,,,
,,,,,,,,,,,,,,
,Clave:,,BC5049,,,,Existencia:,,76,,,,,
,,,,,,,,,,,,,,
,Departamento:,,BAUTIZO NIÑA,,,,Precio:,,$ 669.90,,,,,
,,,,,,,,,,,,,,
,Categoría:,,BATA C/CAPA,,,,,,,,,,,
,,,,,,,,,,,,,,
,,,,,,,,,,,,,,
,,,,,,,,,,,,,,
,BAUL MADERA GRANDE XIAO,,,,,,,,,,,,,
,,,,,,,,,,,,,,
,Clave:,,BD0022,,,,Existencia:,,0,,,,,
,,,,,,,,,,,,,,
,Departamento:,,ACCESORIOS,,,,Precio:,,$ 105.00,,,,,
,,,,,,,,,,,,,,
,Categoría:,,CAJAS Y ESTUCHES,,,,,,,,,,,
,,,,,,,,,,,,,,
,,,,,,,,,,,,,,
,,,,,,,,,,,,,,
,EQ. BATA DESM. TUL ILUSIÓN CASANDRA PERLAS C/PORTATRAJE Y VELA,,,,,,,,,,,,,
,,,,,,,,,,,,,,
,Clave:,,BD0203,,,,Existencia:,,0,,,,,
,,,,,,,,,,,,,,
,Departamento:,,BAUTIZO NIÑA,,,,Precio:,,"$ 1,399.90",,,,,
,,,,,,,,,,,,,,
,Categoría:,,BATA DESMONTABLE,,,,,,,,,,,
,,,,,,,,,,,,,,
,,,,,,,,,,,,,,
,,,,,,,,,,,,,,
,"EQ. BATA DESM. AZAHARA VELA, TIARA Y C/PORTATRAJE",,,,,,,,,,,,,
,,,,,,,,,,,,,,
,Clave:,,BD0402,,,,Existencia:,,0,,,,,
,,,,,,,,,,,,,,
,Departamento:,,BAUTIZO NIÑA,,,,Precio:,,"$ 1,599.90",,,,,
,,,,,,,,,,,,,,
,Categoría:,,BATA DESMONTABLE,,,,,,,,,,,
,,,,,,,,,,,,,,
,,,,,,,,,,,,,,
,,,,,,,,,,,,,,
,EQ. BATA DESM. MOD. 726 CHARMIN CUELLO PLIZADO,,,,,,,,,,,,,
,,,,,,,,,,,,,,
,Clave:,,BD0726,,,,Existencia:,,0,,,,,
,,,,,,,,,,,,,,
,Departamento:,,BAUTIZO NIÑA,,,,Precio:,,$ 889.90,,,,,
,,,,,,,,,,,,,,
,Categoría:,,BATA DESMONTABLE,,,,,,,,,,,
,,,,,,,,,,,,,,
,,,,,,,,,,,,,,
,,,,,,,,,,,,,,
,EQ. BATA DESM. lARGO CHARLOTTE  C/PORTATRAJE Y VELA,,,,,,,,,,,,,
,,,,,,,,,,,,,,
,Clave:,,BD0738,,,,Existencia:,,0,,,,,
,,,,,,,,,,,,,,
,Departamento:,,BAUTIZO NIÑA,,,,Precio:,,"$ 2,699.90",,,,,
,,,,,,,,,,,,,,
,Categoría:,,BATA DESMONTABLE,,,,,,,,,,,
,,,,,,,,,,,,,,
,,,,,,,,,,,,,,
,,,,,,,,,,,,,,
,EQ. BATA DESM. TUL ILUSIÓN BORDADO PECHERA PLIZADA C/PORTATRAJE Y VELA,,,,,,,,,,,,,
,,,,,,,,,,,,,,
,Clave:,,BD0906,,,,Existencia:,,0,,,,,
,,,,,,,,,,,,,,
,Departamento:,,BAUTIZO NIÑA,,,,Precio:,,"$ 1,299.90",,,,,
,,,,,,,,,,,,,,
,Categoría:,,BATA DESMONTABLE,,,,,,,,,,,
,,,,,,,,,,,,,,
,,,,,,,,,,,,,,
,,,,,,,,,,,,,,
,EQ. BATA DESM. MOD. 2048 5353  ORGANZA,,,,,,,,,,,,,
,,,,,,,,,,,,,,
,Clave:,,BD1004,,,,Existencia:,,0,,,,,
,,,,,,,,,,,,,,
,Departamento:,,BAUTIZO NIÑA,,,,Precio:,,$ 639.90,,,,,
,,,,,,,,,,,,,,
,Categoría:,,BATA DESMONTABLE,,,,,,,,,,,
,,,,,,,,,,,,,,
,,,,,,,,,,,,,,
,,,,,,,,,,,,,,
,EQ. BATA DESM. MOD. 1010 CHARMIN HILO BORDADO,,,,,,,,,,,,,
,,,,,,,,,,,,,,
,Clave:,,BD1010,,,,Existencia:,,0,,,,,
,,,,,,,,,,,,,,
,Departamento:,,BAUTIZO NIÑA,,,,Precio:,,$ 839.90,,,,,
,,,,,,,,,,,,,,
,Categoría:,,BATA DESMONTABLE,,,,,,,,,,,
,,,,,,,,,,,,,,
,,,,,,,,,,,,,,
,,,,,,,,,,,,,,
,"EQ. BATA DESMONTABLE NASHIRA TUL LENTEJUELA VELA, TIARA Y C/PORTATRAJE",,,,,,,,,,,,,
,,,,,,,,,,,,,,
,Clave:,,BD1022,,,,Existencia:,,0,,,,,
,,,,,,,,,,,,,,
,Departamento:,,BAUTIZO NIÑA,,,,Precio:,,"$ 1,499.90",,,,,
,,,,,,,,,,,,,,
,Categoría:,,BATA DESMONTABLE,,,,,,,,,,,
,,,,,,,,,,,,,,
,,,,,,,,,,,,,,
,,,,,,,,,,,,,,
,EQ. BATA DESM. LUNA CON PORTATRAJE VELADIF90,,,,,,,,,,,,,
,,,,,,,,,,,,,,
,Clave:,,BD1143,,,,Existencia:,,0,,,,,
,,,,,,,,,,,,,,
,Departamento:,,BAUTIZO NIÑA,,,,Precio:,,$ 999.90,,,,,
,,,,,,,,,,,,,,
,Categoría:,,BATA DESMONTABLE,,,,,,,,,,,
,,,,,,,,,,,,,,
,,,,,,,,,,,,,,
,,,,,,,,,,,,,,
,EQ. BATA DESM. MAGDALENA  C/PORTATRAJE Y VELA,,,,,,,,,,,,,
,,,,,,,,,,,,,,
,Clave:,,BD1212,,,,Existencia:,,0,,,,,
,,,,,,,,,,,,,,
,Departamento:,,BAUTIZO NIÑA,,,,Precio:,,"$ 1,769.90",,,,,
,,,,,,,,,,,,,,
,Categoría:,,BATA DESMONTABLE,,,,,,,,,,,
,,,,,,,,,,,,,,
,,,,,,,,,,,,,,
,,,,,,,,,,,,,,
,"EQ. BATA DESM. ZEMIRA TUL ILUCION VELA, TIARA Y C/PORTATRAJE",,,,,,,,,,,,,
,,,,,,,,,,,,,,
,Clave:,,BD1502,,,,Existencia:,,0,,,,,
,,,,,,,,,,,,,,
,Departamento:,,BAUTIZO NIÑA,,,,Precio:,,"$ 1,599.90",,,,,
,,,,,,,,,,,,,,
,Categoría:,,BATA DESMONTABLE,,,,,,,,,,,
,,,,,,,,,,,,,,
,,,,,,,,,,,,,,
,,,,,,,,,,,,,,
,EQ. BATA DESM. MIA  C/PORTATRAJE Y VELA,,,,,,,,,,,,,
,,,,,,,,,,,,,,
,Clave:,,BD1711,,,,Existencia:,,0,,,,,
,,,,,,,,,,,,,,
,Departamento:,,BAUTIZO NIÑA,,,,Precio:,,"$ 1,699.90",,,,,
,,,,,,,,,,,,,,
,Categoría:,,BATA DESMONTABLE,,,,,,,,,,,
,,,,,,,,,,,,,,
,,,,,,,,,,,,,,
,,,,,,,,,,,,,,
,"EQ. BATA DESM. ZURI TUL APLICACION VELA, TIARA Y C/PORTATRAJE",,,,,,,,,,,,,
,,,,,,,,,,,,,,
,Clave:,,BD1985,,,,Existencia:,,0,,,,,
,,,,,,,,,,,,,,
,Departamento:,,BAUTIZO NIÑA,,,,Precio:,,"$ 1,599.90",,,,,
,,,,,,,,,,,,,,
,Categoría:,,BATA DESMONTABLE,,,,,,,,,,,
,,,,,,,,,,,,,,
,,,,,,,,,,,,,,
,,,,,,,,,,,,,,
,EQ. BATA DESM. TUL PERLA DIAMANTE C/PORTATRAJE Y VELA,,,,,,,,,,,,,
,,,,,,,,,,,,,,
,Clave:,,BD2212,,,,Existencia:,,0,,,,,
,,,,,,,,,,,,,,
,Departamento:,,BAUTIZO NIÑA,,,,Precio:,,"$ 1,399.90",,,,,
,,,,,,,,,,,,,,
,Categoría:,,BATA DESMONTABLE,,,,,,,,,,,
,,,,,,,,,,,,,,
,,,,,,,,,,,,,,
,,,,,,,,,,,,,,
,EQ. BATA DESM. ZARA TUL ILUSIÓN BORDADO PERLAS C/PORTATRAJE Y VELA,,,,,,,,,,,,,
,,,,,,,,,,,,,,
,Clave:,,BD2214,,,,Existencia:,,0,,,,,
,,,,,,,,,,,,,,
,Departamento:,,BAUTIZO NIÑA,,,,Precio:,,"$ 1,499.90",,,,,
,,,,,,,,,,,,,,
,Categoría:,,BATA DESMONTABLE,,,,,,,,,,,
,,,,,,,,,,,,,,
,,,,,,,,,,,,,,
,,,,,,,,,,,,,,
,EQ. BATA DESM. INGRID  C/PORTATRAJE Y VELA,,,,,,,,,,,,,
,,,,,,,,,,,,,,
,Clave:,,BD2312,,,,Existencia:,,0,,,,,
,,,,,,,,,,,,,,
,Departamento:,,BAUTIZO NIÑA,,,,Precio:,,"$ 1,699.90",,,,,
,,,,,,,,,,,,,,
,Categoría:,,BATA DESMONTABLE,,,,,,,,,,,
,,,,,,,,,,,,,,
,,,,,,,,,,,,,,
,,,,,,,,,,,,,,
,EQ. BATA DESM. LAUREL  C/PORTATRAJE Y VELA,,,,,,,,,,,,,
,,,,,,,,,,,,,,
,Clave:,,BD2424,,,,Existencia:,,0,,,,,
,,,,,,,,,,,,,,
,Departamento:,,BAUTIZO NIÑA,,,,Precio:,,"$ 1,699.90",,,,,
,,,,,,,,,,,,,,
,Categoría:,,BATA DESMONTABLE,,,,,,,,,,,
,,,,,,,,,,,,,,
,,,,,,,,,,,,,,
,,,,,,,,,,,,,,
,EQ. BATA DESM. LEONIE  C/PORTATRAJE GUIA  Y VELA,,,,,,,,,,,,,
,,,,,,,,,,,,,,
,Clave:,,BD2518,,,,Existencia:,,0,,,,,
,,,,,,,,,,,,,,
,Departamento:,,BAUTIZO NIÑA,,,,Precio:,,"$ 1,799.90",,,,,
,,,,,,,,,,,,,,
,Categoría:,,BATA DESMONTABLE,,,,,,,,,,,
,,,,,,,,,,,,,,
,,,,,,,,,,,,,,
,,,,,,,,,,,,,,
,EQ. BATA DESM. GIRASOL DIAMANTE C/PORTATRAJE Y VELA DIF90,,,,,,,,,,,,,
,,,,,,,,,,,,,,
,Clave:,,BD2536,,,,Existencia:,,140,,,,,
,,,,,,,,,,,,,,
,Departamento:,,BAUTIZO NIÑA,,,,Precio:,,"$ 1,299.90",,,,,
,,,,,,,,,,,,,,
,Categoría:,,BATA DESMONTABLE,,,,,,,,,,,
,,,,,,,,,,,,,,
,,,,,,,,,,,,,,
,,,,,,,,,,,,,,
,EQ. BATA DESM. MOD. 2930 CHARMIN MEDIA FALDA ORGANZA  BORDADA,,,,,,,,,,,,,
,,,,,,,,,,,,,,
,Clave:,,BD2930,,,,Existencia:,,0,,,,,
,,,,,,,,,,,,,,
,Departamento:,,BAUTIZO NIÑA,,,,Precio:,,$ 839.90,,,,,
,,,,,,,,,,,,,,
,Categoría:,,BATA DESMONTABLE,,,,,,,,,,,
,,,,,,,,,,,,,,
,,,,,,,,,,,,,,
,,,,,,,,,,,,,,
,EQ. BATA DESM. MOD. 711-777-1188-115-5000-7312-714-5353 CHARMIN PAZ,,,,,,,,,,,,,
,,,,,,,,,,,,,,
,Clave:,,BD3002,,,,Existencia:,,0,,,,,
,,,,,,,,,,,,,,
,Departamento:,,BAUTIZO NIÑA,,,,Precio:,,$ 839.90,,,,,
,,,,,,,,,,,,,,
,Categoría:,,BATA DESMONTABLE,,,,,,,,,,,
,,,,,,,,,,,,,,
,,,,,,,,,,,,,,
,,,,,,,,,,,,,,
,EQ. BATA DESM. MOD. 2525-2323-718-7776-5252-1143 CHARMIN LORE,,,,,,,,,,,,,
,,,,,,,,,,,,,,
,Clave:,,BD3004,,,,Existencia:,,0,,,,,
,,,,,,,,,,,,,,
,Departamento:,,BAUTIZO NIÑA,,,,Precio:,,$ 839.90,,,,,
,,,,,,,,,,,,,,
,Categoría:,,BATA DESMONTABLE,,,,,,,,,,,
,,,,,,,,,,,,,,
,,,,,,,,,,,,,,
,,,,,,,,,,,,,,
,EQ. BATA DESM. MOD. 4000 CHARMIN FIX,,,,,,,,,,,,,
,,,,,,,,,,,,,,
,Clave:,,BD3006,,,,Existencia:,,0,,,,,
,,,,,,,,,,,,,,
,Departamento:,,BAUTIZO NIÑA,,,,Precio:,,$ 819.90,,,,,
,,,,,,,,,,,,,,
,Categoría:,,BATA DESMONTABLE,,,,,,,,,,,
,,,,,,,,,,,,,,
,,,,,,,,,,,,,,
,,,,,,,,,,,,,,
,EQ. BATA DESM. CORAL PORTATRAJE DIFVELA90,,,,,,,,,,,,,
,,,,,,,,,,,,,,
,Clave:,,BD3008,,,,Existencia:,,0,,,,,
,,,,,,,,,,,,,,
,Departamento:,,BAUTIZO NIÑA,,,,Precio:,,$ 899.90,,,,,
,,,,,,,,,,,,,,
,Categoría:,,BATA DESMONTABLE,,,,,,,,,,,
,,,,,,,,,,,,,,
,,,,,,,,,,,,,,
,,,,,,,,,,,,,,
,EQ. BATA DESM. MOD. 3381 CHARMIN PERLERIA ALIN,,,,,,,,,,,,,
,,,,,,,,,,,,,,
,Clave:,,BD3381,,,,Existencia:,,0,,,,,
,,,,,,,,,,,,,,
,Departamento:,,BAUTIZO NIÑA,,,,Precio:,,$ 989.90,,,,,
,,,,,,,,,,,,,,
,Categoría:,,BATA DESMONTABLE,,,,,,,,,,,
,,,,,,,,,,,,,,
,,,,,,,,,,,,,,
,,,,,,,,,,,,,,
,EQ. BATA DESM. MOD. 3627 CHARMIN PLIZADA GUIPURE,,,,,,,,,,,,,
,,,,,,,,,,,,,,
,Clave:,,BD3627,,,,Existencia:,,0,,,,,
,,,,,,,,,,,,,,
,Departamento:,,BAUTIZO NIÑA,,,,Precio:,,$ 949.90,,,,,
,,,,,,,,,,,,,,
,Categoría:,,BATA DESMONTABLE,,,,,,,,,,,
,,,,,,,,,,,,,,
,,,,,,,,,,,,,,
,,,,,,,,,,,,,,
,EQ. BATA DESM. MOD. 4340 CHARMIN PLIZADA  GUIPURE,,,,,,,,,,,,,
,,,,,,,,,,,,,,
,Clave:,,BD4340,,,,Existencia:,,0,,,,,
,,,,,,,,,,,,,,
,Departamento:,,BAUTIZO NIÑA,,,,Precio:,,$ 899.90,,,,,
,,,,,,,,,,,,,,
,Categoría:,,BATA DESMONTABLE,,,,,,,,,,,
,,,,,,,,,,,,,,
,,,,,,,,,,,,,,
,,,,,,,,,,,,,,
,EQ. BATA DESM. MOD. 4346 CHARMIN ROMBO ESTRELLA CHAQUIRA,,,,,,,,,,,,,
,,,,,,,,,,,,,,
,Clave:,,BD4346,,,,Existencia:,,0,,,,,
,,,,,,,,,,,,,,
,Departamento:,,BAUTIZO NIÑA,,,,Precio:,,$ 839.90,,,,,
,,,,,,,,,,,,,,
,Categoría:,,BATA DESMONTABLE,,,,,,,,,,,
,,,,,,,,,,,,,,
,,,,,,,,,,,,,,
,,,,,,,,,,,,,,
,EQ. BATA DESM. MOD. 4560 CHARMIN DANESA ROMBO,,,,,,,,,,,,,
,,,,,,,,,,,,,,
,Clave:,,BD4560,,,,Existencia:,,0,,,,,
,,,,,,,,,,,,,,
,Departamento:,,BAUTIZO NIÑA,,,,Precio:,,$ 949.90,,,,,
,,,,,,,,,,,,,,
,Categoría:,,BATA DESMONTABLE,,,,,,,,,,,
,,,,,,,,,,,,,,
,,,,,,,,,,,,,,
,,,,,,,,,,,,,,
,EQ. BATA DESM. MOD. 5088 CHARMIN ROMBO FLOR PERLAS,,,,,,,,,,,,,
,,,,,,,,,,,,,,
,Clave:,,BD5088,,,,Existencia:,,0,,,,,
,,,,,,,,,,,,,,
,Departamento:,,BAUTIZO NIÑA,,,,Precio:,,$ 839.90,,,,,
,,,,,,,,,,,,,,
,Categoría:,,BATA DESMONTABLE,,,,,,,,,,,
,,,,,,,,,,,,,,
,,,,,,,,,,,,,,
,,,,,,,,,,,,,,
,EQ. BATA DESM. MOD. 5122 CHARMIN PICUETA GUIPUR,,,,,,,,,,,,,
,,,,,,,,,,,,,,
,Clave:,,BD5122,,,,Existencia:,,0,,,,,
,,,,,,,,,,,,,,
,Departamento:,,BAUTIZO NIÑA,,,,Precio:,,"$ 1,099.90",,,,,
,,,,,,,,,,,,,,
,Categoría:,,BATA DESMONTABLE,,,,,,,,,,,
,,,,,,,,,,,,,,
,,,,,,,,,,,,,,
,,,,,,,,,,,,,,
,EQ. BATA DESM. MOD. 5252 CHARMIN OLANES PORTATRAJE Y VELA DIF90,,,,,,,,,,,,,
,,,,,,,,,,,,,,
,Clave:,,BD5252,,,,Existencia:,,0,,,,,
,,,,,,,,,,,,,,
,Departamento:,,BAUTIZO NIÑA,,,,Precio:,,$ 899.90,,,,,
,,,,,,,,,,,,,,
,Categoría:,,BATA DESMONTABLE,,,,,,,,,,,
,,,,,,,,,,,,,,
,,,,,,,,,,,,,,
,,,,,,,,,,,,,,
,EQ. BATA DESM. MOD. 5353  ORGANZA,,,,,,,,,,,,,
,,,,,,,,,,,,,,
,Clave:,,BD5353,,,,Existencia:,,0,,,,,
,,,,,,,,,,,,,,
,Departamento:,,BAUTIZO NIÑA,,,,Precio:,,$ 639.90,,,,,
,,,,,,,,,,,,,,
,Categoría:,,BATA DESMONTABLE,,,,,,,,,,,
,,,,,,,,,,,,,,
,,,,,,,,,,,,,,
,,,,,,,,,,,,,,
,EQ. BATA DESM. MOD. 5959 CHARMIN BOMBIN FALDON CORTO,,,,,,,,,,,,,
,,,,,,,,,,,,,,
,Clave:,,BD5959,,,,Existencia:,,0,,,,,
,,,,,,,,,,,,,,
,Departamento:,,BAUTIZO NIÑA,,,,Precio:,,$ 839.90,,,,,
,,,,,,,,,,,,,,
,Categoría:,,BATA DESMONTABLE,,,,,,,,,,,
,,,,,,,,,,,,,,
,,,,,,,,,,,,,,
,,,,,,,,,,,,,,
,EQ. BATA DESM. MOD. 7333 CHARMIN FALDON CORTO ROSAL,,,,,,,,,,,,,
,,,,,,,,,,,,,,
,Clave:,,BD7333,,,,Existencia:,,0,,,,,
,,,,,,,,,,,,,,
,Departamento:,,BAUTIZO NIÑA,,,,Precio:,,$ 839.90,,,,,
,,,,,,,,,,,,,,
,Categoría:,,BATA DESMONTABLE,,,,,,,,,,,
,,,,,,,,,,,,,,
,,,,,,,,,,,,,,
,,,,,,,,,,,,,,
,EQ. BATA DESM. MOD. 7680 CHARMIN CARAMELO PORTATRAJE Y VELA DIF90,,,,,,,,,,,,,
,,,,,,,,,,,,,,
,Clave:,,BD7680,,,,Existencia:,,0,,,,,
,,,,,,,,,,,,,,
,Departamento:,,BAUTIZO NIÑA,,,,Precio:,,$ 899.90,,,,,
,,,,,,,,,,,,,,
,Categoría:,,BATA DESMONTABLE,,,,,,,,,,,
,,,,,,,,,,,,,,
,,,,,,,,,,,,,,
,,,,,,,,,,,,,,
,EQ. BATA DESM. MOD. 7817 CHARMIN FLORES HILO BORDADO,,,,,,,,,,,,,
,,,,,,,,,,,,,,
,Clave:,,BD7817,,,,Existencia:,,0,,,,,
,,,,,,,,,,,,,,
,Departamento:,,BAUTIZO NIÑA,,,,Precio:,,$ 989.90,,,,,
,,,,,,,,,,,,,,
,Categoría:,,BATA DESMONTABLE,,,,,,,,,,,
,,,,,,,,,,,,,,
,,,,,,,,,,,,,,
,,,,,,,,,,,,,,
,EQ. BATA DESM. CHARMIN ROSAL PERLAS C/PORTATRAJE,,,,,,,,,,,,,
,,,,,,,,,,,,,,
,Clave:,,BD7820,,,,Existencia:,,474,,,,,
,,,,,,,,,,,,,,
,Departamento:,,BAUTIZO NIÑA,,,,Precio:,,"$ 1,499.90",,,,,
,,,,,,,,,,,,,,
,Categoría:,,BATA DESMONTABLE,,,,,,,,,,,
,,,,,,,,,,,,,,
,,,,,,,,,,,,,,
,,,,,,,,,,,,,,
,EQ. BATA DESM. CHARMIN ROSAS COLA DE RATA C/PORTATRAJE,,,,,,,,,,,,,
,,,,,,,,,,,,,,
,Clave:,,BD7822,,,,Existencia:,,184,,,,,
,,,,,,,,,,,,,,
,Departamento:,,BAUTIZO NIÑA,,,,Precio:,,"$ 1,349.90",,,,,
,,,,,,,,,,,,,,
,Categoría:,,BATA DESMONTABLE,,,,,,,,,,,
,,,,,,,,,,,,,,
,,,,,,,,,,,,,,
,,,,,,,,,,,,,,
,EQ. BATA DESM. PECHERA LISTON TEJIDO PORTATRAJE DIFVELA90,,,,,,,,,,,,,
,,,,,,,,,,,,,,
,Clave:,,BD7890,,,,Existencia:,,0,,,,,
,,,,,,,,,,,,,,
,Departamento:,,BAUTIZO NIÑA,,,,Precio:,,$ 899.90,,,,,
,,,,,,,,,,,,,,
,Categoría:,,BATA DESMONTABLE,,,,,,,,,,,
,,,,,,,,,,,,,,
,,,,,,,,,,,,,,
,,,,,,,,,,,,,,
,EQ. BATA DESM. MOD. 7926 CHARMIN DIGINALES ROSAL,,,,,,,,,,,,,
,,,,,,,,,,,,,,
,Clave:,,BD7926,,,,Existencia:,,0,,,,,
,,,,,,,,,,,,,,
,Departamento:,,BAUTIZO NIÑA,,,,Precio:,,$ 839.90,,,,,
,,,,,,,,,,,,,,
,Categoría:,,BATA DESMONTABLE,,,,,,,,,,,
,,,,,,,,,,,,,,
,,,,,,,,,,,,,,
,,,,,,,,,,,,,,
,EQ. BATA DESM. VICTORIA LARGO  C/PORTATRAJE Y VELA,,,,,,,,,,,,,
,,,,,,,,,,,,,,
,Clave:,,BF8447,,,,Existencia:,,0,,,,,
,,,,,,,,,,,,,,
,Departamento:,,BAUTIZO NIÑA,,,,Precio:,,"$ 2,999.90",,,,,
,,,,,,,,,,,,,,
,Categoría:,,BATA DESMONTABLE,,,,,,,,,,,
,,,,,,,,,,,,,,
,,,,,,,,,,,,,,
,,,,,,,,,,,,,,
,EQ. BATA LEA ORGANZA,,,,,,,,,,,,,
,,,,,,,,,,,,,,
,Clave:,,BI9914,,,,Existencia:,,0,,,,,
,,,,,,,,,,,,,,
,Departamento:,,BAUTIZO NIÑA,,,,Precio:,,$ 649.90,,,,,
,,,,,,,,,,,,,,
,Categoría:,,BATA,,,,,,,,,,,
,,,,,,,,,,,,,,
,,,,,,,,,,,,,,
,,,,,,,,,,,,,,
,EQ. BATA C/CAPA MOD. 1001  RAZO BORDADA BC2002,,,,,,,,,,,,,
,,,,,,,,,,,,,,
,Clave:,,BK1001,,,,Existencia:,,0,,,,,
,,,,,,,,,,,,,,
,Departamento:,,BAUTIZO NIÑA,,,,Precio:,,$ 519.90,,,,,
,,,,,,,,,,,,,,
,Categoría:,,BATA C/CAPA,,,,,,,,,,,
,,,,,,,,,,,,,,
,,,,,,,,,,,,,,
,,,,,,,,,,,,,,
,LAZO MAX ECONOMICO,,,,,,,,,,,,,
,,,,,,,,,,,,,,
,Clave:,,BL0002,,,,Existencia:,,4,,,,,
,,,,,,,,,,,,,,
,Departamento:,,ACCESORIOS,,,,Precio:,,$ 189.90,,,,,
,,,,,,,,,,,,,,
,Categoría:,,BODA,,,,,,,,,,,
,,,,,,,,,,,,,,
,,,,,,,,,,,,,,
,,,,,,,,,,,,,,
,LAZO ZEUS MOD. 3-4-5,,,,,,,,,,,,,
,,,,,,,,,,,,,,
,Clave:,,BL0004,,,,Existencia:,,0,,,,,
,,,,,,,,,,,,,,
,Departamento:,,ACCESORIOS,,,,Precio:,,$ 350.00,,,,,
,,,,,,,,,,,,,,
,Categoría:,,BODA,,,,,,,,,,,
,,,,,,,,,,,,,,
,,,,,,,,,,,,,,
,,,,,,,,,,,,,,
,LAZO LIZ,,,,,,,,,,,,,
,,,,,,,,,,,,,,
,Clave:,,BL0006,,,,Existencia:,,17,,,,,
,,,,,,,,,,,,,,
,Departamento:,,ACCESORIOS,,,,Precio:,,$ 449.90,,,,,
,,,,,,,,,,,,,,
,Categoría:,,BODA,,,,,,,,,,,
,,,,,,,,,,,,,,
,,,,,,,,,,,,,,
,,,,,,,,,,,,,,
,LAZO COMBINADO,,,,,,,,,,,,,
,,,,,,,,,,,,,,
,Clave:,,BL0008,,,,Existencia:,,0,,,,,
,,,,,,,,,,,,,,
,Departamento:,,ACCESORIOS,,,,Precio:,,$ 539.90,,,,,
,,,,,,,,,,,,,,
,Categoría:,,BODA,,,,,,,,,,,
,,,,,,,,,,,,,,
,,,,,,,,,,,,,,
,,,,,,,,,,,,,,
,LAZO GALAXY MOD. 13,,,,,,,,,,,,,
,,,,,,,,,,,,,,
,Clave:,,BL0010,,,,Existencia:,,16,,,,,
,,,,,,,,,,,,,,
,Departamento:,,ACCESORIOS,,,,Precio:,,$ 369.90,,,,,
,,,,,,,,,,,,,,
,Categoría:,,BODA,,,,,,,,,,,
,,,,,,,,,,,,,,
,,,,,,,,,,,,,,
,,,,,,,,,,,,,,
,LAZO ROYAL,,,,,,,,,,,,,
,,,,,,,,,,,,,,
,Clave:,,BL0012,,,,Existencia:,,10,,,,,
,,,,,,,,,,,,,,
,Departamento:,,ACCESORIOS,,,,Precio:,,$ 619.90,,,,,
,,,,,,,,,,,,,,
,Categoría:,,BODA,,,,,,,,,,,
,,,,,,,,,,,,,,
,,,,,,,,,,,,,,
,,,,,,,,,,,,,,
,LAZO OMEGA,,,,,,,,,,,,,
,,,,,,,,,,,,,,
,Clave:,,BL0014,,,,Existencia:,,20,,,,,
,,,,,,,,,,,,,,
,Departamento:,,ACCESORIOS,,,,Precio:,,$ 399.90,,,,,
,,,,,,,,,,,,,,
,Categoría:,,BODA,,,,,,,,,,,
,,,,,,,,,,,,,,
,,,,,,,,,,,,,,
,,,,,,,,,,,,,,
,LAZO GAMA MOD. 35-11-702-32,,,,,,,,,,,,,
,,,,,,,,,,,,,,
,Clave:,,BL0016,,,,Existencia:,,0,,,,,
,,,,,,,,,,,,,,
,Departamento:,,ACCESORIOS,,,,Precio:,,$ 299.90,,,,,
,,,,,,,,,,,,,,
,Categoría:,,BODA,,,,,,,,,,,
,,,,,,,,,,,,,,
,,,,,,,,,,,,,,
,,,,,,,,,,,,,,
,LAZO LUCERO MOD. 33-66-96-97,,,,,,,,,,,,,
,,,,,,,,,,,,,,
,Clave:,,BL0018,,,,Existencia:,,0,,,,,
,,,,,,,,,,,,,,
,Departamento:,,ACCESORIOS,,,,Precio:,,$ 449.90,,,,,
,,,,,,,,,,,,,,
,Categoría:,,BODA,,,,,,,,,,,
,,,,,,,,,,,,,,
,,,,,,,,,,,,,,
,,,,,,,,,,,,,,
,LAZO MIZAR MOD. 17-34-42-63-7-2,,,,,,,,,,,,,
,,,,,,,,,,,,,,
,Clave:,,BL0020,,,,Existencia:,,0,,,,,
,,,,,,,,,,,,,,
,Departamento:,,ACCESORIOS,,,,Precio:,,$ 599.90,,,,,
,,,,,,,,,,,,,,
,Categoría:,,BODA,,,,,,,,,,,
,,,,,,,,,,,,,,
,,,,,,,,,,,,,,
,,,,,,,,,,,,,,
,LAZO ESCALA,,,,,,,,,,,,,
,,,,,,,,,,,,,,
,Clave:,,BL0022,,,,Existencia:,,0,,,,,
,,,,,,,,,,,,,,
,Departamento:,,ACCESORIOS,,,,Precio:,,$ 789.90,,,,,
,,,,,,,,,,,,,,
,Categoría:,,BODA,,,,,,,,,,,
,,,,,,,,,,,,,,
,,,,,,,,,,,,,,
,,,,,,,,,,,,,,
,LAZO LAGRIMA MOD.  15-19-25,,,,,,,,,,,,,
,,,,,,,,,,,,,,
,Clave:,,BL0024,,,,Existencia:,,0,,,,,
,,,,,,,,,,,,,,
,Departamento:,,ACCESORIOS,,,,Precio:,,$ 299.90,,,,,
,,,,,,,,,,,,,,
,Categoría:,,BODA,,,,,,,,,,,
,,,,,,,,,,,,,,
,,,,,,,,,,,,,,
,,,,,,,,,,,,,,
,LAZO CUARZO MOD. 633-65,,,,,,,,,,,,,
,,,,,,,,,,,,,,
,Clave:,,BL0026,,,,Existencia:,,0,,,,,
,,,,,,,,,,,,,,
,Departamento:,,ACCESORIOS,,,,Precio:,,$ 509.90,,,,,
,,,,,,,,,,,,,,
,Categoría:,,BODA,,,,,,,,,,,
,,,,,,,,,,,,,,
,,,,,,,,,,,,,,
,,,,,,,,,,,,,,
,LAZO ESFERA DIAMANTES MOD. 94-93-89-95,,,,,,,,,,,,,
,,,,,,,,,,,,,,
,Clave:,,BL0028,,,,Existencia:,,0,,,,,
,,,,,,,,,,,,,,
,Departamento:,,ACCESORIOS,,,,Precio:,,$ 899.90,,,,,
,,,,,,,,,,,,,,
,Categoría:,,BODA,,,,,,,,,,,
,,,,,,,,,,,,,,
,,,,,,,,,,,,,,
,,,,,,,,,,,,,,
,LAZO ROMANO CRISTAL MOD. 87-42-84,,,,,,,,,,,,,
,,,,,,,,,,,,,,
,Clave:,,BL0030,,,,Existencia:,,0,,,,,
,,,,,,,,,,,,,,
,Departamento:,,ACCESORIOS,,,,Precio:,,$ 709.90,,,,,
,,,,,,,,,,,,,,
,Categoría:,,BODA,,,,,,,,,,,
,,,,,,,,,,,,,,
,,,,,,,,,,,,,,
,,,,,,,,,,,,,,
,EQ. BATA MOD. 287  ROSAL,,,,,,,,,,,,,
,,,,,,,,,,,,,,
,Clave:,,BM0287,,,,Existencia:,,0,,,,,
,,,,,,,,,,,,,,
,Departamento:,,BAUTIZO NIÑA,,,,Precio:,,$ 649.90,,,,,
,,,,,,,,,,,,,,
,Categoría:,,BATA,,,,,,,,,,,
,,,,,,,,,,,,,,
,,,,,,,,,,,,,,
,,,,,,,,,,,,,,
,EQ. BATA MOD. 576 ALGODON TIRA,,,,,,,,,,,,,
,,,,,,,,,,,,,,
,Clave:,,BM0576,,,,Existencia:,,0,,,,,
,,,,,,,,,,,,,,
,Departamento:,,BAUTIZO NIÑA,,,,Precio:,,$ 389.90,,,,,
,,,,,,,,,,,,,,
,Categoría:,,BATA,,,,,,,,,,,
,,,,,,,,,,,,,,
,,,,,,,,,,,,,,
,,,,,,,,,,,,,,
,EQ. BATA MOD. 725 ALGODON OLANES,,,,,,,,,,,,,
,,,,,,,,,,,,,,
,Clave:,,BM0725,,,,Existencia:,,0,,,,,
,,,,,,,,,,,,,,
,Departamento:,,BAUTIZO NIÑA,,,,Precio:,,$ 419.90,,,,,
,,,,,,,,,,,,,,
,Categoría:,,BATA,,,,,,,,,,,
,,,,,,,,,,,,,,
,,,,,,,,,,,,,,
,,,,,,,,,,,,,,
,EQ. BATA CHARMIN GUIA CRISTAL VELADIF70,,,,,,,,,,,,,
,,,,,,,,,,,,,,
,Clave:,,BM3022,,,,Existencia:,,0,,,,,
,,,,,,,,,,,,,,
,Departamento:,,BAUTIZO NIÑA,,,,Precio:,,$ 849.90,,,,,
,,,,,,,,,,,,,,
,Categoría:,,BATA,,,,,,,,,,,
,,,,,,,,,,,,,,
,,,,,,,,,,,,,,
,,,,,,,,,,,,,,
,EQ. BATA MOD. 4340 CHARMIN ENSAMBLADA PLIZADA,,,,,,,,,,,,,
,,,,,,,,,,,,,,
,Clave:,,BM4340,,,,Existencia:,,0,,,,,
,,,,,,,,,,,,,,
,Departamento:,,BAUTIZO NIÑA,,,,Precio:,,$ 659.90,,,,,
,,,,,,,,,,,,,,
,Categoría:,,BATA,,,,,,,,,,,
,,,,,,,,,,,,,,
,,,,,,,,,,,,,,
,,,,,,,,,,,,,,
,EQ. BATA CHARMIN GUIA CRISTAL VELADIF70 BN3002,,,,,,,,,,,,,
,,,,,,,,,,,,,,
,Clave:,,BM7312,,,,Existencia:,,0,,,,,
,,,,,,,,,,,,,,
,Departamento:,,BAUTIZO NIÑA,,,,Precio:,,$ 849.90,,,,,
,,,,,,,,,,,,,,
,Categoría:,,BATA,,,,,,,,,,,
,,,,,,,,,,,,,,
,,,,,,,,,,,,,,
,,,,,,,,,,,,,,
,EQ. BATA MOD. 7890 CHARMIN ENSAMBLADA REGILLA,,,,,,,,,,,,,
,,,,,,,,,,,,,,
,Clave:,,BM7890,,,,Existencia:,,0,,,,,
,,,,,,,,,,,,,,
,Departamento:,,BAUTIZO NIÑA,,,,Precio:,,$ 659.90,,,,,
,,,,,,,,,,,,,,
,Categoría:,,BATA,,,,,,,,,,,
,,,,,,,,,,,,,,
,,,,,,,,,,,,,,
,,,,,,,,,,,,,,
,EQ. BATA VIOLETA ORGANZA OLANES,,,,,,,,,,,,,
,,,,,,,,,,,,,,
,Clave:,,BN0028,,,,Existencia:,,0,,,,,
,,,,,,,,,,,,,,
,Departamento:,,BAUTIZO NIÑA,,,,Precio:,,$ 569.90,,,,,
,,,,,,,,,,,,,,
,Categoría:,,BATA,,,,,,,,,,,
,,,,,,,,,,,,,,
,,,,,,,,,,,,,,
,,,,,,,,,,,,,,
,EQ. BATA DESTELLO OLAN LENTEJUELA,,,,,,,,,,,,,
,,,,,,,,,,,,,,
,Clave:,,BN0147,,,,Existencia:,,0,,,,,
,,,,,,,,,,,,,,
,Departamento:,,BAUTIZO NIÑA,,,,Precio:,,$ 589.90,,,,,
,,,,,,,,,,,,,,
,Categoría:,,BATA,,,,,,,,,,,
,,,,,,,,,,,,,,
,,,,,,,,,,,,,,
,,,,,,,,,,,,,,
,EQ. BATA TUL ILUSIÓN CASANDRA PERLAS C/PORTATRAJE,,,,,,,,,,,,,
,,,,,,,,,,,,,,
,Clave:,,BN0203,,,,Existencia:,,0,,,,,
,,,,,,,,,,,,,,
,Departamento:,,BAUTIZO NIÑA,,,,Precio:,,$ 999.90,,,,,
,,,,,,,,,,,,,,
,Categoría:,,BATA,,,,,,,,,,,
,,,,,,,,,,,,,,
,,,,,,,,,,,,,,
,,,,,,,,,,,,,,
,"EQ. BATA AZAHARA VELA, TIARA Y C/PORTATRAJE",,,,,,,,,,,,,
,,,,,,,,,,,,,,
,Clave:,,BN0402,,,,Existencia:,,0,,,,,
,,,,,,,,,,,,,,
,Departamento:,,BAUTIZO NIÑA,,,,Precio:,,"$ 1,269.90",,,,,
,,,,,,,,,,,,,,
,Categoría:,,BATA DESMONTABLE,,,,,,,,,,,
,,,,,,,,,,,,,,
,,,,,,,,,,,,,,
,,,,,,,,,,,,,,
,EQ. BATA TUL ILUSIÓN BORDADA PECHERA PLIZADA C/PORTATRAJE,,,,,,,,,,,,,
,,,,,,,,,,,,,,
,Clave:,,BN0906,,,,Existencia:,,0,,,,,
,,,,,,,,,,,,,,
,Departamento:,,BAUTIZO NIÑA,,,,Precio:,,$ 999.90,,,,,
,,,,,,,,,,,,,,
,Categoría:,,BATA DESMONTABLE,,,,,,,,,,,
,,,,,,,,,,,,,,
,,,,,,,,,,,,,,
,,,,,,,,,,,,,,
,EQ. BATA DUQUESA CIRCULAR,,,,,,,,,,,,,
,,,,,,,,,,,,,,
,Clave:,,BN1011,,,,Existencia:,,270,,,,,
,,,,,,,,,,,,,,
,Departamento:,,BAUTIZO NIÑA,,,,Precio:,,$ 419.90,,,,,
,,,,,,,,,,,,,,
,Categoría:,,BATA,,,,,,,,,,,
,,,,,,,,,,,,,,
,,,,,,,,,,,,,,
,,,,,,,,,,,,,,
,EQ. BATA MOD. 3053 PELUCHE,,,,,,,,,,,,,
,,,,,,,,,,,,,,
,Clave:,,BN1012,,,,Existencia:,,0,,,,,
,,,,,,,,,,,,,,
,Departamento:,,BAUTIZO NIÑA,,,,Precio:,,$ 569.90,,,,,
,,,,,,,,,,,,,,
,Categoría:,,BATA,,,,,,,,,,,
,,,,,,,,,,,,,,
,,,,,,,,,,,,,,
,,,,,,,,,,,,,,
,EQ. BATA PANAL,,,,,,,,,,,,,
,,,,,,,,,,,,,,
,Clave:,,BN1014,,,,Existencia:,,120,,,,,
,,,,,,,,,,,,,,
,Departamento:,,BAUTIZO NIÑA,,,,Precio:,,$ 339.90,,,,,
,,,,,,,,,,,,,,
,Categoría:,,BATA,,,,,,,,,,,
,,,,,,,,,,,,,,
,,,,,,,,,,,,,,
,,,,,,,,,,,,,,
,EQ. BATA COMETA CRISTAL,,,,,,,,,,,,,
,,,,,,,,,,,,,,
,Clave:,,BN1022,,,,Existencia:,,0,,,,,
,,,,,,,,,,,,,,
,Departamento:,,BAUTIZO NIÑA,,,,Precio:,,$ 529.90,,,,,
,,,,,,,,,,,,,,
,Categoría:,,BATA,,,,,,,,,,,
,,,,,,,,,,,,,,
,,,,,,,,,,,,,,
,,,,,,,,,,,,,,
,EQ. BATA LUNA PERLITAS,,,,,,,,,,,,,
,,,,,,,,,,,,,,
,Clave:,,BN1024,,,,Existencia:,,0,,,,,
,,,,,,,,,,,,,,
,Departamento:,,BAUTIZO NIÑA,,,,Precio:,,$ 529.90,,,,,
,,,,,,,,,,,,,,
,Categoría:,,BATA,,,,,,,,,,,
,,,,,,,,,,,,,,
,,,,,,,,,,,,,,
,,,,,,,,,,,,,,
,EQ. BATA ESTRELLA ORGANZA OLANES,,,,,,,,,,,,,
,,,,,,,,,,,,,,
,Clave:,,BN1026,,,,Existencia:,,0,,,,,
,,,,,,,,,,,,,,
,Departamento:,,BAUTIZO NIÑA,,,,Precio:,,$ 479.90,,,,,
,,,,,,,,,,,,,,
,Categoría:,,BATA,,,,,,,,,,,
,,,,,,,,,,,,,,
,,,,,,,,,,,,,,
,,,,,,,,,,,,,,
,EQ. BATA GABY OLAN,,,,,,,,,,,,,
,,,,,,,,,,,,,,
,Clave:,,BN1088,,,,Existencia:,,90,,,,,
,,,,,,,,,,,,,,
,Departamento:,,BAUTIZO NIÑA,,,,Precio:,,$ 489.90,,,,,
,,,,,,,,,,,,,,
,Categoría:,,BATA,,,,,,,,,,,
,,,,,,,,,,,,,,
,,,,,,,,,,,,,,
,,,,,,,,,,,,,,
,EQ. BATA MAGDALENA  C/PORTATRAJE Y VELA,,,,,,,,,,,,,
,,,,,,,,,,,,,,
,Clave:,,BN1212,,,,Existencia:,,0,,,,,
,,,,,,,,,,,,,,
,Departamento:,,BAUTIZO NIÑA,,,,Precio:,,"$ 1,269.90",,,,,
,,,,,,,,,,,,,,
,Categoría:,,BATA DESMONTABLE,,,,,,,,,,,
,,,,,,,,,,,,,,
,,,,,,,,,,,,,,
,,,,,,,,,,,,,,
,EQ. BATA MOD. 1321 MANTA ESCALERA,,,,,,,,,,,,,
,,,,,,,,,,,,,,
,Clave:,,BN1321,,,,Existencia:,,0,,,,,
,,,,,,,,,,,,,,
,Departamento:,,BAUTIZO NIÑA,,,,Precio:,,$ 465.90,,,,,
,,,,,,,,,,,,,,
,Categoría:,,BATA,,,,,,,,,,,
,,,,,,,,,,,,,,
,,,,,,,,,,,,,,
,,,,,,,,,,,,,,
,"EQ. BATA ZEMIRA TUL ILUSION VELA, TIARA Y C/PORTATRAJE",,,,,,,,,,,,,
,,,,,,,,,,,,,,
,Clave:,,BN1502,,,,Existencia:,,0,,,,,
,,,,,,,,,,,,,,
,Departamento:,,BAUTIZO NIÑA,,,,Precio:,,"$ 1,229.90",,,,,
,,,,,,,,,,,,,,
,Categoría:,,BATA DESMONTABLE,,,,,,,,,,,
,,,,,,,,,,,,,,
,,,,,,,,,,,,,,
,,,,,,,,,,,,,,
,EQ. BATA CAMILA TUL APLICACION  C/PORTATRAJE TIARA Y VELA,,,,,,,,,,,,,
,,,,,,,,,,,,,,
,Clave:,,BN1616,,,,Existencia:,,0,,,,,
,,,,,,,,,,,,,,
,Departamento:,,BAUTIZO NIÑA,,,,Precio:,,"$ 1,199.90",,,,,
,,,,,,,,,,,,,,
,Categoría:,,BATA DESMONTABLE,,,,,,,,,,,
,,,,,,,,,,,,,,
,,,,,,,,,,,,,,
,,,,,,,,,,,,,,
,"EQ. BATA FALDON DANEZ TUL LENTEJUELA VELA, TIARA Y C/PORTATRAJE",,,,,,,,,,,,,
,,,,,,,,,,,,,,
,Clave:,,BN1619,,,,Existencia:,,0,,,,,
,,,,,,,,,,,,,,
,Departamento:,,BAUTIZO NIÑA,,,,Precio:,,"$ 1,069.90",,,,,
,,,,,,,,,,,,,,
,Categoría:,,BATA DESMONTABLE,,,,,,,,,,,
,,,,,,,,,,,,,,
,,,,,,,,,,,,,,
,,,,,,,,,,,,,,
,EQ. BATA MOD. 1912 PELLISCO  BN1002,,,,,,,,,,,,,
,,,,,,,,,,,,,,
,Clave:,,BN1912,,,,Existencia:,,446,,,,,
,,,,,,,,,,,,,,
,Departamento:,,BAUTIZO NIÑA,,,,Precio:,,$ 699.90,,,,,
,,,,,,,,,,,,,,
,Categoría:,,BATA,,,,,,,,,,,
,,,,,,,,,,,,,,
,,,,,,,,,,,,,,
,,,,,,,,,,,,,,
,EQ. BATA MOD. 1923 MANGA OLAN GUIPUR BN1004,,,,,,,,,,,,,
,,,,,,,,,,,,,,
,Clave:,,BN1923,,,,Existencia:,,98,,,,,
,,,,,,,,,,,,,,
,Departamento:,,BAUTIZO NIÑA,,,,Precio:,,$ 739.90,,,,,
,,,,,,,,,,,,,,
,Categoría:,,BATA,,,,,,,,,,,
,,,,,,,,,,,,,,
,,,,,,,,,,,,,,
,,,,,,,,,,,,,,
,"EQ. BATA ZURI TUL APLICACION VELA, TIARA Y C/PORTATRAJE",,,,,,,,,,,,,
,,,,,,,,,,,,,,
,Clave:,,BN1985,,,,Existencia:,,0,,,,,
,,,,,,,,,,,,,,
,Departamento:,,BAUTIZO NIÑA,,,,Precio:,,"$ 1,229.90",,,,,
,,,,,,,,,,,,,,
,Categoría:,,BATA DESMONTABLE,,,,,,,,,,,
,,,,,,,,,,,,,,
,,,,,,,,,,,,,,
,,,,,,,,,,,,,,
,EQ. BATA BROCADA,,,,,,,,,,,,,
,,,,,,,,,,,,,,
,Clave:,,BN2006,,,,Existencia:,,208,,,,,
,,,,,,,,,,,,,,
,Departamento:,,BAUTIZO NIÑA,,,,Precio:,,$ 489.90,,,,,
,,,,,,,,,,,,,,
,Categoría:,,BATA,,,,,,,,,,,
,,,,,,,,,,,,,,
,,,,,,,,,,,,,,
,,,,,,,,,,,,,,
,EQ. BATA CANASTA ECONOMICA RAZO Ó ORGANZA,,,,,,,,,,,,,
,,,,,,,,,,,,,,
,Clave:,,BN2008,,,,Existencia:,,0,,,,,
,,,,,,,,,,,,,,
,Departamento:,,BAUTIZO NIÑA,,,,Precio:,,$ 529.90,,,,,
,,,,,,,,,,,,,,
,Categoría:,,BATA,,,,,,,,,,,
,,,,,,,,,,,,,,
,,,,,,,,,,,,,,
,,,,,,,,,,,,,,
,EQ. BATA TUL ILUSIÓN PANAL MOÑO C/PORTATRAJE,,,,,,,,,,,,,
,,,,,,,,,,,,,,
,Clave:,,BN2210,,,,Existencia:,,0,,,,,
,,,,,,,,,,,,,,
,Departamento:,,BAUTIZO NIÑA,,,,Precio:,,$ 999.90,,,,,
,,,,,,,,,,,,,,
,Categoría:,,BATA DESMONTABLE,,,,,,,,,,,
,,,,,,,,,,,,,,
,,,,,,,,,,,,,,
,,,,,,,,,,,,,,
,EQ. BATA TUL PERLA DIAMANTE C/PORTATRAJE,,,,,,,,,,,,,
,,,,,,,,,,,,,,
,Clave:,,BN2212,,,,Existencia:,,0,,,,,
,,,,,,,,,,,,,,
,Departamento:,,BAUTIZO NIÑA,,,,Precio:,,"$ 1,099.90",,,,,
,,,,,,,,,,,,,,
,Categoría:,,BATA DESMONTABLE,,,,,,,,,,,
,,,,,,,,,,,,,,
,,,,,,,,,,,,,,
,,,,,,,,,,,,,,
,EQ. BATA ZARA TUL ILUSIÓN BORDADO PERLAS C/PORTATRAJE,,,,,,,,,,,,,
,,,,,,,,,,,,,,
,Clave:,,BN2214,,,,Existencia:,,0,,,,,
,,,,,,,,,,,,,,
,Departamento:,,BAUTIZO NIÑA,,,,Precio:,,"$ 1,199.90",,,,,
,,,,,,,,,,,,,,
,Categoría:,,BATA DESMONTABLE,,,,,,,,,,,
,,,,,,,,,,,,,,
,,,,,,,,,,,,,,
,,,,,,,,,,,,,,
,EQ. BATA ENCAJE FLORAL C/PORTATRAJE,,,,,,,,,,,,,
,,,,,,,,,,,,,,
,Clave:,,BN2219,,,,Existencia:,,0,,,,,
,,,,,,,,,,,,,,
,Departamento:,,BAUTIZO NIÑA,,,,Precio:,,$ 999.90,,,,,
,,,,,,,,,,,,,,
,Categoría:,,BATA DESMONTABLE,,,,,,,,,,,
,,,,,,,,,,,,,,
,,,,,,,,,,,,,,
,,,,,,,,,,,,,,
,EQ. BATA PILAR TUL APLICACION  C/PORTATRAJE Y VELA,,,,,,,,,,,,,
,,,,,,,,,,,,,,
,Clave:,,BN2222,,,,Existencia:,,0,,,,,
,,,,,,,,,,,,,,
,Departamento:,,BAUTIZO NIÑA,,,,Precio:,,$ 999.90,,,,,
,,,,,,,,,,,,,,
,Categoría:,,BATA DESMONTABLE,,,,,,,,,,,
,,,,,,,,,,,,,,
,,,,,,,,,,,,,,
,,,,,,,,,,,,,,
,"EQ. BATA INGRID  VELA, TIARA Y C/PORTATRAJE",,,,,,,,,,,,,
,,,,,,,,,,,,,,
,Clave:,,BN2312,,,,Existencia:,,0,,,,,
,,,,,,,,,,,,,,
,Departamento:,,BAUTIZO NIÑA,,,,Precio:,,"$ 1,229.90",,,,,
,,,,,,,,,,,,,,
,Categoría:,,BATA DESMONTABLE,,,,,,,,,,,
,,,,,,,,,,,,,,
,,,,,,,,,,,,,,
,,,,,,,,,,,,,,
,EQ. BATA MOD. 3006 FALDON DESMONTABLE ORGANZA BN1006,,,,,,,,,,,,,
,,,,,,,,,,,,,,
,Clave:,,BN3006,,,,Existencia:,,342,,,,,
,,,,,,,,,,,,,,
,Departamento:,,BAUTIZO NIÑA,,,,Precio:,,$ 609.90,,,,,
,,,,,,,,,,,,,,
,Categoría:,,BATA,,,,,,,,,,,
,,,,,,,,,,,,,,
,,,,,,,,,,,,,,
,,,,,,,,,,,,,,
,EQ. BATA MOD. 3040 ORGANZA ENSAMBLADA  BN1008,,,,,,,,,,,,,
,,,,,,,,,,,,,,
,Clave:,,BN3040,,,,Existencia:,,342,,,,,
,,,,,,,,,,,,,,
,Departamento:,,BAUTIZO NIÑA,,,,Precio:,,$ 739.90,,,,,
,,,,,,,,,,,,,,
,Categoría:,,BATA,,,,,,,,,,,
,,,,,,,,,,,,,,
,,,,,,,,,,,,,,
,,,,,,,,,,,,,,
,EQ. BATA MOD. 3053 PELUCHE,,,,,,,,,,,,,
,,,,,,,,,,,,,,
,Clave:,,BN3053,,,,Existencia:,,0,,,,,
,,,,,,,,,,,,,,
,Departamento:,,BAUTIZO NIÑA,,,,Precio:,,$ 569.90,,,,,
,,,,,,,,,,,,,,
,Categoría:,,BATA,,,,,,,,,,,
,,,,,,,,,,,,,,
,,,,,,,,,,,,,,
,,,,,,,,,,,,,,
,EQ. BATA MOD. 1321 MANTA ESCALERA,,,,,,,,,,,,,
,,,,,,,,,,,,,,
,Clave:,,BN4006,,,,Existencia:,,0,,,,,
,,,,,,,,,,,,,,
,Departamento:,,BAUTIZO NIÑA,,,,Precio:,,$ 465.90,,,,,
,,,,,,,,,,,,,,
,Categoría:,,BATA,,,,,,,,,,,
,,,,,,,,,,,,,,
,,,,,,,,,,,,,,
,,,,,,,,,,,,,,
,EQ. BATA MOD. 4340  PLIZADA CHARMIN,,,,,,,,,,,,,
,,,,,,,,,,,,,,
,Clave:,,BN4340,,,,Existencia:,,0,,,,,
,,,,,,,,,,,,,,
,Departamento:,,BAUTIZO NIÑA,,,,Precio:,,$ 649.90,,,,,
,,,,,,,,,,,,,,
,Categoría:,,BATA,,,,,,,,,,,
,,,,,,,,,,,,,,
,,,,,,,,,,,,,,
,,,,,,,,,,,,,,
,EQ. BATA MOD. 7820  ROSAL CHARMIN,,,,,,,,,,,,,
,,,,,,,,,,,,,,
,Clave:,,BN7820,,,,Existencia:,,602,,,,,
,,,,,,,,,,,,,,
,Departamento:,,BAUTIZO NIÑA,,,,Precio:,,$ 699.90,,,,,
,,,,,,,,,,,,,,
,Categoría:,,BATA,,,,,,,,,,,
,,,,,,,,,,,,,,
,,,,,,,,,,,,,,
,,,,,,,,,,,,,,
,EQ. BATA MOD. 7822  ROSAS COLA DE RATA CHARMIN,,,,,,,,,,,,,
,,,,,,,,,,,,,,
,Clave:,,BN7822,,,,Existencia:,,311,,,,,
,,,,,,,,,,,,,,
,Departamento:,,BAUTIZO NIÑA,,,,Precio:,,$ 699.90,,,,,
,,,,,,,,,,,,,,
,Categoría:,,BATA,,,,,,,,,,,
,,,,,,,,,,,,,,
,,,,,,,,,,,,,,
,,,,,,,,,,,,,,
,EQ. BATA ABRIL ENCAJE C/TUL,,,,,,,,,,,,,
,,,,,,,,,,,,,,
,Clave:,,BN9001,,,,Existencia:,,0,,,,,
,,,,,,,,,,,,,,
,Departamento:,,BAUTIZO NIÑA,,,,Precio:,,$ 799.90,,,,,
,,,,,,,,,,,,,,
,Categoría:,,BATA,,,,,,,,,,,
,,,,,,,,,,,,,,
,,,,,,,,,,,,,,
,,,,,,,,,,,,,,
,EQ. BATA OLIVIA,,,,,,,,,,,,,
,,,,,,,,,,,,,,
,Clave:,,BN9003,,,,Existencia:,,0,,,,,
,,,,,,,,,,,,,,
,Departamento:,,BAUTIZO NIÑA,,,,Precio:,,$ 849.90,,,,,
,,,,,,,,,,,,,,
,Categoría:,,BATA,,,,,,,,,,,
,,,,,,,,,,,,,,
,,,,,,,,,,,,,,
,,,,,,,,,,,,,,
,EQ. BATA DESM. MOD. 1140 ORGANZA GALON,,,,,,,,,,,,,
,,,,,,,,,,,,,,
,Clave:,,BO1140,,,,Existencia:,,0,,,,,
,,,,,,,,,,,,,,
,Departamento:,,BAUTIZO NIÑA,,,,Precio:,,$ 629.90,,,,,
,,,,,,,,,,,,,,
,Categoría:,,BATA DESMONTABLE,,,,,,,,,,,
,,,,,,,,,,,,,,
,,,,,,,,,,,,,,
,,,,,,,,,,,,,,
,EQ. BATA DESM. MOD. 5454 ORGANZA MANGA PLIZADA,,,,,,,,,,,,,
,,,,,,,,,,,,,,
,Clave:,,BO5454,,,,Existencia:,,0,,,,,
,,,,,,,,,,,,,,
,Departamento:,,BAUTIZO NIÑA,,,,Precio:,,$ 579.00,,,,,
,,,,,,,,,,,,,,
,Categoría:,,BATA DESMONTABLE,,,,,,,,,,,
,,,,,,,,,,,,,,
,,,,,,,,,,,,,,
,,,,,,,,,,,,,,
,EQ. BATA DESM. MOD. 6565 ORGANZA LISTONIADA,,,,,,,,,,,,,
,,,,,,,,,,,,,,
,Clave:,,BO6565,,,,Existencia:,,0,,,,,
,,,,,,,,,,,,,,
,Departamento:,,BAUTIZO NIÑA,,,,Precio:,,$ 579.00,,,,,
,,,,,,,,,,,,,,
,Categoría:,,BATA DESMONTABLE,,,,,,,,,,,
,,,,,,,,,,,,,,
,,,,,,,,,,,,,,
,,,,,,,,,,,,,,
,EQ. BATA PATRICIA 0 AL 3 COLA PATO M120 BEBE,,,,,,,,,,,,,
,,,,,,,,,,,,,,
,Clave:,,BR9120,,,,Existencia:,,0,,,,,
,,,,,,,,,,,,,,
,Departamento:,,BAUTIZO NIÑA,,,,Precio:,,$ 839.90,,,,,
,,,,,,,,,,,,,,
,Categoría:,,BATA,,,,,,,,,,,
,,,,,,,,,,,,,,
,,,,,,,,,,,,,,
,,,,,,,,,,,,,,
,EQ. MOD. BS8001 BATA RACIMO TUL,,,,,,,,,,,,,
,,,,,,,,,,,,,,
,Clave:,,BS8001,,,,Existencia:,,0,,,,,
,,,,,,,,,,,,,,
,Departamento:,,BAUTIZO NIÑA,,,,Precio:,,$ 469.90,,,,,
,,,,,,,,,,,,,,
,Categoría:,,BATA,,,,,,,,,,,
,,,,,,,,,,,,,,
,,,,,,,,,,,,,,
,,,,,,,,,,,,,,
,EQ. MOD. BS8003 BATA ROCOCO,,,,,,,,,,,,,
,,,,,,,,,,,,,,
,Clave:,,BS8003,,,,Existencia:,,0,,,,,
,,,,,,,,,,,,,,
,Departamento:,,BAUTIZO NIÑA,,,,Precio:,,$ 449.90,,,,,
,,,,,,,,,,,,,,
,Categoría:,,BATA,,,,,,,,,,,
,,,,,,,,,,,,,,
,,,,,,,,,,,,,,
,,,,,,,,,,,,,,
,EQ. MOD. BS8011 BATA MONARCA,,,,,,,,,,,,,
,,,,,,,,,,,,,,
,Clave:,,BS8011,,,,Existencia:,,0,,,,,
,,,,,,,,,,,,,,
,Departamento:,,BAUTIZO NIÑA,,,,Precio:,,$ 539.90,,,,,
,,,,,,,,,,,,,,
,Categoría:,,BATA,,,,,,,,,,,
,,,,,,,,,,,,,,
,,,,,,,,,,,,,,
,,,,,,,,,,,,,,
,EQ. BATA MOD. 1332 ORGANZA ESPEJO ROMBO,,,,,,,,,,,,,
,,,,,,,,,,,,,,
,Clave:,,BT1332,,,,Existencia:,,0,,,,,
,,,,,,,,,,,,,,
,Departamento:,,BAUTIZO NIÑA,,,,Precio:,,$ 299.90,,,,,
,,,,,,,,,,,,,,
,Categoría:,,BATA,,,,,,,,,,,
,,,,,,,,,,,,,,
,,,,,,,,,,,,,,
,,,,,,,,,,,,,,
,EQ. BATA MOD. 1334 ORGANZA ESPEJO TALLE,,,,,,,,,,,,,
,,,,,,,,,,,,,,
,Clave:,,BT1334,,,,Existencia:,,0,,,,,
,,,,,,,,,,,,,,
,Departamento:,,BAUTIZO NIÑA,,,,Precio:,,$ 299.90,,,,,
,,,,,,,,,,,,,,
,Categoría:,,BATA,,,,,,,,,,,
,,,,,,,,,,,,,,
,,,,,,,,,,,,,,
,,,,,,,,,,,,,,
,EQ. BATA MOD. BT1364 LULU ROMBOS CHARMIN,,,,,,,,,,,,,
,,,,,,,,,,,,,,
,Clave:,,BT1364,,,,Existencia:,,0,,,,,
,,,,,,,,,,,,,,
,Departamento:,,BAUTIZO NIÑA,,,,Precio:,,$ 519.90,,,,,
,,,,,,,,,,,,,,
,Categoría:,,BATA,,,,,,,,,,,
,,,,,,,,,,,,,,
,,,,,,,,,,,,,,
,,,,,,,,,,,,,,
,EQ. BATA MOD. BT1378 DIAGONAL TULIPAN 0 AL 3,,,,,,,,,,,,,
,,,,,,,,,,,,,,
,Clave:,,BT1378,,,,Existencia:,,100,,,,,
,,,,,,,,,,,,,,
,Departamento:,,BAUTIZO NIÑA,,,,Precio:,,$ 529.90,,,,,
,,,,,,,,,,,,,,
,Categoría:,,BATA,,,,,,,,,,,
,,,,,,,,,,,,,,
,,,,,,,,,,,,,,
,,,,,,,,,,,,,,
,EQ. BATA MOD. BT1382 ORGANZA HOLANDA CHARMIN,,,,,,,,,,,,,
,,,,,,,,,,,,,,
,Clave:,,BT1382,,,,Existencia:,,0,,,,,
,,,,,,,,,,,,,,
,Departamento:,,BAUTIZO NIÑA,,,,Precio:,,$ 539.90,,,,,
,,,,,,,,,,,,,,
,Categoría:,,BATA,,,,,,,,,,,
,,,,,,,,,,,,,,
,,,,,,,,,,,,,,
,,,,,,,,,,,,,,
,EQ. BATA MOD. BT1385 ALFORZA PERLA DIAMANTE,,,,,,,,,,,,,
,,,,,,,,,,,,,,
,Clave:,,BT1385,,,,Existencia:,,0,,,,,
,,,,,,,,,,,,,,
,Departamento:,,BAUTIZO NIÑA,,,,Precio:,,$ 479.90,,,,,
,,,,,,,,,,,,,,
,Categoría:,,BATA,,,,,,,,,,,
,,,,,,,,,,,,,,
,,,,,,,,,,,,,,
,,,,,,,,,,,,,,
,EQ. BATA MOD. BT1401 TUL DIAMANTE 0 AL 3,,,,,,,,,,,,,
,,,,,,,,,,,,,,
,Clave:,,BT1401,,,,Existencia:,,0,,,,,
,,,,,,,,,,,,,,
,Departamento:,,BAUTIZO NIÑA,,,,Precio:,,$ 519.90,,,,,
,,,,,,,,,,,,,,
,Categoría:,,BATA,,,,,,,,,,,
,,,,,,,,,,,,,,
,,,,,,,,,,,,,,
,,,,,,,,,,,,,,
,EQ. BATA MOD. BT1423 TUL LENTEJUELA 0 AL 3,,,,,,,,,,,,,
,,,,,,,,,,,,,,
,Clave:,,BT1423,,,,Existencia:,,0,,,,,
,,,,,,,,,,,,,,
,Departamento:,,BAUTIZO NIÑA,,,,Precio:,,$ 539.90,,,,,
,,,,,,,,,,,,,,
,Categoría:,,BATA,,,,,,,,,,,
,,,,,,,,,,,,,,
,,,,,,,,,,,,,,
,,,,,,,,,,,,,,
,EQ. BATA DESM. SEDA CUADROS PERLA DIAMANTE,,,,,,,,,,,,,
,,,,,,,,,,,,,,
,Clave:,,BU0001,,,,Existencia:,,0,,,,,
,,,,,,,,,,,,,,
,Departamento:,,BAUTIZO NIÑA,,,,Precio:,,"$ 2,099.90",,,,,
,,,,,,,,,,,,,,
,Categoría:,,BATA DESMONTABLE,,,,,,,,,,,
,,,,,,,,,,,,,,
,,,,,,,,,,,,,,
,,,,,,,,,,,,,,
,EQ. BATA DESM. SEDA DANA SAFIRO DIAMANTE,,,,,,,,,,,,,
,,,,,,,,,,,,,,
,Clave:,,BU0013,,,,Existencia:,,0,,,,,
,,,,,,,,,,,,,,
,Departamento:,,BAUTIZO NIÑA,,,,Precio:,,"$ 2,099.90",,,,,
,,,,,,,,,,,,,,
,Categoría:,,BATA DESMONTABLE,,,,,,,,,,,
,,,,,,,,,,,,,,
,,,,,,,,,,,,,,
,,,,,,,,,,,,,,
,EQ. BATA DESM. SEDA APLICACION SAFIRO DIAMANTE,,,,,,,,,,,,,
,,,,,,,,,,,,,,
,Clave:,,BU0019,,,,Existencia:,,0,,,,,
,,,,,,,,,,,,,,
,Departamento:,,BAUTIZO NIÑA,,,,Precio:,,"$ 2,099.90",,,,,
,,,,,,,,,,,,,,
,Categoría:,,BATA DESMONTABLE,,,,,,,,,,,
,,,,,,,,,,,,,,
,,,,,,,,,,,,,,
,,,,,,,,,,,,,,
,EQ. BATA MOD. BV3001 ROSAS ROMBO CHARMIN,,,,,,,,,,,,,
,,,,,,,,,,,,,,
,Clave:,,BV3001,,,,Existencia:,,0,,,,,
,,,,,,,,,,,,,,
,Departamento:,,BAUTIZO NIÑA,,,,Precio:,,$ 459.90,,,,,
,,,,,,,,,,,,,,
,Categoría:,,BATA,,,,,,,,,,,
,,,,,,,,,,,,,,
,,,,,,,,,,,,,,
,,,,,,,,,,,,,,
,EQ. BATA MOD. BV3709 ESCOTADA  TUL A003,,,,,,,,,,,,,
,,,,,,,,,,,,,,
,Clave:,,BV3709,,,,Existencia:,,68,,,,,
,,,,,,,,,,,,,,
,Departamento:,,BAUTIZO NIÑA,,,,Precio:,,$ 769.90,,,,,
,,,,,,,,,,,,,,
,Categoría:,,BATA,,,,,,,,,,,
,,,,,,,,,,,,,,
,,,,,,,,,,,,,,
,,,,,,,,,,,,,,
,EQ. BATA MOD. BV3711 ALE APLICACION  TUL A001,,,,,,,,,,,,,
,,,,,,,,,,,,,,
,Clave:,,BV3711,,,,Existencia:,,747,,,,,
,,,,,,,,,,,,,,
,Departamento:,,BAUTIZO NIÑA,,,,Precio:,,$ 609.90,,,,,
,,,,,,,,,,,,,,
,Categoría:,,BATA,,,,,,,,,,,
,,,,,,,,,,,,,,
,,,,,,,,,,,,,,
,,,,,,,,,,,,,,
,EQ. BATA MOD. BV3713 CENEFA  TUL,,,,,,,,,,,,,
,,,,,,,,,,,,,,
,Clave:,,BV3713,,,,Existencia:,,68,,,,,
,,,,,,,,,,,,,,
,Departamento:,,BAUTIZO NIÑA,,,,Precio:,,$ 539.90,,,,,
,,,,,,,,,,,,,,
,Categoría:,,BATA,,,,,,,,,,,
,,,,,,,,,,,,,,
,,,,,,,,,,,,,,
,,,,,,,,,,,,,,
,EQ. BATA MOD. BV3722 RED CRISTAL TUL,,,,,,,,,,,,,
,,,,,,,,,,,,,,
,Clave:,,BV3722,,,,Existencia:,,564,,,,,
,,,,,,,,,,,,,,
,Departamento:,,BAUTIZO NIÑA,,,,Precio:,,$ 679.90,,,,,
,,,,,,,,,,,,,,
,Categoría:,,BATA,,,,,,,,,,,
,,,,,,,,,,,,,,
,,,,,,,,,,,,,,
,,,,,,,,,,,,,,
,EQ. BATA MOD. BV3747 FAJERO FLORES  TUL,,,,,,,,,,,,,
,,,,,,,,,,,,,,
,Clave:,,BV3747,,,,Existencia:,,0,,,,,
,,,,,,,,,,,,,,
,Departamento:,,BAUTIZO NIÑA,,,,Precio:,,$ 559.90,,,,,
,,,,,,,,,,,,,,
,Categoría:,,BATA,,,,,,,,,,,
,,,,,,,,,,,,,,
,,,,,,,,,,,,,,
,,,,,,,,,,,,,,
,EQ. BATA MOD. BV3789 FALDON GIRASOL CHARMIN,,,,,,,,,,,,,
,,,,,,,,,,,,,,
,Clave:,,BV3789,,,,Existencia:,,0,,,,,
,,,,,,,,,,,,,,
,Departamento:,,BAUTIZO NIÑA,,,,Precio:,,$ 449.90,,,,,
,,,,,,,,,,,,,,
,Categoría:,,BATA,,,,,,,,,,,
,,,,,,,,,,,,,,
,,,,,,,,,,,,,,
,,,,,,,,,,,,,,
,EQ. BATA MOD. BV3795 ZAFIRO TUL CHARMIN,,,,,,,,,,,,,
,,,,,,,,,,,,,,
,Clave:,,BV3795,,,,Existencia:,,0,,,,,
,,,,,,,,,,,,,,
,Departamento:,,BAUTIZO NIÑA,,,,Precio:,,$ 519.90,,,,,
,,,,,,,,,,,,,,
,Categoría:,,BATA,,,,,,,,,,,
,,,,,,,,,,,,,,
,,,,,,,,,,,,,,
,,,,,,,,,,,,,,
,EQ. BATA MOD. BV3797 PICUETA PAZ CHARMIN,,,,,,,,,,,,,
,,,,,,,,,,,,,,
,Clave:,,BV3797,,,,Existencia:,,400,,,,,
,,,,,,,,,,,,,,
,Departamento:,,BAUTIZO NIÑA,,,,Precio:,,$ 629.90,,,,,
,,,,,,,,,,,,,,
,Categoría:,,BATA,,,,,,,,,,,
,,,,,,,,,,,,,,
,,,,,,,,,,,,,,
,,,,,,,,,,,,,,
,EQ.  BATA MOD. BV3799 TREBOL BROCADA CHARMIN,,,,,,,,,,,,,
,,,,,,,,,,,,,,
,Clave:,,BV3799,,,,Existencia:,,474,,,,,
,,,,,,,,,,,,,,
,Departamento:,,BAUTIZO NIÑA,,,,Precio:,,$ 699.90,,,,,
,,,,,,,,,,,,,,
,Categoría:,,BATA,,,,,,,,,,,
,,,,,,,,,,,,,,
,,,,,,,,,,,,,,
,,,,,,,,,,,,,,
,EQ. BATA MOD. BV3809 PERLAS DIAMANTE A009,,,,,,,,,,,,,
,,,,,,,,,,,,,,
,Clave:,,BV3809,,,,Existencia:,,0,,,,,
,,,,,,,,,,,,,,
,Departamento:,,BAUTIZO NIÑA,,,,Precio:,,$ 829.90,,,,,
,,,,,,,,,,,,,,
,Categoría:,,BATA,,,,,,,,,,,
,,,,,,,,,,,,,,
,,,,,,,,,,,,,,
,,,,,,,,,,,,,,
,EQ. BATA MOD. BV3811 CLEOPATRA A011,,,,,,,,,,,,,
,,,,,,,,,,,,,,
,Clave:,,BV3811,,,,Existencia:,,0,,,,,
,,,,,,,,,,,,,,
,Departamento:,,BAUTIZO NIÑA,,,,Precio:,,$ 749.90,,,,,
,,,,,,,,,,,,,,
,Categoría:,,BATA,,,,,,,,,,,
,,,,,,,,,,,,,,
,,,,,,,,,,,,,,
,,,,,,,,,,,,,,
,EQ. BATA MOD. BV3812 DORA A012,,,,,,,,,,,,,
,,,,,,,,,,,,,,
,Clave:,,BV3812,,,,Existencia:,,0,,,,,
,,,,,,,,,,,,,,
,Departamento:,,BAUTIZO NIÑA,,,,Precio:,,$ 849.90,,,,,
,,,,,,,,,,,,,,
,Categoría:,,BATA,,,,,,,,,,,
,,,,,,,,,,,,,,
,,,,,,,,,,,,,,
,,,,,,,,,,,,,,
,EQ. BATA MOD. BV3815 CRISTINA A015,,,,,,,,,,,,,
,,,,,,,,,,,,,,
,Clave:,,BV3815,,,,Existencia:,,0,,,,,
,,,,,,,,,,,,,,
,Departamento:,,BAUTIZO NIÑA,,,,Precio:,,$ 799.90,,,,,
,,,,,,,,,,,,,,
,Categoría:,,BATA,,,,,,,,,,,
,,,,,,,,,,,,,,
,,,,,,,,,,,,,,
,,,,,,,,,,,,,,
,EQ. BATA MOD. BV3816 LILI TUL,,,,,,,,,,,,,
,,,,,,,,,,,,,,
,Clave:,,BV3816,,,,Existencia:,,0,,,,,
,,,,,,,,,,,,,,
,Departamento:,,BAUTIZO NIÑA,,,,Precio:,,$ 699.90,,,,,
,,,,,,,,,,,,,,
,Categoría:,,BATA,,,,,,,,,,,
,,,,,,,,,,,,,,
,,,,,,,,,,,,,,
,,,,,,,,,,,,,,
,EQ. CA-0188 VESTIDO GABY OLANES,,,,,,,,,,,,,
,,,,,,,,,,,,,,
,Clave:,,CA0188,,,,Existencia:,,0,,,,,
,,,,,,,,,,,,,,
,Departamento:,,VESTIDOS,,,,Precio:,,$ 699.90,,,,,
,,,,,,,,,,,,,,
,Categoría:,,COMUNION,,,,,,,,,,,
,,,,,,,,,,,,,,
,,,,,,,,,,,,,,
,,,,,,,,,,,,,,
,EQ. CA-0205 VESTIDO TUL BRILLO MOÑO,,,,,,,,,,,,,
,,,,,,,,,,,,,,
,Clave:,,CA0205,,,,Existencia:,,0,,,,,
,,,,,,,,,,,,,,
,Departamento:,,VESTIDOS,,,,Precio:,,$ 599.90,,,,,
,,,,,,,,,,,,,,
,Categoría:,,COMUNION,,,,,,,,,,,
,,,,,,,,,,,,,,
,,,,,,,,,,,,,,
,,,,,,,,,,,,,,
,EQ. CA-0206 VESTIDO TUL C/ORGANZA,,,,,,,,,,,,,
,,,,,,,,,,,,,,
,Clave:,,CA0206,,,,Existencia:,,0,,,,,
,,,,,,,,,,,,,,
,Departamento:,,VESTIDOS,,,,Precio:,,$ 619.90,,,,,
,,,,,,,,,,,,,,
,Categoría:,,COMUNION,,,,,,,,,,,
,,,,,,,,,,,,,,
,,,,,,,,,,,,,,
,,,,,,,,,,,,,,
,EQ. CA-0339 VESTIDO TUL PETALOS,,,,,,,,,,,,,
,,,,,,,,,,,,,,
,Clave:,,CA0339,,,,Existencia:,,0,,,,,
,,,,,,,,,,,,,,
,Departamento:,,VESTIDOS,,,,Precio:,,$ 699.90,,,,,
,,,,,,,,,,,,,,
,Categoría:,,COMUNION,,,,,,,,,,,
,,,,,,,,,,,,,,
,,,,,,,,,,,,,,
,,,,,,,,,,,,,,
,EQ. CA-707 VESTIDO FAREALLA,,,,,,,,,,,,,
,,,,,,,,,,,,,,
,Clave:,,CA0707,,,,Existencia:,,0,,,,,
,,,,,,,,,,,,,,
,Departamento:,,VESTIDOS,,,,Precio:,,"$ 2,199.90",,,,,
,,,,,,,,,,,,,,
,Categoría:,,COMUNION,,,,,,,,,,,
,,,,,,,,,,,,,,
,,,,,,,,,,,,,,
,,,,,,,,,,,,,,
,EQ. CA-708 VESTIDO GRETA,,,,,,,,,,,,,
,,,,,,,,,,,,,,
,Clave:,,CA0708,,,,Existencia:,,0,,,,,
,,,,,,,,,,,,,,
,Departamento:,,VESTIDOS,,,,Precio:,,"$ 2,349.90",,,,,
,,,,,,,,,,,,,,
,Categoría:,,COMUNION,,,,,,,,,,,
,,,,,,,,,,,,,,
,,,,,,,,,,,,,,
,,,,,,,,,,,,,,
,EQ. CB-0022 VESTIDO CARAMELO CLITER,,,,,,,,,,,,,
,,,,,,,,,,,,,,
,Clave:,,CB0022,,,,Existencia:,,240,,,,,
,,,,,,,,,,,,,,
,Departamento:,,VESTIDOS,,,,Precio:,,$ 799.90,,,,,
,,,,,,,,,,,,,,
,Categoría:,,COMUNION,,,,,,,,,,,
,,,,,,,,,,,,,,
,,,,,,,,,,,,,,
,,,,,,,,,,,,,,
,EQ. CB-0081 VESTIDO OLANES ORGANZA SACO,,,,,,,,,,,,,
,,,,,,,,,,,,,,
,Clave:,,CB0081,,,,Existencia:,,309,,,,,
,,,,,,,,,,,,,,
,Departamento:,,VESTIDOS,,,,Precio:,,$ 789.90,,,,,
,,,,,,,,,,,,,,
,Categoría:,,COMUNION,,,,,,,,,,,
,,,,,,,,,,,,,,
,,,,,,,,,,,,,,
,,,,,,,,,,,,,,
,EQ. CB-0213 VESTIDO TABLON C/TUL,,,,,,,,,,,,,
,,,,,,,,,,,,,,
,Clave:,,CB0213,,,,Existencia:,,119,,,,,
,,,,,,,,,,,,,,
,Departamento:,,VESTIDOS,,,,Precio:,,$ 649.90,,,,,
,,,,,,,,,,,,,,
,Categoría:,,COMUNION,,,,,,,,,,,
,,,,,,,,,,,,,,
,,,,,,,,,,,,,,
,,,,,,,,,,,,,,
,EQ. CB-0222 VESTIDO MIL OLANES,,,,,,,,,,,,,
,,,,,,,,,,,,,,
,Clave:,,CB0222,,,,Existencia:,,0,,,,,
,,,,,,,,,,,,,,
,Departamento:,,VESTIDOS,,,,Precio:,,$ 599.90,,,,,
,,,,,,,,,,,,,,
,Categoría:,,COMUNION,,,,,,,,,,,
,,,,,,,,,,,,,,
,,,,,,,,,,,,,,
,,,,,,,,,,,,,,
,EQ. CB-0224 VESTIDO MUNA,,,,,,,,,,,,,
,,,,,,,,,,,,,,
,Clave:,,CB0224,,,,Existencia:,,480,,,,,
,,,,,,,,,,,,,,
,Departamento:,,VESTIDOS,,,,Precio:,,$ 799.90,,,,,
,,,,,,,,,,,,,,
,Categoría:,,COMUNION,,,,,,,,,,,
,,,,,,,,,,,,,,
,,,,,,,,,,,,,,
,,,,,,,,,,,,,,
,EQ. CB-0315 VESTIDO PECHERA ROMBOS,,,,,,,,,,,,,
,,,,,,,,,,,,,,
,Clave:,,CB0315,,,,Existencia:,,0,,,,,
,,,,,,,,,,,,,,
,Departamento:,,VESTIDOS,,,,Precio:,,$ 729.90,,,,,
,,,,,,,,,,,,,,
,Categoría:,,COMUNION,,,,,,,,,,,
,,,,,,,,,,,,,,
,,,,,,,,,,,,,,
,,,,,,,,,,,,,,
,EQ. CB-0368 VESTIDO APLICACION FALDON,,,,,,,,,,,,,
,,,,,,,,,,,,,,
,Clave:,,CB0368,,,,Existencia:,,0,,,,,
,,,,,,,,,,,,,,
,Departamento:,,VESTIDOS,,,,Precio:,,"$ 1,239.90",,,,,
,,,,,,,,,,,,,,
,Categoría:,,COMUNION,,,,,,,,,,,
,,,,,,,,,,,,,,
,,,,,,,,,,,,,,
,,,,,,,,,,,,,,
,EQ. CB-0369 VESTIDO MINIFALDON TUL C/SACO,,,,,,,,,,,,,
,,,,,,,,,,,,,,
,Clave:,,CB0369,,,,Existencia:,,78,,,,,
,,,,,,,,,,,,,,
,Departamento:,,VESTIDOS,,,,Precio:,,$ 949.90,,,,,
,,,,,,,,,,,,,,
,Categoría:,,COMUNION,,,,,,,,,,,
,,,,,,,,,,,,,,
,,,,,,,,,,,,,,
,,,,,,,,,,,,,,
,EQ. CB-0370 VESTIDO TULLISTON MOÑO DIAMANTE,,,,,,,,,,,,,
,,,,,,,,,,,,,,
,Clave:,,CB0370,,,,Existencia:,,0,,,,,
,,,,,,,,,,,,,,
,Departamento:,,VESTIDOS,,,,Precio:,,$ 939.90,,,,,
,,,,,,,,,,,,,,
,Categoría:,,COMUNION,,,,,,,,,,,
,,,,,,,,,,,,,,
,,,,,,,,,,,,,,
,,,,,,,,,,,,,,
,EQ. CB-0373 VESTIDO APLICACION PECHERA DESMONTABLE,,,,,,,,,,,,,
,,,,,,,,,,,,,,
,Clave:,,CB0373,,,,Existencia:,,120,,,,,
,,,,,,,,,,,,,,
,Departamento:,,VESTIDOS,,,,Precio:,,$ 999.90,,,,,
,,,,,,,,,,,,,,
,Categoría:,,COMUNION,,,,,,,,,,,
,,,,,,,,,,,,,,
,,,,,,,,,,,,,,
,,,,,,,,,,,,,,
,EQ. CB-428 VESTIDO ALICE GUIPURE,,,,,,,,,,,,,
,,,,,,,,,,,,,,
,Clave:,,CB0428,,,,Existencia:,,0,,,,,
,,,,,,,,,,,,,,
,Departamento:,,VESTIDOS,,,,Precio:,,"$ 1,199.90",,,,,
,,,,,,,,,,,,,,
,Categoría:,,COMUNION,,,,,,,,,,,
,,,,,,,,,,,,,,
,,,,,,,,,,,,,,
,,,,,,,,,,,,,,
,EQ. CB-0601 VESTIDO TUL SINTILLA,,,,,,,,,,,,,
,,,,,,,,,,,,,,
,Clave:,,CB0601,,,,Existencia:,,0,,,,,
,,,,,,,,,,,,,,
,Departamento:,,VESTIDOS,,,,Precio:,,$ 889.90,,,,,
,,,,,,,,,,,,,,
,Categoría:,,COMUNION,,,,,,,,,,,
,,,,,,,,,,,,,,
,,,,,,,,,,,,,,
,,,,,,,,,,,,,,
,EQ. CB-0604 VESTIDO DESMONTABLE ENCAJE FLORAL TUL,,,,,,,,,,,,,
,,,,,,,,,,,,,,
,Clave:,,CB0604,,,,Existencia:,,0,,,,,
,,,,,,,,,,,,,,
,Departamento:,,VESTIDOS,,,,Precio:,,$ 769.90,,,,,
,,,,,,,,,,,,,,
,Categoría:,,COMUNION,,,,,,,,,,,
,,,,,,,,,,,,,,
,,,,,,,,,,,,,,
,,,,,,,,,,,,,,
,EQ. CB-0767 VESTIDO CHARMIN TUL APLICACION,,,,,,,,,,,,,
,,,,,,,,,,,,,,
,Clave:,,CB0767,,,,Existencia:,,0,,,,,
,,,,,,,,,,,,,,
,Departamento:,,VESTIDOS,,,,Precio:,,"$ 1,269.90",,,,,
,,,,,,,,,,,,,,
,Categoría:,,COMUNION,,,,,,,,,,,
,,,,,,,,,,,,,,
,,,,,,,,,,,,,,
,,,,,,,,,,,,,,
,EQ. CB-0901 VESTIDO DESMONTABLE TUL OLANES,,,,,,,,,,,,,
,,,,,,,,,,,,,,
,Clave:,,CB0901,,,,Existencia:,,0,,,,,
,,,,,,,,,,,,,,
,Departamento:,,VESTIDOS,,,,Precio:,,$ 979.90,,,,,
,,,,,,,,,,,,,,
,Categoría:,,COMUNION,,,,,,,,,,,
,,,,,,,,,,,,,,
,,,,,,,,,,,,,,
,,,,,,,,,,,,,,
,EQ. CB-7011 VESTIDO TUL FALDON ORGANZA BORDADA,,,,,,,,,,,,,
,,,,,,,,,,,,,,
,Clave:,,CB7011,,,,Existencia:,,0,,,,,
,,,,,,,,,,,,,,
,Departamento:,,VESTIDOS,,,,Precio:,,"$ 1,099.90",,,,,
,,,,,,,,,,,,,,
,Categoría:,,COMUNION,,,,,,,,,,,
,,,,,,,,,,,,,,
,,,,,,,,,,,,,,
,,,,,,,,,,,,,,
,EQ. CB-7015 VESTIDO TUL TREBOL FAJERO CHARMIN,,,,,,,,,,,,,
,,,,,,,,,,,,,,
,Clave:,,CB7015,,,,Existencia:,,0,,,,,
,,,,,,,,,,,,,,
,Departamento:,,VESTIDOS,,,,Precio:,,$ 999.90,,,,,
,,,,,,,,,,,,,,
,Categoría:,,COMUNION,,,,,,,,,,,
,,,,,,,,,,,,,,
,,,,,,,,,,,,,,
,,,,,,,,,,,,,,
,EQ. CB-7017 VESTIDO ROMBO TUL  CHARMIN,,,,,,,,,,,,,
,,,,,,,,,,,,,,
,Clave:,,CB7017,,,,Existencia:,,0,,,,,
,,,,,,,,,,,,,,
,Departamento:,,VESTIDOS,,,,Precio:,,"$ 1,099.90",,,,,
,,,,,,,,,,,,,,
,Categoría:,,COMUNION,,,,,,,,,,,
,,,,,,,,,,,,,,
,,,,,,,,,,,,,,
,,,,,,,,,,,,,,
,EQ. CB-7020 VESTIDO FLORAL TUL  CHARMIN,,,,,,,,,,,,,
,,,,,,,,,,,,,,
,Clave:,,CB7020,,,,Existencia:,,0,,,,,
,,,,,,,,,,,,,,
,Departamento:,,VESTIDOS,,,,Precio:,,"$ 1,199.90",,,,,
,,,,,,,,,,,,,,
,Categoría:,,COMUNION,,,,,,,,,,,
,,,,,,,,,,,,,,
,,,,,,,,,,,,,,
,,,,,,,,,,,,,,
,EQ. CD-0014 VESTIDO ESPAÑOL VALENTINA,,,,,,,,,,,,,
,,,,,,,,,,,,,,
,Clave:,,CD0014,,,,Existencia:,,0,,,,,
,,,,,,,,,,,,,,
,Departamento:,,VESTIDOS,,,,Precio:,,"$ 2,199.90",,,,,
,,,,,,,,,,,,,,
,Categoría:,,COMUNION,,,,,,,,,,,
,,,,,,,,,,,,,,
,,,,,,,,,,,,,,
,,,,,,,,,,,,,,
,EQ. CD-0058 VESTIDO TATIANATORNASOL DESMONTABLE,,,,,,,,,,,,,
,,,,,,,,,,,,,,
,Clave:,,CD0058,,,,Existencia:,,0,,,,,
,,,,,,,,,,,,,,
,Departamento:,,VESTIDOS,,,,Precio:,,"$ 1,599.90",,,,,
,,,,,,,,,,,,,,
,Categoría:,,COMUNION,,,,,,,,,,,
,,,,,,,,,,,,,,
,,,,,,,,,,,,,,
,,,,,,,,,,,,,,
,EQ. CD-0222 VESTIDO LISTONIADO CHARMIN,,,,,,,,,,,,,
,,,,,,,,,,,,,,
,Clave:,,CD0222,,,,Existencia:,,0,,,,,
,,,,,,,,,,,,,,
,Departamento:,,VESTIDOS,,,,Precio:,,$ 809.90,,,,,
,,,,,,,,,,,,,,
,Categoría:,,COMUNION,,,,,,,,,,,
,,,,,,,,,,,,,,
,,,,,,,,,,,,,,
,,,,,,,,,,,,,,
,EQ. DC-322 VESTIDO TUL ABANICO,,,,,,,,,,,,,
,,,,,,,,,,,,,,
,Clave:,,CD0322,,,,Existencia:,,0,,,,,
,,,,,,,,,,,,,,
,Departamento:,,VESTIDOS,,,,Precio:,,$ 889.90,,,,,
,,,,,,,,,,,,,,
,Categoría:,,COMUNION,,,,,,,,,,,
,,,,,,,,,,,,,,
,,,,,,,,,,,,,,
,,,,,,,,,,,,,,
,EQ. CD-0333 VESTIDO JANETH BRILLOS,,,,,,,,,,,,,
,,,,,,,,,,,,,,
,Clave:,,CD0333,,,,Existencia:,,0,,,,,
,,,,,,,,,,,,,,
,Departamento:,,VESTIDOS,,,,Precio:,,$ 799.90,,,,,
,,,,,,,,,,,,,,
,Categoría:,,COMUNION,,,,,,,,,,,
,,,,,,,,,,,,,,
,,,,,,,,,,,,,,
,,,,,,,,,,,,,,
,EQ. DC-337 VESTIDO ALISON TUL BRILLOS,,,,,,,,,,,,,
,,,,,,,,,,,,,,
,Clave:,,CD0337,,,,Existencia:,,0,,,,,
,,,,,,,,,,,,,,
,Departamento:,,VESTIDOS,,,,Precio:,,$ 859.90,,,,,
,,,,,,,,,,,,,,
,Categoría:,,COMUNION,,,,,,,,,,,
,,,,,,,,,,,,,,
,,,,,,,,,,,,,,
,,,,,,,,,,,,,,
,EQ. CD-604 VESTIDO DESM. KATY 3 PZS.,,,,,,,,,,,,,
,,,,,,,,,,,,,,
,Clave:,,CD0604,,,,Existencia:,,0,,,,,
,,,,,,,,,,,,,,
,Departamento:,,VESTIDOS,,,,Precio:,,"$ 1,899.90",,,,,
,,,,,,,,,,,,,,
,Categoría:,,COMUNION,,,,,,,,,,,
,,,,,,,,,,,,,,
,,,,,,,,,,,,,,
,,,,,,,,,,,,,,
,EQ. CD-607 VESTIDO HADA,,,,,,,,,,,,,
,,,,,,,,,,,,,,
,Clave:,,CD0607,,,,Existencia:,,0,,,,,
,,,,,,,,,,,,,,
,Departamento:,,VESTIDOS,,,,Precio:,,"$ 1,799.90",,,,,
,,,,,,,,,,,,,,
,Categoría:,,COMUNION,,,,,,,,,,,
,,,,,,,,,,,,,,
,,,,,,,,,,,,,,
,,,,,,,,,,,,,,
,EQ. CD-627 VESTIDO APLCACION CAPA LULU,,,,,,,,,,,,,
,,,,,,,,,,,,,,
,Clave:,,CD0627,,,,Existencia:,,0,,,,,
,,,,,,,,,,,,,,
,Departamento:,,VESTIDOS,,,,Precio:,,"$ 1,599.90",,,,,
,,,,,,,,,,,,,,
,Categoría:,,COMUNION,,,,,,,,,,,
,,,,,,,,,,,,,,
,,,,,,,,,,,,,,
,,,,,,,,,,,,,,
,EQ. CD-637 VESTIDO BELISSIMO IVORY,,,,,,,,,,,,,
,,,,,,,,,,,,,,
,Clave:,,CD0637,,,,Existencia:,,0,,,,,
,,,,,,,,,,,,,,
,Departamento:,,VESTIDOS,,,,Precio:,,"$ 1,399.90",,,,,
,,,,,,,,,,,,,,
,Categoría:,,COMUNION,,,,,,,,,,,
,,,,,,,,,,,,,,
,,,,,,,,,,,,,,
,,,,,,,,,,,,,,
,EQ. CD-667 VESTIDO CECY ROCOCO,,,,,,,,,,,,,
,,,,,,,,,,,,,,
,Clave:,,CD0667,,,,Existencia:,,0,,,,,
,,,,,,,,,,,,,,
,Departamento:,,VESTIDOS,,,,Precio:,,"$ 1,799.90",,,,,
,,,,,,,,,,,,,,
,Categoría:,,COMUNION,,,,,,,,,,,
,,,,,,,,,,,,,,
,,,,,,,,,,,,,,
,,,,,,,,,,,,,,
,EQ. CD-668 VESTIDO LENTEJUELA FALDA SINTILLAS MONIC,,,,,,,,,,,,,
,,,,,,,,,,,,,,
,Clave:,,CD0668,,,,Existencia:,,0,,,,,
,,,,,,,,,,,,,,
,Departamento:,,VESTIDOS,,,,Precio:,,"$ 1,639.90",,,,,
,,,,,,,,,,,,,,
,Categoría:,,COMUNION,,,,,,,,,,,
,,,,,,,,,,,,,,
,,,,,,,,,,,,,,
,,,,,,,,,,,,,,
,EQ. CD-678 VESTIDO NUD CAPA APLICACION,,,,,,,,,,,,,
,,,,,,,,,,,,,,
,Clave:,,CD0678,,,,Existencia:,,0,,,,,
,,,,,,,,,,,,,,
,Departamento:,,VESTIDOS,,,,Precio:,,"$ 1,949.90",,,,,
,,,,,,,,,,,,,,
,Categoría:,,COMUNION,,,,,,,,,,,
,,,,,,,,,,,,,,
,,,,,,,,,,,,,,
,,,,,,,,,,,,,,
,EQ. CD-679 VESTIDO CAPA MARIPOSAS,,,,,,,,,,,,,
,,,,,,,,,,,,,,
,Clave:,,CD0679,,,,Existencia:,,0,,,,,
,,,,,,,,,,,,,,
,Departamento:,,VESTIDOS,,,,Precio:,,"$ 1,599.90",,,,,
,,,,,,,,,,,,,,
,Categoría:,,COMUNION,,,,,,,,,,,
,,,,,,,,,,,,,,
,,,,,,,,,,,,,,
,,,,,,,,,,,,,,
,EQ. CD-680 VESTIDO SOFIA CORSET APLICACION,,,,,,,,,,,,,
,,,,,,,,,,,,,,
,Clave:,,CD0680,,,,Existencia:,,0,,,,,
,,,,,,,,,,,,,,
,Departamento:,,VESTIDOS,,,,Precio:,,"$ 1,799.90",,,,,
,,,,,,,,,,,,,,
,Categoría:,,COMUNION,,,,,,,,,,,
,,,,,,,,,,,,,,
,,,,,,,,,,,,,,
,,,,,,,,,,,,,,
,EQ. CD-681 VESTIDO CARLOTA,,,,,,,,,,,,,
,,,,,,,,,,,,,,
,Clave:,,CD0681,,,,Existencia:,,0,,,,,
,,,,,,,,,,,,,,
,Departamento:,,VESTIDOS,,,,Precio:,,"$ 1,499.90",,,,,
,,,,,,,,,,,,,,
,Categoría:,,COMUNION,,,,,,,,,,,
,,,,,,,,,,,,,,
,,,,,,,,,,,,,,
,,,,,,,,,,,,,,
,EQ. CD-685 VESTIDO PECHERA APLICACION C/COLA,,,,,,,,,,,,,
,,,,,,,,,,,,,,
,Clave:,,CD0685,,,,Existencia:,,0,,,,,
,,,,,,,,,,,,,,
,Departamento:,,VESTIDOS,,,,Precio:,,"$ 2,099.90",,,,,
,,,,,,,,,,,,,,
,Categoría:,,COMUNION,,,,,,,,,,,
,,,,,,,,,,,,,,
,,,,,,,,,,,,,,
,,,,,,,,,,,,,,
,EQ. CD-752 VESTIDO PECHERA ROCOCO C/CAPA,,,,,,,,,,,,,
,,,,,,,,,,,,,,
,Clave:,,CD0752,,,,Existencia:,,0,,,,,
,,,,,,,,,,,,,,
,Departamento:,,VESTIDOS,,,,Precio:,,"$ 2,099.90",,,,,
,,,,,,,,,,,,,,
,Categoría:,,COMUNION,,,,,,,,,,,
,,,,,,,,,,,,,,
,,,,,,,,,,,,,,
,,,,,,,,,,,,,,
,EQ. CD-753 VESTIDO MERI MARGARITAS ROSAS MOÑO LARGO,,,,,,,,,,,,,
,,,,,,,,,,,,,,
,Clave:,,CD0753,,,,Existencia:,,0,,,,,
,,,,,,,,,,,,,,
,Departamento:,,VESTIDOS,,,,Precio:,,"$ 1,749.90",,,,,
,,,,,,,,,,,,,,
,Categoría:,,COMUNION,,,,,,,,,,,
,,,,,,,,,,,,,,
,,,,,,,,,,,,,,
,,,,,,,,,,,,,,
,EQ. CD-755 VESTIDO MANGA TURTUGA FALDA  APLICACION,,,,,,,,,,,,,
,,,,,,,,,,,,,,
,Clave:,,CD0755,,,,Existencia:,,0,,,,,
,,,,,,,,,,,,,,
,Departamento:,,VESTIDOS,,,,Precio:,,"$ 1,649.90",,,,,
,,,,,,,,,,,,,,
,Categoría:,,COMUNION,,,,,,,,,,,
,,,,,,,,,,,,,,
,,,,,,,,,,,,,,
,,,,,,,,,,,,,,
,EQ. CD-757 VESTIDO PIEL DE SIRENA COLA,,,,,,,,,,,,,
,,,,,,,,,,,,,,
,Clave:,,CD0757,,,,Existencia:,,0,,,,,
,,,,,,,,,,,,,,
,Departamento:,,VESTIDOS,,,,Precio:,,"$ 1,749.90",,,,,
,,,,,,,,,,,,,,
,Categoría:,,COMUNION,,,,,,,,,,,
,,,,,,,,,,,,,,
,,,,,,,,,,,,,,
,,,,,,,,,,,,,,
,EQ. CD-760 VESTIDO ANSELY MANGA DESMONTABLE,,,,,,,,,,,,,
,,,,,,,,,,,,,,
,Clave:,,CD0760,,,,Existencia:,,0,,,,,
,,,,,,,,,,,,,,
,Departamento:,,VESTIDOS,,,,Precio:,,"$ 1,899.90",,,,,
,,,,,,,,,,,,,,
,Categoría:,,COMUNION,,,,,,,,,,,
,,,,,,,,,,,,,,
,,,,,,,,,,,,,,
,,,,,,,,,,,,,,
,EQ. CD-763 VESTIDO ESTER CON COLA,,,,,,,,,,,,,
,,,,,,,,,,,,,,
,Clave:,,CD0763,,,,Existencia:,,0,,,,,
,,,,,,,,,,,,,,
,Departamento:,,VESTIDOS,,,,Precio:,,"$ 1,799.90",,,,,
,,,,,,,,,,,,,,
,Categoría:,,COMUNION,,,,,,,,,,,
,,,,,,,,,,,,,,
,,,,,,,,,,,,,,
,,,,,,,,,,,,,,
,EQ. CD-765 VESTIDO DANES APLICACION PEDRERIA,,,,,,,,,,,,,
,,,,,,,,,,,,,,
,Clave:,,CD0765,,,,Existencia:,,0,,,,,
,,,,,,,,,,,,,,
,Departamento:,,VESTIDOS,,,,Precio:,,"$ 1,899.90",,,,,
,,,,,,,,,,,,,,
,Categoría:,,COMUNION,,,,,,,,,,,
,,,,,,,,,,,,,,
,,,,,,,,,,,,,,
,,,,,,,,,,,,,,
,EQ. CD-766 VESTIDO LINDA FALDA BAJA APLICACION,,,,,,,,,,,,,
,,,,,,,,,,,,,,
,Clave:,,CD0766,,,,Existencia:,,0,,,,,
,,,,,,,,,,,,,,
,Departamento:,,VESTIDOS,,,,Precio:,,"$ 1,899.90",,,,,
,,,,,,,,,,,,,,
,Categoría:,,COMUNION,,,,,,,,,,,
,,,,,,,,,,,,,,
,,,,,,,,,,,,,,
,,,,,,,,,,,,,,
,EQ. CD-767 VESTIDO MERLIN FALDA VENTANA,,,,,,,,,,,,,
,,,,,,,,,,,,,,
,Clave:,,CD0767,,,,Existencia:,,0,,,,,
,,,,,,,,,,,,,,
,Departamento:,,VESTIDOS,,,,Precio:,,"$ 1,449.90",,,,,
,,,,,,,,,,,,,,
,Categoría:,,COMUNION,,,,,,,,,,,
,,,,,,,,,,,,,,
,,,,,,,,,,,,,,
,,,,,,,,,,,,,,
,EQ. CD-769 VESTIDO PECHERA APLICACION TIRA FLORAL FALDA,,,,,,,,,,,,,
,,,,,,,,,,,,,,
,Clave:,,CD0769,,,,Existencia:,,0,,,,,
,,,,,,,,,,,,,,
,Departamento:,,VESTIDOS,,,,Precio:,,"$ 1,999.90",,,,,
,,,,,,,,,,,,,,
,Categoría:,,COMUNION,,,,,,,,,,,
,,,,,,,,,,,,,,
,,,,,,,,,,,,,,
,,,,,,,,,,,,,,
,EQ. CD-775 VESTIDO TIEN FALDON  3D,,,,,,,,,,,,,
,,,,,,,,,,,,,,
,Clave:,,CD0775,,,,Existencia:,,0,,,,,
,,,,,,,,,,,,,,
,Departamento:,,VESTIDOS,,,,Precio:,,"$ 2,199.90",,,,,
,,,,,,,,,,,,,,
,Categoría:,,COMUNION,,,,,,,,,,,
,,,,,,,,,,,,,,
,,,,,,,,,,,,,,
,,,,,,,,,,,,,,
,EQ. CD-776 VESTIDO KAI MARIPOSAS,,,,,,,,,,,,,
,,,,,,,,,,,,,,
,Clave:,,CD0776,,,,Existencia:,,0,,,,,
,,,,,,,,,,,,,,
,Departamento:,,VESTIDOS,,,,Precio:,,"$ 1,899.90",,,,,
,,,,,,,,,,,,,,
,Categoría:,,COMUNION,,,,,,,,,,,
,,,,,,,,,,,,,,
,,,,,,,,,,,,,,
,,,,,,,,,,,,,,
,EQ. CD-778 VESTIDO DOBLE FALDON MANGAS HADAS,,,,,,,,,,,,,
,,,,,,,,,,,,,,
,Clave:,,CD0778,,,,Existencia:,,0,,,,,
,,,,,,,,,,,,,,
,Departamento:,,VESTIDOS,,,,Precio:,,"$ 1,949.90",,,,,
,,,,,,,,,,,,,,
,Categoría:,,COMUNION,,,,,,,,,,,
,,,,,,,,,,,,,,
,,,,,,,,,,,,,,
,,,,,,,,,,,,,,
,EQ. CD-782 VESTIDO VALENCIANA,,,,,,,,,,,,,
,,,,,,,,,,,,,,
,Clave:,,CD0782,,,,Existencia:,,0,,,,,
,,,,,,,,,,,,,,
,Departamento:,,VESTIDOS,,,,Precio:,,"$ 2,099.90",,,,,
,,,,,,,,,,,,,,
,Categoría:,,COMUNION,,,,,,,,,,,
,,,,,,,,,,,,,,
,,,,,,,,,,,,,,
,,,,,,,,,,,,,,
,EQ. CD-891 VESTIDO HALTER APLICACION BLUSA Y FALDA,,,,,,,,,,,,,
,,,,,,,,,,,,,,
,Clave:,,CD0891,,,,Existencia:,,0,,,,,
,,,,,,,,,,,,,,
,Departamento:,,VESTIDOS,,,,Precio:,,$ 939.90,,,,,
,,,,,,,,,,,,,,
,Categoría:,,COMUNION,,,,,,,,,,,
,,,,,,,,,,,,,,
,,,,,,,,,,,,,,
,,,,,,,,,,,,,,
,EQ. DC-964 VESTIDO REMOLINO MOÑO,,,,,,,,,,,,,
,,,,,,,,,,,,,,
,Clave:,,CD0964,,,,Existencia:,,0,,,,,
,,,,,,,,,,,,,,
,Departamento:,,VESTIDOS,,,,Precio:,,$ 859.90,,,,,
,,,,,,,,,,,,,,
,Categoría:,,COMUNION,,,,,,,,,,,
,,,,,,,,,,,,,,
,,,,,,,,,,,,,,
,,,,,,,,,,,,,,
,EQ. CD-0969 VESTIDO CORSET PEDRERIA TUL,,,,,,,,,,,,,
,,,,,,,,,,,,,,
,Clave:,,CD0969,,,,Existencia:,,0,,,,,
,,,,,,,,,,,,,,
,Departamento:,,VESTIDOS,,,,Precio:,,$ 759.90,,,,,
,,,,,,,,,,,,,,
,Categoría:,,COMUNION,,,,,,,,,,,
,,,,,,,,,,,,,,
,,,,,,,,,,,,,,
,,,,,,,,,,,,,,
,EQ. CD-1111 VESTIDO RUMBERA BRILLOS,,,,,,,,,,,,,
,,,,,,,,,,,,,,
,Clave:,,CD1111,,,,Existencia:,,0,,,,,
,,,,,,,,,,,,,,
,Departamento:,,VESTIDOS,,,,Precio:,,$ 819.90,,,,,
,,,,,,,,,,,,,,
,Categoría:,,COMUNION,,,,,,,,,,,
,,,,,,,,,,,,,,
,,,,,,,,,,,,,,
,,,,,,,,,,,,,,
,EQ. CD-1119 VESTIDO SHANTUNG SEDA ROMBOS CON MANGA,,,,,,,,,,,,,
,,,,,,,,,,,,,,
,Clave:,,CD1119,,,,Existencia:,,0,,,,,
,,,,,,,,,,,,,,
,Departamento:,,VESTIDOS,,,,Precio:,,"$ 1,499.90",,,,,
,,,,,,,,,,,,,,
,Categoría:,,COMUNION,,,,,,,,,,,
,,,,,,,,,,,,,,
,,,,,,,,,,,,,,
,,,,,,,,,,,,,,
,EQ. CD-1122 VESTIDO SHANTUNG SEDA CENICIENTA,,,,,,,,,,,,,
,,,,,,,,,,,,,,
,Clave:,,CD1122,,,,Existencia:,,0,,,,,
,,,,,,,,,,,,,,
,Departamento:,,VESTIDOS,,,,Precio:,,"$ 1,499.90",,,,,
,,,,,,,,,,,,,,
,Categoría:,,COMUNION,,,,,,,,,,,
,,,,,,,,,,,,,,
,,,,,,,,,,,,,,
,,,,,,,,,,,,,,
,EQ. CD-1193 VESTIDO CHARMIN PECHERA TUL,,,,,,,,,,,,,
,,,,,,,,,,,,,,
,Clave:,,CD1193,,,,Existencia:,,0,,,,,
,,,,,,,,,,,,,,
,Departamento:,,VESTIDOS,,,,Precio:,,$ 759.90,,,,,
,,,,,,,,,,,,,,
,Categoría:,,COMUNION,,,,,,,,,,,
,,,,,,,,,,,,,,
,,,,,,,,,,,,,,
,,,,,,,,,,,,,,
,EQ. CD-1251 VESTIDO OLANES ROSAS,,,,,,,,,,,,,
,,,,,,,,,,,,,,
,Clave:,,CD1251,,,,Existencia:,,0,,,,,
,,,,,,,,,,,,,,
,Departamento:,,VESTIDOS,,,,Precio:,,$ 719.90,,,,,
,,,,,,,,,,,,,,
,Categoría:,,COMUNION,,,,,,,,,,,
,,,,,,,,,,,,,,
,,,,,,,,,,,,,,
,,,,,,,,,,,,,,
,EQ. CD-1266 VESTIDO ORGANZA DESMONTABLE,,,,,,,,,,,,,
,,,,,,,,,,,,,,
,Clave:,,CD1266,,,,Existencia:,,0,,,,,
,,,,,,,,,,,,,,
,Departamento:,,VESTIDOS,,,,Precio:,,$ 709.90,,,,,
,,,,,,,,,,,,,,
,Categoría:,,COMUNION,,,,,,,,,,,
,,,,,,,,,,,,,,
,,,,,,,,,,,,,,
,,,,,,,,,,,,,,
,EQ. CD-1273 VESTIDO OLANES DIAGONAL,,,,,,,,,,,,,
,,,,,,,,,,,,,,
,Clave:,,CD1273,,,,Existencia:,,0,,,,,
,,,,,,,,,,,,,,
,Departamento:,,VESTIDOS,,,,Precio:,,$ 759.90,,,,,
,,,,,,,,,,,,,,
,Categoría:,,COMUNION,,,,,,,,,,,
,,,,,,,,,,,,,,
,,,,,,,,,,,,,,
,,,,,,,,,,,,,,
,EQ. CD-1279 VESTIDO SINTILLA BORDADA DESMONTABLE,,,,,,,,,,,,,
,,,,,,,,,,,,,,
,Clave:,,CD1279,,,,Existencia:,,0,,,,,
,,,,,,,,,,,,,,
,Departamento:,,VESTIDOS,,,,Precio:,,$ 789.90,,,,,
,,,,,,,,,,,,,,
,Categoría:,,COMUNION,,,,,,,,,,,
,,,,,,,,,,,,,,
,,,,,,,,,,,,,,
,,,,,,,,,,,,,,
,EQ. CD-1299 VESTIDO TUL,,,,,,,,,,,,,
,,,,,,,,,,,,,,
,Clave:,,CD1299,,,,Existencia:,,0,,,,,
,,,,,,,,,,,,,,
,Departamento:,,VESTIDOS,,,,Precio:,,$ 759.90,,,,,
,,,,,,,,,,,,,,
,Categoría:,,COMUNION,,,,,,,,,,,
,,,,,,,,,,,,,,
,,,,,,,,,,,,,,
,,,,,,,,,,,,,,
,EQ. DC-1307 VESTIDO DESM. ESPEJO PLIZADO,,,,,,,,,,,,,
,,,,,,,,,,,,,,
,Clave:,,CD1307,,,,Existencia:,,0,,,,,
,,,,,,,,,,,,,,
,Departamento:,,VESTIDOS,,,,Precio:,,$ 859.90,,,,,
,,,,,,,,,,,,,,
,Categoría:,,COMUNION,,,,,,,,,,,
,,,,,,,,,,,,,,
,,,,,,,,,,,,,,
,,,,,,,,,,,,,,
,EQ. CD-1309 VESTIDO OLANES DESMONTABLE,,,,,,,,,,,,,
,,,,,,,,,,,,,,
,Clave:,,CD1309,,,,Existencia:,,0,,,,,
,,,,,,,,,,,,,,
,Departamento:,,VESTIDOS,,,,Precio:,,$ 789.90,,,,,
,,,,,,,,,,,,,,
,Categoría:,,COMUNION,,,,,,,,,,,
,,,,,,,,,,,,,,
,,,,,,,,,,,,,,
,,,,,,,,,,,,,,
,EQ. CD-1319 VESTIDO PECHERA APLICACION PLATA,,,,,,,,,,,,,
,,,,,,,,,,,,,,
,Clave:,,CD1319,,,,Existencia:,,0,,,,,
,,,,,,,,,,,,,,
,Departamento:,,VESTIDOS,,,,Precio:,,$ 759.90,,,,,
,,,,,,,,,,,,,,
,Categoría:,,COMUNION,,,,,,,,,,,
,,,,,,,,,,,,,,
,,,,,,,,,,,,,,
,,,,,,,,,,,,,,
,EQ. CD-1327 VESTIDO ORGANZA PETALOS,,,,,,,,,,,,,
,,,,,,,,,,,,,,
,Clave:,,CD1327,,,,Existencia:,,0,,,,,
,,,,,,,,,,,,,,
,Departamento:,,VESTIDOS,,,,Precio:,,$ 819.90,,,,,
,,,,,,,,,,,,,,
,Categoría:,,COMUNION,,,,,,,,,,,
,,,,,,,,,,,,,,
,,,,,,,,,,,,,,
,,,,,,,,,,,,,,
,EQ. CD-1341 VESTIDO OLANES GUS,,,,,,,,,,,,,
,,,,,,,,,,,,,,
,Clave:,,CD1341,,,,Existencia:,,0,,,,,
,,,,,,,,,,,,,,
,Departamento:,,VESTIDOS,,,,Precio:,,$ 819.90,,,,,
,,,,,,,,,,,,,,
,Categoría:,,COMUNION,,,,,,,,,,,
,,,,,,,,,,,,,,
,,,,,,,,,,,,,,
,,,,,,,,,,,,,,
,EQ. CD-1375 VESTIDO TUL BRILLOS,,,,,,,,,,,,,
,,,,,,,,,,,,,,
,Clave:,,CD1375,,,,Existencia:,,0,,,,,
,,,,,,,,,,,,,,
,Departamento:,,VESTIDOS,,,,Precio:,,$ 729.90,,,,,
,,,,,,,,,,,,,,
,Categoría:,,COMUNION,,,,,,,,,,,
,,,,,,,,,,,,,,
,,,,,,,,,,,,,,
,,,,,,,,,,,,,,
,EQ. CD-1391 VESTIDO PECHERA APLICACION PLATA,,,,,,,,,,,,,
,,,,,,,,,,,,,,
,Clave:,,CD1391,,,,Existencia:,,0,,,,,
,,,,,,,,,,,,,,
,Departamento:,,VESTIDOS,,,,Precio:,,$ 759.90,,,,,
,,,,,,,,,,,,,,
,Categoría:,,COMUNION,,,,,,,,,,,
,,,,,,,,,,,,,,
,,,,,,,,,,,,,,
,,,,,,,,,,,,,,
,EQ. CD-1397 VESTIDO TUL APLICACION TULIPANES,,,,,,,,,,,,,
,,,,,,,,,,,,,,
,Clave:,,CD1397,,,,Existencia:,,54,,,,,
,,,,,,,,,,,,,,
,Departamento:,,VESTIDOS,,,,Precio:,,$ 769.90,,,,,
,,,,,,,,,,,,,,
,Categoría:,,COMUNION,,,,,,,,,,,
,,,,,,,,,,,,,,
,,,,,,,,,,,,,,
,,,,,,,,,,,,,,
,EQ. CD-1398 VESTIDO TUL APLICACION PERLAS,,,,,,,,,,,,,
,,,,,,,,,,,,,,
,Clave:,,CD1398,,,,Existencia:,,0,,,,,
,,,,,,,,,,,,,,
,Departamento:,,VESTIDOS,,,,Precio:,,$ 679.90,,,,,
,,,,,,,,,,,,,,
,Categoría:,,COMUNION,,,,,,,,,,,
,,,,,,,,,,,,,,
,,,,,,,,,,,,,,
,,,,,,,,,,,,,,
,EQ. CD-1399 VESTIDO TUL BRILLOS PERLAS,,,,,,,,,,,,,
,,,,,,,,,,,,,,
,Clave:,,CD1399,,,,Existencia:,,0,,,,,
,,,,,,,,,,,,,,
,Departamento:,,VESTIDOS,,,,Precio:,,$ 679.90,,,,,
,,,,,,,,,,,,,,
,Categoría:,,COMUNION,,,,,,,,,,,
,,,,,,,,,,,,,,
,,,,,,,,,,,,,,
,,,,,,,,,,,,,,
,EQ. CD-1405 VESTIDO TIRA ROSAL,,,,,,,,,,,,,
,,,,,,,,,,,,,,
,Clave:,,CD1405,,,,Existencia:,,0,,,,,
,,,,,,,,,,,,,,
,Departamento:,,VESTIDOS,,,,Precio:,,$ 759.90,,,,,
,,,,,,,,,,,,,,
,Categoría:,,COMUNION,,,,,,,,,,,
,,,,,,,,,,,,,,
,,,,,,,,,,,,,,
,,,,,,,,,,,,,,
,EQ. DC-1426 VESTIDO ORG. ESPEJO PECHERA ALGODÓN,,,,,,,,,,,,,
,,,,,,,,,,,,,,
,Clave:,,CD1426,,,,Existencia:,,0,,,,,
,,,,,,,,,,,,,,
,Departamento:,,VESTIDOS,,,,Precio:,,$ 889.90,,,,,
,,,,,,,,,,,,,,
,Categoría:,,COMUNION,,,,,,,,,,,
,,,,,,,,,,,,,,
,,,,,,,,,,,,,,
,,,,,,,,,,,,,,
,EQ. DC-1427 VESTIDO ORGANZA C/RAZO BORDADO,,,,,,,,,,,,,
,,,,,,,,,,,,,,
,Clave:,,CD1427,,,,Existencia:,,38,,,,,
,,,,,,,,,,,,,,
,Departamento:,,VESTIDOS,,,,Precio:,,$ 919.90,,,,,
,,,,,,,,,,,,,,
,Categoría:,,COMUNION,,,,,,,,,,,
,,,,,,,,,,,,,,
,,,,,,,,,,,,,,
,,,,,,,,,,,,,,
,EQ. DC-1449 VESTIDO PLIZADO MANGA CONCHA,,,,,,,,,,,,,
,,,,,,,,,,,,,,
,Clave:,,CD1449,,,,Existencia:,,137,,,,,
,,,,,,,,,,,,,,
,Departamento:,,VESTIDOS,,,,Precio:,,$ 899.90,,,,,
,,,,,,,,,,,,,,
,Categoría:,,COMUNION,,,,,,,,,,,
,,,,,,,,,,,,,,
,,,,,,,,,,,,,,
,,,,,,,,,,,,,,
,EQ. DC-1454 VESTIDO LISTONIADO SINTILLAS BORDADAS,,,,,,,,,,,,,
,,,,,,,,,,,,,,
,Clave:,,CD1454,,,,Existencia:,,0,,,,,
,,,,,,,,,,,,,,
,Departamento:,,VESTIDOS,,,,Precio:,,$ 919.90,,,,,
,,,,,,,,,,,,,,
,Categoría:,,COMUNION,,,,,,,,,,,
,,,,,,,,,,,,,,
,,,,,,,,,,,,,,
,,,,,,,,,,,,,,
,EQ. DC-1470 VESTIDO ORG. ESPEJO COLA DE RATA BORDADA,,,,,,,,,,,,,
,,,,,,,,,,,,,,
,Clave:,,CD1470,,,,Existencia:,,0,,,,,
,,,,,,,,,,,,,,
,Departamento:,,VESTIDOS,,,,Precio:,,$ 899.90,,,,,
,,,,,,,,,,,,,,
,Categoría:,,COMUNION,,,,,,,,,,,
,,,,,,,,,,,,,,
,,,,,,,,,,,,,,
,,,,,,,,,,,,,,
,EQ. DC-1471 VESTIDO DESM. ORGANZA BROCHE,,,,,,,,,,,,,
,,,,,,,,,,,,,,
,Clave:,,CD1471,,,,Existencia:,,0,,,,,
,,,,,,,,,,,,,,
,Departamento:,,VESTIDOS,,,,Precio:,,$ 859.90,,,,,
,,,,,,,,,,,,,,
,Categoría:,,COMUNION,,,,,,,,,,,
,,,,,,,,,,,,,,
,,,,,,,,,,,,,,
,,,,,,,,,,,,,,
,EQ. DC-1484 VESTIDO BROCHE ABANICO TUL BRILLOS,,,,,,,,,,,,,
,,,,,,,,,,,,,,
,Clave:,,CD1484,,,,Existencia:,,0,,,,,
,,,,,,,,,,,,,,
,Departamento:,,VESTIDOS,,,,Precio:,,$ 919.90,,,,,
,,,,,,,,,,,,,,
,Categoría:,,COMUNION,,,,,,,,,,,
,,,,,,,,,,,,,,
,,,,,,,,,,,,,,
,,,,,,,,,,,,,,
,EQ. DC-1485 VESTIDO TOP´S CORRUGADO TUL BRILLOS,,,,,,,,,,,,,
,,,,,,,,,,,,,,
,Clave:,,CD1485,,,,Existencia:,,0,,,,,
,,,,,,,,,,,,,,
,Departamento:,,VESTIDOS,,,,Precio:,,$ 919.90,,,,,
,,,,,,,,,,,,,,
,Categoría:,,COMUNION,,,,,,,,,,,
,,,,,,,,,,,,,,
,,,,,,,,,,,,,,
,,,,,,,,,,,,,,
,EQ. DC-1485B VESTIDO DESM. PECHERA ROSAS ENCAJE TUL BRILLOS,,,,,,,,,,,,,
,,,,,,,,,,,,,,
,Clave:,,CD1485B,,,,Existencia:,,0,,,,,
,,,,,,,,,,,,,,
,Departamento:,,VESTIDOS,,,,Precio:,,$ 919.90,,,,,
,,,,,,,,,,,,,,
,Categoría:,,COMUNION,,,,,,,,,,,
,,,,,,,,,,,,,,
,,,,,,,,,,,,,,
,,,,,,,,,,,,,,
,EQ. DC-1486 VESTIDO BROCHE DOBLE ABANICO TUL BRILLOS,,,,,,,,,,,,,
,,,,,,,,,,,,,,
,Clave:,,CD1486,,,,Existencia:,,0,,,,,
,,,,,,,,,,,,,,
,Departamento:,,VESTIDOS,,,,Precio:,,$ 899.90,,,,,
,,,,,,,,,,,,,,
,Categoría:,,COMUNION,,,,,,,,,,,
,,,,,,,,,,,,,,
,,,,,,,,,,,,,,
,,,,,,,,,,,,,,
,EQ. DC-1488 VESTIDO APLICACION DESTELLOS DE LLUVIA TUL BRILLOS,,,,,,,,,,,,,
,,,,,,,,,,,,,,
,Clave:,,CD1488,,,,Existencia:,,0,,,,,
,,,,,,,,,,,,,,
,Departamento:,,VESTIDOS,,,,Precio:,,$ 899.90,,,,,
,,,,,,,,,,,,,,
,Categoría:,,COMUNION,,,,,,,,,,,
,,,,,,,,,,,,,,
,,,,,,,,,,,,,,
,,,,,,,,,,,,,,
,EQ. DC-1531 VESTIDO DESILADO PERLAS,,,,,,,,,,,,,
,,,,,,,,,,,,,,
,Clave:,,CD1531,,,,Existencia:,,0,,,,,
,,,,,,,,,,,,,,
,Departamento:,,VESTIDOS,,,,Precio:,,$ 959.90,,,,,
,,,,,,,,,,,,,,
,Categoría:,,COMUNION,,,,,,,,,,,
,,,,,,,,,,,,,,
,,,,,,,,,,,,,,
,,,,,,,,,,,,,,
,EQ. CD-1544 VESTIDO PLIZADO PECHERA PICUETA,,,,,,,,,,,,,
,,,,,,,,,,,,,,
,Clave:,,CD1544,,,,Existencia:,,0,,,,,
,,,,,,,,,,,,,,
,Departamento:,,VESTIDOS,,,,Precio:,,$ 899.90,,,,,
,,,,,,,,,,,,,,
,Categoría:,,COMUNION,,,,,,,,,,,
,,,,,,,,,,,,,,
,,,,,,,,,,,,,,
,,,,,,,,,,,,,,
,EQ. CD-1553 VESTIDO TUL APLICACION BORDADO ALGODON,,,,,,,,,,,,,
,,,,,,,,,,,,,,
,Clave:,,CD1553,,,,Existencia:,,235,,,,,
,,,,,,,,,,,,,,
,Departamento:,,VESTIDOS,,,,Precio:,,$ 949.90,,,,,
,,,,,,,,,,,,,,
,Categoría:,,COMUNION,,,,,,,,,,,
,,,,,,,,,,,,,,
,,,,,,,,,,,,,,
,,,,,,,,,,,,,,
,EQ. CD-1564 VESTIDO TUL GUIPIURE SINTILLA,,,,,,,,,,,,,
,,,,,,,,,,,,,,
,Clave:,,CD1564,,,,Existencia:,,89,,,,,
,,,,,,,,,,,,,,
,Departamento:,,VESTIDOS,,,,Precio:,,$ 949.90,,,,,
,,,,,,,,,,,,,,
,Categoría:,,COMUNION,,,,,,,,,,,
,,,,,,,,,,,,,,
,,,,,,,,,,,,,,
,,,,,,,,,,,,,,
,EQ. CD-1569 VESTIDO TUL BRILLOS,,,,,,,,,,,,,
,,,,,,,,,,,,,,
,Clave:,,CD1569,,,,Existencia:,,0,,,,,
,,,,,,,,,,,,,,
,Departamento:,,VESTIDOS,,,,Precio:,,$ 719.90,,,,,
,,,,,,,,,,,,,,
,Categoría:,,COMUNION,,,,,,,,,,,
,,,,,,,,,,,,,,
,,,,,,,,,,,,,,
,,,,,,,,,,,,,,
,EQ. CD-1570 VESTIDO ABANICO BROCHE TUL,,,,,,,,,,,,,
,,,,,,,,,,,,,,
,Clave:,,CD1570,,,,Existencia:,,69,,,,,
,,,,,,,,,,,,,,
,Departamento:,,VESTIDOS,,,,Precio:,,$ 919.90,,,,,
,,,,,,,,,,,,,,
,Categoría:,,COMUNION,,,,,,,,,,,
,,,,,,,,,,,,,,
,,,,,,,,,,,,,,
,,,,,,,,,,,,,,
,EQ. DC-1573 VES. DESM. OLAN DIAGONAL Y TUL BRILLOS FANTACIA,,,,,,,,,,,,,
,,,,,,,,,,,,,,
,Clave:,,CD1573,,,,Existencia:,,26,,,,,
,,,,,,,,,,,,,,
,Departamento:,,VESTIDOS,,,,Precio:,,$ 859.90,,,,,
,,,,,,,,,,,,,,
,Categoría:,,COMUNION,,,,,,,,,,,
,,,,,,,,,,,,,,
,,,,,,,,,,,,,,
,,,,,,,,,,,,,,
,EQ. CD-1575 VESTIDO TUL BRILLO PECHERA APLICACION,,,,,,,,,,,,,
,,,,,,,,,,,,,,
,Clave:,,CD1575,,,,Existencia:,,0,,,,,
,,,,,,,,,,,,,,
,Departamento:,,VESTIDOS,,,,Precio:,,$ 839.90,,,,,
,,,,,,,,,,,,,,
,Categoría:,,COMUNION,,,,,,,,,,,
,,,,,,,,,,,,,,
,,,,,,,,,,,,,,
,,,,,,,,,,,,,,
,EQ. CD-1578 VESTIDO MEDIO ABANICO C/MOÑO TUL,,,,,,,,,,,,,
,,,,,,,,,,,,,,
,Clave:,,CD1578,,,,Existencia:,,0,,,,,
,,,,,,,,,,,,,,
,Departamento:,,VESTIDOS,,,,Precio:,,$ 869.90,,,,,
,,,,,,,,,,,,,,
,Categoría:,,COMUNION,,,,,,,,,,,
,,,,,,,,,,,,,,
,,,,,,,,,,,,,,
,,,,,,,,,,,,,,
,EQ. CD-1579 VESTIDO ESPEJO ROSALES,,,,,,,,,,,,,
,,,,,,,,,,,,,,
,Clave:,,CD1579,,,,Existencia:,,54,,,,,
,,,,,,,,,,,,,,
,Departamento:,,VESTIDOS,,,,Precio:,,$ 899.90,,,,,
,,,,,,,,,,,,,,
,Categoría:,,COMUNION,,,,,,,,,,,
,,,,,,,,,,,,,,
,,,,,,,,,,,,,,
,,,,,,,,,,,,,,
,EQ. CD-1582 VESTIDO PLIZADO CADENA,,,,,,,,,,,,,
,,,,,,,,,,,,,,
,Clave:,,CD1582,,,,Existencia:,,0,,,,,
,,,,,,,,,,,,,,
,Departamento:,,VESTIDOS,,,,Precio:,,$ 919.90,,,,,
,,,,,,,,,,,,,,
,Categoría:,,COMUNION,,,,,,,,,,,
,,,,,,,,,,,,,,
,,,,,,,,,,,,,,
,,,,,,,,,,,,,,
,EQ. CD-1590 VESTIDO TUL BRILLO BROCHE,,,,,,,,,,,,,
,,,,,,,,,,,,,,
,Clave:,,CD1590,,,,Existencia:,,0,,,,,
,,,,,,,,,,,,,,
,Departamento:,,VESTIDOS,,,,Precio:,,$ 839.90,,,,,
,,,,,,,,,,,,,,
,Categoría:,,COMUNION,,,,,,,,,,,
,,,,,,,,,,,,,,
,,,,,,,,,,,,,,
,,,,,,,,,,,,,,
,EQ. CD-1603 VESTIDO TUL MEDIA PERLAS PECHERA,,,,,,,,,,,,,
,,,,,,,,,,,,,,
,Clave:,,CD1603,,,,Existencia:,,0,,,,,
,,,,,,,,,,,,,,
,Departamento:,,VESTIDOS,,,,Precio:,,$ 839.90,,,,,
,,,,,,,,,,,,,,
,Categoría:,,COMUNION,,,,,,,,,,,
,,,,,,,,,,,,,,
,,,,,,,,,,,,,,
,,,,,,,,,,,,,,
,EQ. CD-1634 VESTIDO PECHERA FLORAL,,,,,,,,,,,,,
,,,,,,,,,,,,,,
,Clave:,,CD1634,,,,Existencia:,,0,,,,,
,,,,,,,,,,,,,,
,Departamento:,,VESTIDOS,,,,Precio:,,$ 999.90,,,,,
,,,,,,,,,,,,,,
,Categoría:,,COMUNION,,,,,,,,,,,
,,,,,,,,,,,,,,
,,,,,,,,,,,,,,
,,,,,,,,,,,,,,
,EQ. CD-1637 VESTIDO  DIAGONALES APLICACION,,,,,,,,,,,,,
,,,,,,,,,,,,,,
,Clave:,,CD1637,,,,Existencia:,,0,,,,,
,,,,,,,,,,,,,,
,Departamento:,,VESTIDOS,,,,Precio:,,$ 879.90,,,,,
,,,,,,,,,,,,,,
,Categoría:,,COMUNION,,,,,,,,,,,
,,,,,,,,,,,,,,
,,,,,,,,,,,,,,
,,,,,,,,,,,,,,
,EQ. CD-1667 VESTIDO VALE ENCAJE DIMENCION,,,,,,,,,,,,,
,,,,,,,,,,,,,,
,Clave:,,CD1667,,,,Existencia:,,0,,,,,
,,,,,,,,,,,,,,
,Departamento:,,VESTIDOS,,,,Precio:,,"$ 1,399.90",,,,,
,,,,,,,,,,,,,,
,Categoría:,,COMUNION,,,,,,,,,,,
,,,,,,,,,,,,,,
,,,,,,,,,,,,,,
,,,,,,,,,,,,,,
,EQ. CD-1694 VESTIDO PECHERA APLICACION,,,,,,,,,,,,,
,,,,,,,,,,,,,,
,Clave:,,CD1694,,,,Existencia:,,0,,,,,
,,,,,,,,,,,,,,
,Departamento:,,VESTIDOS,,,,Precio:,,$ 939.90,,,,,
,,,,,,,,,,,,,,
,Categoría:,,COMUNION,,,,,,,,,,,
,,,,,,,,,,,,,,
,,,,,,,,,,,,,,
,,,,,,,,,,,,,,
,EQ. CD-1704 VESTIDO CHARMIN APLICACION CON MANGA,,,,,,,,,,,,,
,,,,,,,,,,,,,,
,Clave:,,CD1704,,,,Existencia:,,0,,,,,
,,,,,,,,,,,,,,
,Departamento:,,VESTIDOS,,,,Precio:,,"$ 1,099.90",,,,,
,,,,,,,,,,,,,,
,Categoría:,,COMUNION,,,,,,,,,,,
,,,,,,,,,,,,,,
,,,,,,,,,,,,,,
,,,,,,,,,,,,,,
,EQ. CD-1844 VESTIDO PECHERA APLICACION EVORY,,,,,,,,,,,,,
,,,,,,,,,,,,,,
,Clave:,,CD1844,,,,Existencia:,,0,,,,,
,,,,,,,,,,,,,,
,Departamento:,,VESTIDOS,,,,Precio:,,$ 849.90,,,,,
,,,,,,,,,,,,,,
,Categoría:,,COMUNION,,,,,,,,,,,
,,,,,,,,,,,,,,
,,,,,,,,,,,,,,
,,,,,,,,,,,,,,
,EQ. CD-1848 VESTIDO ONDAS DESMONTABLE,,,,,,,,,,,,,
,,,,,,,,,,,,,,
,Clave:,,CD1848,,,,Existencia:,,0,,,,,
,,,,,,,,,,,,,,
,Departamento:,,VESTIDOS,,,,Precio:,,"$ 1,099.90",,,,,
,,,,,,,,,,,,,,
,Categoría:,,COMUNION,,,,,,,,,,,
,,,,,,,,,,,,,,
,,,,,,,,,,,,,,
,,,,,,,,,,,,,,
,EQ. CD-1880 VESTIDO SULEMA ENCAJE DIMENCION,,,,,,,,,,,,,
,,,,,,,,,,,,,,
,Clave:,,CD1880,,,,Existencia:,,0,,,,,
,,,,,,,,,,,,,,
,Departamento:,,VESTIDOS,,,,Precio:,,"$ 1,399.90",,,,,
,,,,,,,,,,,,,,
,Categoría:,,COMUNION,,,,,,,,,,,
,,,,,,,,,,,,,,
,,,,,,,,,,,,,,
,,,,,,,,,,,,,,
,EQ. CD-1886 VESTIDO HOJA APLICACION EVORY,,,,,,,,,,,,,
,,,,,,,,,,,,,,
,Clave:,,CD1886,,,,Existencia:,,0,,,,,
,,,,,,,,,,,,,,
,Departamento:,,VESTIDOS,,,,Precio:,,"$ 1,099.90",,,,,
,,,,,,,,,,,,,,
,Categoría:,,COMUNION,,,,,,,,,,,
,,,,,,,,,,,,,,
,,,,,,,,,,,,,,
,,,,,,,,,,,,,,
,EQ. CD-1890 VESTIDO HOJA APLICACION EVORY CD2085,,,,,,,,,,,,,
,,,,,,,,,,,,,,
,Clave:,,CD1890,,,,Existencia:,,0,,,,,
,,,,,,,,,,,,,,
,Departamento:,,VESTIDOS,,,,Precio:,,"$ 1,099.90",,,,,
,,,,,,,,,,,,,,
,Categoría:,,COMUNION,,,,,,,,,,,
,,,,,,,,,,,,,,
,,,,,,,,,,,,,,
,,,,,,,,,,,,,,
,EQ. CD-1891 VESTIDO PECHERA DIAGONAL CON APLICACION,,,,,,,,,,,,,
,,,,,,,,,,,,,,
,Clave:,,CD1891,,,,Existencia:,,0,,,,,
,,,,,,,,,,,,,,
,Departamento:,,VESTIDOS,,,,Precio:,,$ 939.90,,,,,
,,,,,,,,,,,,,,
,Categoría:,,COMUNION,,,,,,,,,,,
,,,,,,,,,,,,,,
,,,,,,,,,,,,,,
,,,,,,,,,,,,,,
,EQ. CD-1892 VESTIDO DESMONTABLE ORGANZA ESPEJO,,,,,,,,,,,,,
,,,,,,,,,,,,,,
,Clave:,,CD1892,,,,Existencia:,,0,,,,,
,,,,,,,,,,,,,,
,Departamento:,,VESTIDOS,,,,Precio:,,$ 879.90,,,,,
,,,,,,,,,,,,,,
,Categoría:,,COMUNION,,,,,,,,,,,
,,,,,,,,,,,,,,
,,,,,,,,,,,,,,
,,,,,,,,,,,,,,
,EQ. CD-2031 VESTIDO  ENCAJE DIMENCION PLIZADO,,,,,,,,,,,,,
,,,,,,,,,,,,,,
,Clave:,,CD2031,,,,Existencia:,,0,,,,,
,,,,,,,,,,,,,,
,Departamento:,,VESTIDOS,,,,Precio:,,"$ 1,299.90",,,,,
,,,,,,,,,,,,,,
,Categoría:,,COMUNION,,,,,,,,,,,
,,,,,,,,,,,,,,
,,,,,,,,,,,,,,
,,,,,,,,,,,,,,
,EQ. CD-2040 VESTIDO FAJERO PANAL BROCHE,,,,,,,,,,,,,
,,,,,,,,,,,,,,
,Clave:,,CD2040,,,,Existencia:,,0,,,,,
,,,,,,,,,,,,,,
,Departamento:,,VESTIDOS,,,,Precio:,,$ 999.90,,,,,
,,,,,,,,,,,,,,
,Categoría:,,COMUNION,,,,,,,,,,,
,,,,,,,,,,,,,,
,,,,,,,,,,,,,,
,,,,,,,,,,,,,,
,EQ. CD-2043 VESTIDO RASIMO PERLAS,,,,,,,,,,,,,
,,,,,,,,,,,,,,
,Clave:,,CD2043,,,,Existencia:,,0,,,,,
,,,,,,,,,,,,,,
,Departamento:,,VESTIDOS,,,,Precio:,,"$ 1,099.90",,,,,
,,,,,,,,,,,,,,
,Categoría:,,COMUNION,,,,,,,,,,,
,,,,,,,,,,,,,,
,,,,,,,,,,,,,,
,,,,,,,,,,,,,,
,EQ. CD-2055 VESTIDO ESCOTADO CUELLO HALTER,,,,,,,,,,,,,
,,,,,,,,,,,,,,
,Clave:,,CD2055,,,,Existencia:,,0,,,,,
,,,,,,,,,,,,,,
,Departamento:,,VESTIDOS,,,,Precio:,,$ 999.90,,,,,
,,,,,,,,,,,,,,
,Categoría:,,COMUNION,,,,,,,,,,,
,,,,,,,,,,,,,,
,,,,,,,,,,,,,,
,,,,,,,,,,,,,,
,EQ. CD-2058 VESTIDO PECHERA ROCOCO ILUCION,,,,,,,,,,,,,
,,,,,,,,,,,,,,
,Clave:,,CD2058,,,,Existencia:,,0,,,,,
,,,,,,,,,,,,,,
,Departamento:,,VESTIDOS,,,,Precio:,,$ 959.90,,,,,
,,,,,,,,,,,,,,
,Categoría:,,COMUNION,,,,,,,,,,,
,,,,,,,,,,,,,,
,,,,,,,,,,,,,,
,,,,,,,,,,,,,,
,EQ. CD-2060 VESTIDO ILUCION MANGA ESPAÑOLA,,,,,,,,,,,,,
,,,,,,,,,,,,,,
,Clave:,,CD2060,,,,Existencia:,,0,,,,,
,,,,,,,,,,,,,,
,Departamento:,,VESTIDOS,,,,Precio:,,"$ 1,099.90",,,,,
,,,,,,,,,,,,,,
,Categoría:,,COMUNION,,,,,,,,,,,
,,,,,,,,,,,,,,
,,,,,,,,,,,,,,
,,,,,,,,,,,,,,
,EQ. CD-2066 VESTIDO TUL ILUCION AURORA,,,,,,,,,,,,,
,,,,,,,,,,,,,,
,Clave:,,CD2066,,,,Existencia:,,0,,,,,
,,,,,,,,,,,,,,
,Departamento:,,VESTIDOS,,,,Precio:,,$ 949.90,,,,,
,,,,,,,,,,,,,,
,Categoría:,,COMUNION,,,,,,,,,,,
,,,,,,,,,,,,,,
,,,,,,,,,,,,,,
,,,,,,,,,,,,,,
,EQ. CD-2076 VESTIDO ROCOCO,,,,,,,,,,,,,
,,,,,,,,,,,,,,
,Clave:,,CD2076,,,,Existencia:,,0,,,,,
,,,,,,,,,,,,,,
,Departamento:,,VESTIDOS,,,,Precio:,,"$ 1,299.90",,,,,
,,,,,,,,,,,,,,
,Categoría:,,COMUNION,,,,,,,,,,,
,,,,,,,,,,,,,,
,,,,,,,,,,,,,,
,,,,,,,,,,,,,,
,EQ. CD-2078 VESTIDO RASIMO PERLAS,,,,,,,,,,,,,
,,,,,,,,,,,,,,
,Clave:,,CD2078,,,,Existencia:,,0,,,,,
,,,,,,,,,,,,,,
,Departamento:,,VESTIDOS,,,,Precio:,,"$ 1,099.90",,,,,
,,,,,,,,,,,,,,
,Categoría:,,COMUNION,,,,,,,,,,,
,,,,,,,,,,,,,,
,,,,,,,,,,,,,,
,,,,,,,,,,,,,,
,EQ. CD-2079 VESTIDO PECHERA PLIZADA MARIPOSAS,,,,,,,,,,,,,
,,,,,,,,,,,,,,
,Clave:,,CD2079,,,,Existencia:,,0,,,,,
,,,,,,,,,,,,,,
,Departamento:,,VESTIDOS,,,,Precio:,,"$ 1,059.90",,,,,
,,,,,,,,,,,,,,
,Categoría:,,COMUNION,,,,,,,,,,,
,,,,,,,,,,,,,,
,,,,,,,,,,,,,,
,,,,,,,,,,,,,,
,EQ. CD-2082 VESTIDO CASANDRA FALDA CENEFA,,,,,,,,,,,,,
,,,,,,,,,,,,,,
,Clave:,,CD2082,,,,Existencia:,,0,,,,,
,,,,,,,,,,,,,,
,Departamento:,,VESTIDOS,,,,Precio:,,$ 959.90,,,,,
,,,,,,,,,,,,,,
,Categoría:,,COMUNION,,,,,,,,,,,
,,,,,,,,,,,,,,
,,,,,,,,,,,,,,
,,,,,,,,,,,,,,
,EQ. CD-2085 VESTIDO HOJA APLICACION EVORY CD1890,,,,,,,,,,,,,
,,,,,,,,,,,,,,
,Clave:,,CD2085,,,,Existencia:,,0,,,,,
,,,,,,,,,,,,,,
,Departamento:,,VESTIDOS,,,,Precio:,,"$ 1,099.90",,,,,
,,,,,,,,,,,,,,
,Categoría:,,COMUNION,,,,,,,,,,,
,,,,,,,,,,,,,,
,,,,,,,,,,,,,,
,,,,,,,,,,,,,,
,EQ. CD-2086 VESTIDO PECHERA PANAL DIAMANTE,,,,,,,,,,,,,
,,,,,,,,,,,,,,
,Clave:,,CD2086,,,,Existencia:,,0,,,,,
,,,,,,,,,,,,,,
,Departamento:,,VESTIDOS,,,,Precio:,,"$ 1,099.90",,,,,
,,,,,,,,,,,,,,
,Categoría:,,COMUNION,,,,,,,,,,,
,,,,,,,,,,,,,,
,,,,,,,,,,,,,,
,,,,,,,,,,,,,,
,EQ. CD-2090 VESTIDO PECHERA APLICACION MANGA ESPAÑOLA,,,,,,,,,,,,,
,,,,,,,,,,,,,,
,Clave:,,CD2090,,,,Existencia:,,0,,,,,
,,,,,,,,,,,,,,
,Departamento:,,VESTIDOS,,,,Precio:,,"$ 1,099.90",,,,,
,,,,,,,,,,,,,,
,Categoría:,,COMUNION,,,,,,,,,,,
,,,,,,,,,,,,,,
,,,,,,,,,,,,,,
,,,,,,,,,,,,,,
,EQ. CD-2091 VESTIDO DESM. OLANES ROSALES,,,,,,,,,,,,,
,,,,,,,,,,,,,,
,Clave:,,CD2091,,,,Existencia:,,0,,,,,
,,,,,,,,,,,,,,
,Departamento:,,VESTIDOS,,,,Precio:,,$ 999.90,,,,,
,,,,,,,,,,,,,,
,Categoría:,,COMUNION,,,,,,,,,,,
,,,,,,,,,,,,,,
,,,,,,,,,,,,,,
,,,,,,,,,,,,,,
,EQ. CD-2092 VESTIDO PECHERA ENCAJE FLORAL,,,,,,,,,,,,,
,,,,,,,,,,,,,,
,Clave:,,CD2092,,,,Existencia:,,0,,,,,
,,,,,,,,,,,,,,
,Departamento:,,VESTIDOS,,,,Precio:,,"$ 1,079.90",,,,,
,,,,,,,,,,,,,,
,Categoría:,,COMUNION,,,,,,,,,,,
,,,,,,,,,,,,,,
,,,,,,,,,,,,,,
,,,,,,,,,,,,,,
,EQ. CD-2093 VESTIDO DANES APLICACION,,,,,,,,,,,,,
,,,,,,,,,,,,,,
,Clave:,,CD2093,,,,Existencia:,,0,,,,,
,,,,,,,,,,,,,,
,Departamento:,,VESTIDOS,,,,Precio:,,"$ 1,099.90",,,,,
,,,,,,,,,,,,,,
,Categoría:,,COMUNION,,,,,,,,,,,
,,,,,,,,,,,,,,
,,,,,,,,,,,,,,
,,,,,,,,,,,,,,
,EQ. CD-2094 VESTIDO PECHERA PERLA BORDADO FALDA DOBLE CENEFA,,,,,,,,,,,,,
,,,,,,,,,,,,,,
,Clave:,,CD2094,,,,Existencia:,,0,,,,,
,,,,,,,,,,,,,,
,Departamento:,,VESTIDOS,,,,Precio:,,"$ 1,199.90",,,,,
,,,,,,,,,,,,,,
,Categoría:,,COMUNION,,,,,,,,,,,
,,,,,,,,,,,,,,
,,,,,,,,,,,,,,
,,,,,,,,,,,,,,
,EQ. CD-2097 VESTIDO DESM. PECHERA TUL ILUSION BORDADA,,,,,,,,,,,,,
,,,,,,,,,,,,,,
,Clave:,,CD2097,,,,Existencia:,,0,,,,,
,,,,,,,,,,,,,,
,Departamento:,,VESTIDOS,,,,Precio:,,$ 999.90,,,,,
,,,,,,,,,,,,,,
,Categoría:,,COMUNION,,,,,,,,,,,
,,,,,,,,,,,,,,
,,,,,,,,,,,,,,
,,,,,,,,,,,,,,
,EQ. CD-2099 VESTIDO PECHERA MARIPOSAS,,,,,,,,,,,,,
,,,,,,,,,,,,,,
,Clave:,,CD2099,,,,Existencia:,,0,,,,,
,,,,,,,,,,,,,,
,Departamento:,,VESTIDOS,,,,Precio:,,$ 959.90,,,,,
,,,,,,,,,,,,,,
,Categoría:,,COMUNION,,,,,,,,,,,
,,,,,,,,,,,,,,
,,,,,,,,,,,,,,
,,,,,,,,,,,,,,
,EQ. CD-3010 VESTIDO PRINCES TUL SINTILLAS,,,,,,,,,,,,,
,,,,,,,,,,,,,,
,Clave:,,CD3010,,,,Existencia:,,0,,,,,
,,,,,,,,,,,,,,
,Departamento:,,VESTIDOS,,,,Precio:,,"$ 1,349.90",,,,,
,,,,,,,,,,,,,,
,Categoría:,,COMUNION,,,,,,,,,,,
,,,,,,,,,,,,,,
,,,,,,,,,,,,,,
,,,,,,,,,,,,,,
,EQ. CD-3014 VESTIDO PECHERA FLORAL,,,,,,,,,,,,,
,,,,,,,,,,,,,,
,Clave:,,CD3014,,,,Existencia:,,0,,,,,
,,,,,,,,,,,,,,
,Departamento:,,VESTIDOS,,,,Precio:,,$ 959.90,,,,,
,,,,,,,,,,,,,,
,Categoría:,,COMUNION,,,,,,,,,,,
,,,,,,,,,,,,,,
,,,,,,,,,,,,,,
,,,,,,,,,,,,,,
,EQ. CD-3023 VESTIDO DESMONTABLE FLORAL 3D,,,,,,,,,,,,,
,,,,,,,,,,,,,,
,Clave:,,CD3023,,,,Existencia:,,0,,,,,
,,,,,,,,,,,,,,
,Departamento:,,VESTIDOS,,,,Precio:,,"$ 1,349.90",,,,,
,,,,,,,,,,,,,,
,Categoría:,,COMUNION,,,,,,,,,,,
,,,,,,,,,,,,,,
,,,,,,,,,,,,,,
,,,,,,,,,,,,,,
,EQ. CD-3025 VESTIDO PATO APLICACION LENTEJUELA BLANCA,,,,,,,,,,,,,
,,,,,,,,,,,,,,
,Clave:,,CD3025,,,,Existencia:,,0,,,,,
,,,,,,,,,,,,,,
,Departamento:,,VESTIDOS,,,,Precio:,,"$ 1,399.90",,,,,
,,,,,,,,,,,,,,
,Categoría:,,COMUNION,,,,,,,,,,,
,,,,,,,,,,,,,,
,,,,,,,,,,,,,,
,,,,,,,,,,,,,,
,EQ. CD-3027 VESTIDO CENEFA APLICACION,,,,,,,,,,,,,
,,,,,,,,,,,,,,
,Clave:,,CD3027,,,,Existencia:,,0,,,,,
,,,,,,,,,,,,,,
,Departamento:,,VESTIDOS,,,,Precio:,,"$ 1,349.90",,,,,
,,,,,,,,,,,,,,
,Categoría:,,COMUNION,,,,,,,,,,,
,,,,,,,,,,,,,,
,,,,,,,,,,,,,,
,,,,,,,,,,,,,,
,EQ. CD-3030 VESTIDO MUÑECA DANEZA,,,,,,,,,,,,,
,,,,,,,,,,,,,,
,Clave:,,CD3030,,,,Existencia:,,0,,,,,
,,,,,,,,,,,,,,
,Departamento:,,VESTIDOS,,,,Precio:,,"$ 1,299.90",,,,,
,,,,,,,,,,,,,,
,Categoría:,,COMUNION,,,,,,,,,,,
,,,,,,,,,,,,,,
,,,,,,,,,,,,,,
,,,,,,,,,,,,,,
,EQ. CD-3033 VESTIDO PECHERA ROMBO FLOR 3D,,,,,,,,,,,,,
,,,,,,,,,,,,,,
,Clave:,,CD3033,,,,Existencia:,,0,,,,,
,,,,,,,,,,,,,,
,Departamento:,,VESTIDOS,,,,Precio:,,"$ 1,299.90",,,,,
,,,,,,,,,,,,,,
,Categoría:,,COMUNION,,,,,,,,,,,
,,,,,,,,,,,,,,
,,,,,,,,,,,,,,
,,,,,,,,,,,,,,
,EQ. CD-3034 VESTIDO PECHERA MINILENTEJUELA,,,,,,,,,,,,,
,,,,,,,,,,,,,,
,Clave:,,CD3034,,,,Existencia:,,0,,,,,
,,,,,,,,,,,,,,
,Departamento:,,VESTIDOS,,,,Precio:,,"$ 1,299.90",,,,,
,,,,,,,,,,,,,,
,Categoría:,,COMUNION,,,,,,,,,,,
,,,,,,,,,,,,,,
,,,,,,,,,,,,,,
,,,,,,,,,,,,,,
,EQ. CD-3037 VESTIDO CAPA FLORAL ESCOTADO FLORES 3D,,,,,,,,,,,,,
,,,,,,,,,,,,,,
,Clave:,,CD3037,,,,Existencia:,,0,,,,,
,,,,,,,,,,,,,,
,Departamento:,,VESTIDOS,,,,Precio:,,"$ 1,339.90",,,,,
,,,,,,,,,,,,,,
,Categoría:,,COMUNION,,,,,,,,,,,
,,,,,,,,,,,,,,
,,,,,,,,,,,,,,
,,,,,,,,,,,,,,
,EQ. CD-3040 VESTIDO DESMONTABLE ALE APLICACION,,,,,,,,,,,,,
,,,,,,,,,,,,,,
,Clave:,,CD3040,,,,Existencia:,,0,,,,,
,,,,,,,,,,,,,,
,Departamento:,,VESTIDOS,,,,Precio:,,"$ 1,299.90",,,,,
,,,,,,,,,,,,,,
,Categoría:,,COMUNION,,,,,,,,,,,
,,,,,,,,,,,,,,
,,,,,,,,,,,,,,
,,,,,,,,,,,,,,
,EQ. CD-3042 VESTIDO RUBY ENCAJE IVORY,,,,,,,,,,,,,
,,,,,,,,,,,,,,
,Clave:,,CD3042,,,,Existencia:,,0,,,,,
,,,,,,,,,,,,,,
,Departamento:,,VESTIDOS,,,,Precio:,,"$ 1,299.90",,,,,
,,,,,,,,,,,,,,
,Categoría:,,COMUNION,,,,,,,,,,,
,,,,,,,,,,,,,,
,,,,,,,,,,,,,,
,,,,,,,,,,,,,,
,EQ. CD-3045 VESTIDO DESM. APLICACION PLATEADA,,,,,,,,,,,,,
,,,,,,,,,,,,,,
,Clave:,,CD3045,,,,Existencia:,,0,,,,,
,,,,,,,,,,,,,,
,Departamento:,,VESTIDOS,,,,Precio:,,"$ 1,489.90",,,,,
,,,,,,,,,,,,,,
,Categoría:,,COMUNION,,,,,,,,,,,
,,,,,,,,,,,,,,
,,,,,,,,,,,,,,
,,,,,,,,,,,,,,
,EQ. CD-3046 VESTIDO RASIMO HOJAS ORGANZA,,,,,,,,,,,,,
,,,,,,,,,,,,,,
,Clave:,,CD3046,,,,Existencia:,,0,,,,,
,,,,,,,,,,,,,,
,Departamento:,,VESTIDOS,,,,Precio:,,"$ 1,169.90",,,,,
,,,,,,,,,,,,,,
,Categoría:,,COMUNION,,,,,,,,,,,
,,,,,,,,,,,,,,
,,,,,,,,,,,,,,
,,,,,,,,,,,,,,
,EQ. CD-3056 VESTIDO PECHERA PIEL DE ANGEL,,,,,,,,,,,,,
,,,,,,,,,,,,,,
,Clave:,,CD3056,,,,Existencia:,,0,,,,,
,,,,,,,,,,,,,,
,Departamento:,,VESTIDOS,,,,Precio:,,"$ 1,199.90",,,,,
,,,,,,,,,,,,,,
,Categoría:,,COMUNION,,,,,,,,,,,
,,,,,,,,,,,,,,
,,,,,,,,,,,,,,
,,,,,,,,,,,,,,
,EQ. CD-3057 VESTIDO DANEZ APLICACION 3D,,,,,,,,,,,,,
,,,,,,,,,,,,,,
,Clave:,,CD3057,,,,Existencia:,,0,,,,,
,,,,,,,,,,,,,,
,Departamento:,,VESTIDOS,,,,Precio:,,"$ 1,699.90",,,,,
,,,,,,,,,,,,,,
,Categoría:,,COMUNION,,,,,,,,,,,
,,,,,,,,,,,,,,
,,,,,,,,,,,,,,
,,,,,,,,,,,,,,
,EQ. CD-3059 VESTIDO CUELLO REJILLA PECHERA FLORES 3D,,,,,,,,,,,,,
,,,,,,,,,,,,,,
,Clave:,,CD3059,,,,Existencia:,,0,,,,,
,,,,,,,,,,,,,,
,Departamento:,,VESTIDOS,,,,Precio:,,"$ 1,299.90",,,,,
,,,,,,,,,,,,,,
,Categoría:,,COMUNION,,,,,,,,,,,
,,,,,,,,,,,,,,
,,,,,,,,,,,,,,
,,,,,,,,,,,,,,
,EQ. CD-3063 VESTIDO DIAMANTIN CAPA FLORES 3D,,,,,,,,,,,,,
,,,,,,,,,,,,,,
,Clave:,,CD3063,,,,Existencia:,,0,,,,,
,,,,,,,,,,,,,,
,Departamento:,,VESTIDOS,,,,Precio:,,"$ 1,339.90",,,,,
,,,,,,,,,,,,,,
,Categoría:,,COMUNION,,,,,,,,,,,
,,,,,,,,,,,,,,
,,,,,,,,,,,,,,
,,,,,,,,,,,,,,
,EQ. CD-3074 VESTIDO HADA TUL CENEFA ROBOS PLATEADOS,,,,,,,,,,,,,
,,,,,,,,,,,,,,
,Clave:,,CD3074,,,,Existencia:,,0,,,,,
,,,,,,,,,,,,,,
,Departamento:,,VESTIDOS,,,,Precio:,,"$ 1,299.90",,,,,
,,,,,,,,,,,,,,
,Categoría:,,COMUNION,,,,,,,,,,,
,,,,,,,,,,,,,,
,,,,,,,,,,,,,,
,,,,,,,,,,,,,,
,EQ. CD-4022 VESTIDO MAGGIE,,,,,,,,,,,,,
,,,,,,,,,,,,,,
,Clave:,,CD4022,,,,Existencia:,,0,,,,,
,,,,,,,,,,,,,,
,Departamento:,,VESTIDOS,,,,Precio:,,"$ 1,499.90",,,,,
,,,,,,,,,,,,,,
,Categoría:,,COMUNION,,,,,,,,,,,
,,,,,,,,,,,,,,
,,,,,,,,,,,,,,
,,,,,,,,,,,,,,
,EQ. CD-4024 VESTIDO MERE 3D FALDA,,,,,,,,,,,,,
,,,,,,,,,,,,,,
,Clave:,,CD4024,,,,Existencia:,,0,,,,,
,,,,,,,,,,,,,,
,Departamento:,,VESTIDOS,,,,Precio:,,"$ 1,369.90",,,,,
,,,,,,,,,,,,,,
,Categoría:,,COMUNION,,,,,,,,,,,
,,,,,,,,,,,,,,
,,,,,,,,,,,,,,
,,,,,,,,,,,,,,
,EQ. CD-4027 VESTIDO CINTURA EN PICO FLORAL,,,,,,,,,,,,,
,,,,,,,,,,,,,,
,Clave:,,CD4027,,,,Existencia:,,0,,,,,
,,,,,,,,,,,,,,
,Departamento:,,VESTIDOS,,,,Precio:,,"$ 1,399.90",,,,,
,,,,,,,,,,,,,,
,Categoría:,,COMUNION,,,,,,,,,,,
,,,,,,,,,,,,,,
,,,,,,,,,,,,,,
,,,,,,,,,,,,,,
,EQ. CD-4029 VESTIDO CORAL,,,,,,,,,,,,,
,,,,,,,,,,,,,,
,Clave:,,CD4029,,,,Existencia:,,0,,,,,
,,,,,,,,,,,,,,
,Departamento:,,VESTIDOS,,,,Precio:,,"$ 1,399.90",,,,,
,,,,,,,,,,,,,,
,Categoría:,,COMUNION,,,,,,,,,,,
,,,,,,,,,,,,,,
,,,,,,,,,,,,,,
,,,,,,,,,,,,,,
,EQ. CD-4034 VESTIDO SONIA CLITER,,,,,,,,,,,,,
,,,,,,,,,,,,,,
,Clave:,,CD4034,,,,Existencia:,,0,,,,,
,,,,,,,,,,,,,,
,Departamento:,,VESTIDOS,,,,Precio:,,"$ 1,399.90",,,,,
,,,,,,,,,,,,,,
,Categoría:,,COMUNION,,,,,,,,,,,
,,,,,,,,,,,,,,
,,,,,,,,,,,,,,
,,,,,,,,,,,,,,
,EQ. CD-4036 VESTIDO KENIA 3D,,,,,,,,,,,,,
,,,,,,,,,,,,,,
,Clave:,,CD4036,,,,Existencia:,,0,,,,,
,,,,,,,,,,,,,,
,Departamento:,,VESTIDOS,,,,Precio:,,"$ 1,399.90",,,,,
,,,,,,,,,,,,,,
,Categoría:,,COMUNION,,,,,,,,,,,
,,,,,,,,,,,,,,
,,,,,,,,,,,,,,
,,,,,,,,,,,,,,
,EQ. CD-4037 VESTIDO ARACELY COLA DE PATO,,,,,,,,,,,,,
,,,,,,,,,,,,,,
,Clave:,,CD4037,,,,Existencia:,,0,,,,,
,,,,,,,,,,,,,,
,Departamento:,,VESTIDOS,,,,Precio:,,"$ 1,399.90",,,,,
,,,,,,,,,,,,,,
,Categoría:,,COMUNION,,,,,,,,,,,
,,,,,,,,,,,,,,
,,,,,,,,,,,,,,
,,,,,,,,,,,,,,
,EQ. CD-4051 VESTIDO PAVO REAL,,,,,,,,,,,,,
,,,,,,,,,,,,,,
,Clave:,,CD4051,,,,Existencia:,,0,,,,,
,,,,,,,,,,,,,,
,Departamento:,,VESTIDOS,,,,Precio:,,"$ 1,199.90",,,,,
,,,,,,,,,,,,,,
,Categoría:,,COMUNION,,,,,,,,,,,
,,,,,,,,,,,,,,
,,,,,,,,,,,,,,
,,,,,,,,,,,,,,
,EQ. CD-4053 VESTIDO PERLITA CD4033,,,,,,,,,,,,,
,,,,,,,,,,,,,,
,Clave:,,CD4053,,,,Existencia:,,0,,,,,
,,,,,,,,,,,,,,
,Departamento:,,VESTIDOS,,,,Precio:,,"$ 1,639.90",,,,,
,,,,,,,,,,,,,,
,Categoría:,,COMUNION,,,,,,,,,,,
,,,,,,,,,,,,,,
,,,,,,,,,,,,,,
,,,,,,,,,,,,,,
,EQ. CD-4054 VESTIDO DANEZ,,,,,,,,,,,,,
,,,,,,,,,,,,,,
,Clave:,,CD4054,,,,Existencia:,,0,,,,,
,,,,,,,,,,,,,,
,Departamento:,,VESTIDOS,,,,Precio:,,"$ 1,399.90",,,,,
,,,,,,,,,,,,,,
,Categoría:,,COMUNION,,,,,,,,,,,
,,,,,,,,,,,,,,
,,,,,,,,,,,,,,
,,,,,,,,,,,,,,
,EQ. CD-4058 VESTIDO COCO,,,,,,,,,,,,,
,,,,,,,,,,,,,,
,Clave:,,CD4058,,,,Existencia:,,0,,,,,
,,,,,,,,,,,,,,
,Departamento:,,VESTIDOS,,,,Precio:,,"$ 1,499.90",,,,,
,,,,,,,,,,,,,,
,Categoría:,,COMUNION,,,,,,,,,,,
,,,,,,,,,,,,,,
,,,,,,,,,,,,,,
,,,,,,,,,,,,,,
,EQ. CD-4064 VESTIDO TULIPANES,,,,,,,,,,,,,
,,,,,,,,,,,,,,
,Clave:,,CD4064,,,,Existencia:,,0,,,,,
,,,,,,,,,,,,,,
,Departamento:,,VESTIDOS,,,,Precio:,,"$ 1,369.90",,,,,
,,,,,,,,,,,,,,
,Categoría:,,COMUNION,,,,,,,,,,,
,,,,,,,,,,,,,,
,,,,,,,,,,,,,,
,,,,,,,,,,,,,,
,EQ. CD-4065 VESTIDO DORIS,,,,,,,,,,,,,
,,,,,,,,,,,,,,
,Clave:,,CD4065,,,,Existencia:,,0,,,,,
,,,,,,,,,,,,,,
,Departamento:,,VESTIDOS,,,,Precio:,,"$ 1,499.90",,,,,
,,,,,,,,,,,,,,
,Categoría:,,COMUNION,,,,,,,,,,,
,,,,,,,,,,,,,,
,,,,,,,,,,,,,,
,,,,,,,,,,,,,,
,EQ. CD-4066 VESTIDO PECHERA ENAJE DULCE,,,,,,,,,,,,,
,,,,,,,,,,,,,,
,Clave:,,CD4066,,,,Existencia:,,0,,,,,
,,,,,,,,,,,,,,
,Departamento:,,VESTIDOS,,,,Precio:,,"$ 1,199.90",,,,,
,,,,,,,,,,,,,,
,Categoría:,,COMUNION,,,,,,,,,,,
,,,,,,,,,,,,,,
,,,,,,,,,,,,,,
,,,,,,,,,,,,,,
,EQ. CD-4068 VESTIDO MAGUE,,,,,,,,,,,,,
,,,,,,,,,,,,,,
,Clave:,,CD4068,,,,Existencia:,,0,,,,,
,,,,,,,,,,,,,,
,Departamento:,,VESTIDOS,,,,Precio:,,"$ 1,369.90",,,,,
,,,,,,,,,,,,,,
,Categoría:,,COMUNION,,,,,,,,,,,
,,,,,,,,,,,,,,
,,,,,,,,,,,,,,
,,,,,,,,,,,,,,
,EQ. CD-4070 VESTIDO DESMONTABLE ALEJANDRIA,,,,,,,,,,,,,
,,,,,,,,,,,,,,
,Clave:,,CD4070,,,,Existencia:,,0,,,,,
,,,,,,,,,,,,,,
,Departamento:,,VESTIDOS,,,,Precio:,,"$ 1,599.90",,,,,
,,,,,,,,,,,,,,
,Categoría:,,COMUNION,,,,,,,,,,,
,,,,,,,,,,,,,,
,,,,,,,,,,,,,,
,,,,,,,,,,,,,,
,EQ. CD-4072 VESTIDO FERNANDA ROCOCO DESMONTABLE,,,,,,,,,,,,,
,,,,,,,,,,,,,,
,Clave:,,CD4072,,,,Existencia:,,0,,,,,
,,,,,,,,,,,,,,
,Departamento:,,VESTIDOS,,,,Precio:,,"$ 1,599.90",,,,,
,,,,,,,,,,,,,,
,Categoría:,,COMUNION,,,,,,,,,,,
,,,,,,,,,,,,,,
,,,,,,,,,,,,,,
,,,,,,,,,,,,,,
,EQ. CD-4075 VESTIDO COCO,,,,,,,,,,,,,
,,,,,,,,,,,,,,
,Clave:,,CD4075,,,,Existencia:,,0,,,,,
,,,,,,,,,,,,,,
,Departamento:,,VESTIDOS,,,,Precio:,,"$ 1,499.90",,,,,
,,,,,,,,,,,,,,
,Categoría:,,COMUNION,,,,,,,,,,,
,,,,,,,,,,,,,,
,,,,,,,,,,,,,,
,,,,,,,,,,,,,,
,EQ. DCM-32 VESTIDO BROCHE MEDIO ABANICO TUL BRILLOS,,,,,,,,,,,,,
,,,,,,,,,,,,,,
,Clave:,,CDM032,,,,Existencia:,,0,,,,,
,,,,,,,,,,,,,,
,Departamento:,,VESTIDOS,,,,Precio:,,$ 859.90,,,,,
,,,,,,,,,,,,,,
,Categoría:,,COMUNION,,,,,,,,,,,
,,,,,,,,,,,,,,
,,,,,,,,,,,,,,
,,,,,,,,,,,,,,
,EQ. CE-0301 VESTIDO ARA CANUTILLO,,,,,,,,,,,,,
,,,,,,,,,,,,,,
,Clave:,,CE0301,,,,Existencia:,,0,,,,,
,,,,,,,,,,,,,,
,Departamento:,,VESTIDOS,,,,Precio:,,"$ 1,339.90",,,,,
,,,,,,,,,,,,,,
,Categoría:,,COMUNION,,,,,,,,,,,
,,,,,,,,,,,,,,
,,,,,,,,,,,,,,
,,,,,,,,,,,,,,
,EQ. CE-0303 VESTIDO ABA CINTILLAS,,,,,,,,,,,,,
,,,,,,,,,,,,,,
,Clave:,,CE0303,,,,Existencia:,,0,,,,,
,,,,,,,,,,,,,,
,Departamento:,,VESTIDOS,,,,Precio:,,"$ 1,339.90",,,,,
,,,,,,,,,,,,,,
,Categoría:,,COMUNION,,,,,,,,,,,
,,,,,,,,,,,,,,
,,,,,,,,,,,,,,
,,,,,,,,,,,,,,
,EQ. CE-0306 VESTIDO VELISSIMA MARIPOSA,,,,,,,,,,,,,
,,,,,,,,,,,,,,
,Clave:,,CE0306,,,,Existencia:,,0,,,,,
,,,,,,,,,,,,,,
,Departamento:,,VESTIDOS,,,,Precio:,,"$ 1,539.90",,,,,
,,,,,,,,,,,,,,
,Categoría:,,COMUNION,,,,,,,,,,,
,,,,,,,,,,,,,,
,,,,,,,,,,,,,,
,,,,,,,,,,,,,,
,EQ. CE-0309 VESTIDO VANESSA DESMONTABLE,,,,,,,,,,,,,
,,,,,,,,,,,,,,
,Clave:,,CE0309,,,,Existencia:,,0,,,,,
,,,,,,,,,,,,,,
,Departamento:,,VESTIDOS,,,,Precio:,,"$ 1,269.90",,,,,
,,,,,,,,,,,,,,
,Categoría:,,COMUNION,,,,,,,,,,,
,,,,,,,,,,,,,,
,,,,,,,,,,,,,,
,,,,,,,,,,,,,,
,EQ. CE-0311 VESTIDO MAGUI FALDA GUIPIURE,,,,,,,,,,,,,
,,,,,,,,,,,,,,
,Clave:,,CE0311,,,,Existencia:,,0,,,,,
,,,,,,,,,,,,,,
,Departamento:,,VESTIDOS,,,,Precio:,,"$ 1,899.90",,,,,
,,,,,,,,,,,,,,
,Categoría:,,COMUNION,,,,,,,,,,,
,,,,,,,,,,,,,,
,,,,,,,,,,,,,,
,,,,,,,,,,,,,,
,EQ. CE-0313 VESTIDO NINFA ROCOCO,,,,,,,,,,,,,
,,,,,,,,,,,,,,
,Clave:,,CE0313,,,,Existencia:,,0,,,,,
,,,,,,,,,,,,,,
,Departamento:,,VESTIDOS,,,,Precio:,,"$ 1,549.90",,,,,
,,,,,,,,,,,,,,
,Categoría:,,COMUNION,,,,,,,,,,,
,,,,,,,,,,,,,,
,,,,,,,,,,,,,,
,,,,,,,,,,,,,,
,EQ. CE-0315 VESTIDO NEREIDA ROMBOS,,,,,,,,,,,,,
,,,,,,,,,,,,,,
,Clave:,,CE0315,,,,Existencia:,,0,,,,,
,,,,,,,,,,,,,,
,Departamento:,,VESTIDOS,,,,Precio:,,"$ 1,649.90",,,,,
,,,,,,,,,,,,,,
,Categoría:,,COMUNION,,,,,,,,,,,
,,,,,,,,,,,,,,
,,,,,,,,,,,,,,
,,,,,,,,,,,,,,
,EQ. CN-0404 VESTIDO ORGANZA ROSAL,,,,,,,,,,,,,
,,,,,,,,,,,,,,
,Clave:,,CN0404,,,,Existencia:,,0,,,,,
,,,,,,,,,,,,,,
,Departamento:,,VESTIDOS,,,,Precio:,,$ 669.90,,,,,
,,,,,,,,,,,,,,
,Categoría:,,COMUNION,,,,,,,,,,,
,,,,,,,,,,,,,,
,,,,,,,,,,,,,,
,,,,,,,,,,,,,,
,EQ. CN-0412 VESTIDO TUL BRILLOS BANDA APLICACION,,,,,,,,,,,,,
,,,,,,,,,,,,,,
,Clave:,,CN0412,,,,Existencia:,,0,,,,,
,,,,,,,,,,,,,,
,Departamento:,,VESTIDOS,,,,Precio:,,$ 599.90,,,,,
,,,,,,,,,,,,,,
,Categoría:,,COMUNION,,,,,,,,,,,
,,,,,,,,,,,,,,
,,,,,,,,,,,,,,
,,,,,,,,,,,,,,
,EQ. CN-0422 VESTIDO TUL TIRANTES PEDRERIA,,,,,,,,,,,,,
,,,,,,,,,,,,,,
,Clave:,,CN0422,,,,Existencia:,,0,,,,,
,,,,,,,,,,,,,,
,Departamento:,,VESTIDOS,,,,Precio:,,$ 729.90,,,,,
,,,,,,,,,,,,,,
,Categoría:,,COMUNION,,,,,,,,,,,
,,,,,,,,,,,,,,
,,,,,,,,,,,,,,
,,,,,,,,,,,,,,
,EQ. CP-429 PALAZZO ALICE GUIPURE,,,,,,,,,,,,,
,,,,,,,,,,,,,,
,Clave:,,CP0429,,,,Existencia:,,0,,,,,
,,,,,,,,,,,,,,
,Departamento:,,VESTIDOS,,,,Precio:,,"$ 1,199.90",,,,,
,,,,,,,,,,,,,,
,Categoría:,,COMUNION,,,,,,,,,,,
,,,,,,,,,,,,,,
,,,,,,,,,,,,,,
,,,,,,,,,,,,,,
,EQ. VESTIDO CIRCULAR RAZO DE NOVIA TALLA,,,,,,,,,,,,,
,,,,,,,,,,,,,,
,Clave:,,CR9001,,,,Existencia:,,0,,,,,
,,,,,,,,,,,,,,
,Departamento:,,VESTIDOS,,,,Precio:,,$ 949.90,,,,,
,,,,,,,,,,,,,,
,Categoría:,,COMUNION,,,,,,,,,,,
,,,,,,,,,,,,,,
,,,,,,,,,,,,,,
,,,,,,,,,,,,,,
,EQ. VESTIDO CIRCULAR RAZO DE NOVIA TALLA 8 AL 12,,,,,,,,,,,,,
,,,,,,,,,,,,,,
,Clave:,,CR9001-33,,,,Existencia:,,0,,,,,
,,,,,,,,,,,,,,
,Departamento:,,VESTIDOS,,,,Precio:,,$ 949.90,,,,,
,,,,,,,,,,,,,,
,Categoría:,,COMUNION,,,,,,,,,,,
,,,,,,,,,,,,,,
,,,,,,,,,,,,,,
,,,,,,,,,,,,,,
,EQ. VESTIDO CIRCULAR RAZO DE NOVIA TALLA 14 AL 16,,,,,,,,,,,,,
,,,,,,,,,,,,,,
,Clave:,,CR9001-34,,,,Existencia:,,0,,,,,
,,,,,,,,,,,,,,
,Departamento:,,VESTIDOS,,,,Precio:,,$ 949.90,,,,,
,,,,,,,,,,,,,,
,Categoría:,,COMUNION,,,,,,,,,,,
,,,,,,,,,,,,,,
,,,,,,,,,,,,,,
,,,,,,,,,,,,,,
,EQ. CR-9052 VESTIDO CHANEL REBE PERLAS CIRCULAR TALLA,,,,,,,,,,,,,
,,,,,,,,,,,,,,
,Clave:,,CR9052,,,,Existencia:,,0,,,,,
,,,,,,,,,,,,,,
,Departamento:,,VESTIDOS,,,,Precio:,,$ 949.90,,,,,
,,,,,,,,,,,,,,
,Categoría:,,COMUNION,,,,,,,,,,,
,,,,,,,,,,,,,,
,,,,,,,,,,,,,,
,,,,,,,,,,,,,,
,EQ. CR-9052 VESTIDO CHANEL REBE PERLAS CIRCULAR TALLA 8 AL 12,,,,,,,,,,,,,
,,,,,,,,,,,,,,
,Clave:,,CR9052-33,,,,Existencia:,,0,,,,,
,,,,,,,,,,,,,,
,Departamento:,,VESTIDOS,,,,Precio:,,$ 949.90,,,,,
,,,,,,,,,,,,,,
,Categoría:,,COMUNION,,,,,,,,,,,
,,,,,,,,,,,,,,
,,,,,,,,,,,,,,
,,,,,,,,,,,,,,
,EQ. CR-9052 VESTIDO CHANEL REBE PERLAS CIRCULAR TALLA 14 AL 16,,,,,,,,,,,,,
,,,,,,,,,,,,,,
,Clave:,,CR9052-34,,,,Existencia:,,0,,,,,
,,,,,,,,,,,,,,
,Departamento:,,VESTIDOS,,,,Precio:,,$ 949.90,,,,,
,,,,,,,,,,,,,,
,Categoría:,,COMUNION,,,,,,,,,,,
,,,,,,,,,,,,,,
,,,,,,,,,,,,,,
,,,,,,,,,,,,,,
,EQ. CR-9100 VESTIDO ANGELICAL LISTON  TALLA,,,,,,,,,,,,,
,,,,,,,,,,,,,,
,Clave:,,CR9100,,,,Existencia:,,0,,,,,
,,,,,,,,,,,,,,
,Departamento:,,VESTIDOS,,,,Precio:,,"$ 1,199.90",,,,,
,,,,,,,,,,,,,,
,Categoría:,,COMUNION,,,,,,,,,,,
,,,,,,,,,,,,,,
,,,,,,,,,,,,,,
,,,,,,,,,,,,,,
,EQ. CR-9100 VESTIDO ANGELICAL LISTON  TALLA 8 AL 12,,,,,,,,,,,,,
,,,,,,,,,,,,,,
,Clave:,,CR9100-0812,,,,Existencia:,,0,,,,,
,,,,,,,,,,,,,,
,Departamento:,,VESTIDOS,,,,Precio:,,"$ 1,199.90",,,,,
,,,,,,,,,,,,,,
,Categoría:,,COMUNION,,,,,,,,,,,
,,,,,,,,,,,,,,
,,,,,,,,,,,,,,
,,,,,,,,,,,,,,
,EQ. CR-9100 VESTIDO ANGELICAL LISTON  TALLA 14 AL 16,,,,,,,,,,,,,
,,,,,,,,,,,,,,
,Clave:,,CR9100-1416,,,,Existencia:,,0,,,,,
,,,,,,,,,,,,,,
,Departamento:,,VESTIDOS,,,,Precio:,,"$ 1,199.90",,,,,
,,,,,,,,,,,,,,
,Categoría:,,COMUNION,,,,,,,,,,,
,,,,,,,,,,,,,,
,,,,,,,,,,,,,,
,,,,,,,,,,,,,,
,EQ. CR-9110 VESTIDO ALEXIA TIRA APLICACION  TALLA,,,,,,,,,,,,,
,,,,,,,,,,,,,,
,Clave:,,CR9110,,,,Existencia:,,0,,,,,
,,,,,,,,,,,,,,
,Departamento:,,VESTIDOS,,,,Precio:,,"$ 1,299.90",,,,,
,,,,,,,,,,,,,,
,Categoría:,,COMUNION,,,,,,,,,,,
,,,,,,,,,,,,,,
,,,,,,,,,,,,,,
,,,,,,,,,,,,,,
,EQ. CR-9110 VESTIDO ALEXIA TIRA APLICACION  TALLA 8 AL 12,,,,,,,,,,,,,
,,,,,,,,,,,,,,
,Clave:,,CR9110-0812,,,,Existencia:,,0,,,,,
,,,,,,,,,,,,,,
,Departamento:,,VESTIDOS,,,,Precio:,,"$ 1,299.90",,,,,
,,,,,,,,,,,,,,
,Categoría:,,COMUNION,,,,,,,,,,,
,,,,,,,,,,,,,,
,,,,,,,,,,,,,,
,,,,,,,,,,,,,,
,EQ. CR-9110 VESTIDO ALEXIA TIRA APLICACION  TALLA 14 AL 16,,,,,,,,,,,,,
,,,,,,,,,,,,,,
,Clave:,,CR9110-1416,,,,Existencia:,,0,,,,,
,,,,,,,,,,,,,,
,Departamento:,,VESTIDOS,,,,Precio:,,"$ 1,299.90",,,,,
,,,,,,,,,,,,,,
,Categoría:,,COMUNION,,,,,,,,,,,
,,,,,,,,,,,,,,
,,,,,,,,,,,,,,
,,,,,,,,,,,,,,
,VESTIDO PATRICIA CORTO  COLA PATO TALLA 8 AL 18 M120,,,,,,,,,,,,,
,,,,,,,,,,,,,,
,Clave:,,CR9120,,,,Existencia:,,0,,,,,
,,,,,,,,,,,,,,
,Departamento:,,VESTIDOS,,,,Precio:,,$ 869.90,,,,,
,,,,,,,,,,,,,,
,Categoría:,,VESTIDOS DE GALA,,,,,,,,,,,
,,,,,,,,,,,,,,
,,,,,,,,,,,,,,
,,,,,,,,,,,,,,
,EQ. CR-9125 VESTIDO MONIQUE TUL ILUSION  TALLA,,,,,,,,,,,,,
,,,,,,,,,,,,,,
,Clave:,,CR9125,,,,Existencia:,,0,,,,,
,,,,,,,,,,,,,,
,Departamento:,,VESTIDOS,,,,Precio:,,"$ 1,349.90",,,,,
,,,,,,,,,,,,,,
,Categoría:,,COMUNION,,,,,,,,,,,
,,,,,,,,,,,,,,
,,,,,,,,,,,,,,
,,,,,,,,,,,,,,
,EQ. CR-9824 VESTIDO LISTON  TALLA,,,,,,,,,,,,,
,,,,,,,,,,,,,,
,Clave:,,CR9824,,,,Existencia:,,0,,,,,
,,,,,,,,,,,,,,
,Departamento:,,VESTIDOS,,,,Precio:,,"$ 1,099.90",,,,,
,,,,,,,,,,,,,,
,Categoría:,,COMUNION,,,,,,,,,,,
,,,,,,,,,,,,,,
,,,,,,,,,,,,,,
,,,,,,,,,,,,,,
,EQ. CR-9824 VESTIDO LISTON  TALLA 8 AL 12,,,,,,,,,,,,,
,,,,,,,,,,,,,,
,Clave:,,CR9824-33,,,,Existencia:,,13,,,,,
,,,,,,,,,,,,,,
,Departamento:,,VESTIDOS,,,,Precio:,,"$ 1,099.90",,,,,
,,,,,,,,,,,,,,
,Categoría:,,COMUNION,,,,,,,,,,,
,,,,,,,,,,,,,,
,,,,,,,,,,,,,,
,,,,,,,,,,,,,,
,EQ. CR-9824 VESTIDO LISTON  TALLA 14 AL 16,,,,,,,,,,,,,
,,,,,,,,,,,,,,
,Clave:,,CR9824-34,,,,Existencia:,,6,,,,,
,,,,,,,,,,,,,,
,Departamento:,,VESTIDOS,,,,Precio:,,"$ 1,099.90",,,,,
,,,,,,,,,,,,,,
,Categoría:,,COMUNION,,,,,,,,,,,
,,,,,,,,,,,,,,
,,,,,,,,,,,,,,
,,,,,,,,,,,,,,
,EQ. CR-9904 VESTIDO BOMBOM LENTEJUELA,,,,,,,,,,,,,
,,,,,,,,,,,,,,
,Clave:,,CR9904,,,,Existencia:,,18,,,,,
,,,,,,,,,,,,,,
,Departamento:,,VESTIDOS,,,,Precio:,,$ 949.90,,,,,
,,,,,,,,,,,,,,
,Categoría:,,COMUNION,,,,,,,,,,,
,,,,,,,,,,,,,,
,,,,,,,,,,,,,,
,,,,,,,,,,,,,,
,EQ. CR-9918 VESTIDO ELEGANT CLITER MOD 18 TALLA,,,,,,,,,,,,,
,,,,,,,,,,,,,,
,Clave:,,CR9918,,,,Existencia:,,0,,,,,
,,,,,,,,,,,,,,
,Departamento:,,VESTIDOS,,,,Precio:,,"$ 1,199.90",,,,,
,,,,,,,,,,,,,,
,Categoría:,,COMUNION,,,,,,,,,,,
,,,,,,,,,,,,,,
,,,,,,,,,,,,,,
,,,,,,,,,,,,,,
,EQ. CR-9918 VESTIDO ELEGANT CLITER MOD 18 TALLA 8 AL 12,,,,,,,,,,,,,
,,,,,,,,,,,,,,
,Clave:,,CR9918-33,,,,Existencia:,,13,,,,,
,,,,,,,,,,,,,,
,Departamento:,,VESTIDOS,,,,Precio:,,"$ 1,199.90",,,,,
,,,,,,,,,,,,,,
,Categoría:,,COMUNION,,,,,,,,,,,
,,,,,,,,,,,,,,
,,,,,,,,,,,,,,
,,,,,,,,,,,,,,
,EQ. CR-9918 VESTIDO ELEGANT CLITER MOD 18 TALLA 14 AL 16,,,,,,,,,,,,,
,,,,,,,,,,,,,,
,Clave:,,CR9918-34,,,,Existencia:,,6,,,,,
,,,,,,,,,,,,,,
,Departamento:,,VESTIDOS,,,,Precio:,,"$ 1,199.90",,,,,
,,,,,,,,,,,,,,
,Categoría:,,COMUNION,,,,,,,,,,,
,,,,,,,,,,,,,,
,,,,,,,,,,,,,,
,,,,,,,,,,,,,,
,EQ. CR-9924 VESTIDO ENCAJE CLITER,,,,,,,,,,,,,
,,,,,,,,,,,,,,
,Clave:,,CR9924,,,,Existencia:,,16,,,,,
,,,,,,,,,,,,,,
,Departamento:,,VESTIDOS,,,,Precio:,,$ 949.90,,,,,
,,,,,,,,,,,,,,
,Categoría:,,COMUNION,,,,,,,,,,,
,,,,,,,,,,,,,,
,,,,,,,,,,,,,,
,,,,,,,,,,,,,,
,EQ. CR-9930 VESTIDO PICOS TALLA,,,,,,,,,,,,,
,,,,,,,,,,,,,,
,Clave:,,CR9930,,,,Existencia:,,0,,,,,
,,,,,,,,,,,,,,
,Departamento:,,VESTIDOS,,,,Precio:,,"$ 1,199.90",,,,,
,,,,,,,,,,,,,,
,Categoría:,,COMUNION,,,,,,,,,,,
,,,,,,,,,,,,,,
,,,,,,,,,,,,,,
,,,,,,,,,,,,,,
,EQ. CR-9930 VESTIDO PICOS TALLA 8 AL 12,,,,,,,,,,,,,
,,,,,,,,,,,,,,
,Clave:,,CR9930-33,,,,Existencia:,,13,,,,,
,,,,,,,,,,,,,,
,Departamento:,,VESTIDOS,,,,Precio:,,"$ 1,199.90",,,,,
,,,,,,,,,,,,,,
,Categoría:,,COMUNION,,,,,,,,,,,
,,,,,,,,,,,,,,
,,,,,,,,,,,,,,
,,,,,,,,,,,,,,
,EQ. CR-9930 VESTIDO PICOS TALLA 14 AL 16,,,,,,,,,,,,,
,,,,,,,,,,,,,,
,Clave:,,CR9930-34,,,,Existencia:,,6,,,,,
,,,,,,,,,,,,,,
,Departamento:,,VESTIDOS,,,,Precio:,,"$ 1,199.90",,,,,
,,,,,,,,,,,,,,
,Categoría:,,COMUNION,,,,,,,,,,,
,,,,,,,,,,,,,,
,,,,,,,,,,,,,,
,,,,,,,,,,,,,,
,EQ. CR-9932 VESTIDO CON MANGA CLITER TALLA,,,,,,,,,,,,,
,,,,,,,,,,,,,,
,Clave:,,CR9932,,,,Existencia:,,0,,,,,
,,,,,,,,,,,,,,
,Departamento:,,VESTIDOS,,,,Precio:,,$ 919.90,,,,,
,,,,,,,,,,,,,,
,Categoría:,,COMUNION,,,,,,,,,,,
,,,,,,,,,,,,,,
,,,,,,,,,,,,,,
,,,,,,,,,,,,,,
,EQ. CR-9932 VESTIDO CON MANGA CLITER TALLA 8 AL 12,,,,,,,,,,,,,
,,,,,,,,,,,,,,
,Clave:,,CR9932-33,,,,Existencia:,,13,,,,,
,,,,,,,,,,,,,,
,Departamento:,,VESTIDOS,,,,Precio:,,$ 919.90,,,,,
,,,,,,,,,,,,,,
,Categoría:,,COMUNION,,,,,,,,,,,
,,,,,,,,,,,,,,
,,,,,,,,,,,,,,
,,,,,,,,,,,,,,
,EQ. CR-9932 VESTIDO CON MANGA CLITER TALLA 14 AL 16,,,,,,,,,,,,,
,,,,,,,,,,,,,,
,Clave:,,CR9932-34,,,,Existencia:,,6,,,,,
,,,,,,,,,,,,,,
,Departamento:,,VESTIDOS,,,,Precio:,,$ 919.90,,,,,
,,,,,,,,,,,,,,
,Categoría:,,COMUNION,,,,,,,,,,,
,,,,,,,,,,,,,,
,,,,,,,,,,,,,,
,,,,,,,,,,,,,,
,EQ. CR-9950 VESTIDO ALMENDRA LISTON  TALLA,,,,,,,,,,,,,
,,,,,,,,,,,,,,
,Clave:,,CR9950,,,,Existencia:,,0,,,,,
,,,,,,,,,,,,,,
,Departamento:,,VESTIDOS,,,,Precio:,,"$ 1,199.90",,,,,
,,,,,,,,,,,,,,
,Categoría:,,COMUNION,,,,,,,,,,,
,,,,,,,,,,,,,,
,,,,,,,,,,,,,,
,,,,,,,,,,,,,,
,EQ. CR-9950 VESTIDO ALMENDRA LISTON  TALLA 8 AL 12,,,,,,,,,,,,,
,,,,,,,,,,,,,,
,Clave:,,CR9950-0812,,,,Existencia:,,0,,,,,
,,,,,,,,,,,,,,
,Departamento:,,VESTIDOS,,,,Precio:,,"$ 1,199.90",,,,,
,,,,,,,,,,,,,,
,Categoría:,,COMUNION,,,,,,,,,,,
,,,,,,,,,,,,,,
,,,,,,,,,,,,,,
,,,,,,,,,,,,,,
,EQ. CR-9950 VESTIDO ALMENDRA LISTON  TALLA 14 AL 16,,,,,,,,,,,,,
,,,,,,,,,,,,,,
,Clave:,,CR9950-1416,,,,Existencia:,,0,,,,,
,,,,,,,,,,,,,,
,Departamento:,,VESTIDOS,,,,Precio:,,"$ 1,199.90",,,,,
,,,,,,,,,,,,,,
,Categoría:,,COMUNION,,,,,,,,,,,
,,,,,,,,,,,,,,
,,,,,,,,,,,,,,
,,,,,,,,,,,,,,
,CINTO NIÑO ECONOMICO MEDIDAS 18 AL 32,,,,,,,,,,,,,
,,,,,,,,,,,,,,
,Clave:,,CT0044,,,,Existencia:,,205,,,,,
,,,,,,,,,,,,,,
,Departamento:,,ACCESORIOS,,,,Precio:,,$ 65.00,,,,,
,,,,,,,,,,,,,,
,Categoría:,,TIRANTES Y CINTOS,,,,,,,,,,,
,,,,,,,,,,,,,,
,,,,,,,,,,,,,,
,,,,,,,,,,,,,,
,CINTO ADULTO ECONOMICO MEDIDAS 34 AL 42,,,,,,,,,,,,,
,,,,,,,,,,,,,,
,Clave:,,CT0046,,,,Existencia:,,0,,,,,
,,,,,,,,,,,,,,
,Departamento:,,ACCESORIOS,,,,Precio:,,$ 70.00,,,,,
,,,,,,,,,,,,,,
,Categoría:,,TIRANTES Y CINTOS,,,,,,,,,,,
,,,,,,,,,,,,,,
,,,,,,,,,,,,,,
,,,,,,,,,,,,,,
,CINTO VAQUERO NIÑO 18 AL 28,,,,,,,,,,,,,
,,,,,,,,,,,,,,
,Clave:,,CT9003,,,,Existencia:,,0,,,,,
,,,,,,,,,,,,,,
,Departamento:,,ACCESORIOS,,,,Precio:,,$ 99.90,,,,,
,,,,,,,,,,,,,,
,Categoría:,,TIRANTES Y CINTOS,,,,,,,,,,,
,,,,,,,,,,,,,,
,,,,,,,,,,,,,,
,,,,,,,,,,,,,,
,EQ. CT-9367 VESTIDO LENTEJUELA FALDA TUL,,,,,,,,,,,,,
,,,,,,,,,,,,,,
,Clave:,,CT9367,,,,Existencia:,,40,,,,,
,,,,,,,,,,,,,,
,Departamento:,,VESTIDOS,,,,Precio:,,"$ 1,199.90",,,,,
,,,,,,,,,,,,,,
,Categoría:,,COMUNION,,,,,,,,,,,
,,,,,,,,,,,,,,
,,,,,,,,,,,,,,
,,,,,,,,,,,,,,
,DIF. BOTA VAQUERA,,,,,,,,,,,,,
,,,,,,,,,,,,,,
,Clave:,,DIFBOTA,,,,Existencia:,,0,,,,,
,,,,,,,,,,,,,,
,Departamento:,,DIFERENCIAS,,,,Precio:,,$ 100.00,,,,,
,,,,,,,,,,,,,,
,Categoría:,,DIFERENCIAS ACCESORIOS,,,,,,,,,,,
,,,,,,,,,,,,,,
,,,,,,,,,,,,,,
,,,,,,,,,,,,,,
,DIF. EQUIPO COMUNION GALA,,,,,,,,,,,,,
,,,,,,,,,,,,,,
,Clave:,,DIFCOMUNION,,,,Existencia:,,0,,,,,
,,,,,,,,,,,,,,
,Departamento:,,ACCESORIOS,,,,Precio:,,$ 370.00,,,,,
,,,,,,,,,,,,,,
,Categoría:,,BONETERIA,,,,,,,,,,,
,,,,,,,,,,,,,,
,,,,,,,,,,,,,,
,,,,,,,,,,,,,,
,DIF. CORBATA,,,,,,,,,,,,,
,,,,,,,,,,,,,,
,Clave:,,DIFCORBATA,,,,Existencia:,,0,,,,,
,,,,,,,,,,,,,,
,Departamento:,,ACCESORIOS,,,,Precio:,,$ 40.00,,,,,
,,,,,,,,,,,,,,
,Categoría:,,"MOÑOS, CORBATA, MOÑO CON FAJA",,,,,,,,,,,
,,,,,,,,,,,,,,
,,,,,,,,,,,,,,
,,,,,,,,,,,,,,
,DIF. PANTALON,,,,,,,,,,,,,
,,,,,,,,,,,,,,
,Clave:,,DIFPANTALON,,,,Existencia:,,0,,,,,
,,,,,,,,,,,,,,
,Departamento:,,PANTALON,,,,Precio:,,$ 70.00,,,,,
,,,,,,,,,,,,,,
,Categoría:,,PANTALON VESTIR,,,,,,,,,,,
,,,,,,,,,,,,,,
,,,,,,,,,,,,,,
,,,,,,,,,,,,,,
,DIFERENCIA POR CAMBIO DE MERCANCIA,,,,,,,,,,,,,
,,,,,,,,,,,,,,
,Clave:,,DIFPORCAMBIO,,,,Existencia:,,0,,,,,
,,,,,,,,,,,,,,
,Departamento:,,ACCESORIOS,,,,Precio:,,$ 1.00,,,,,
,,,,,,,,,,,,,,
,Categoría:,,VARIOS,,,,,,,,,,,
,,,,,,,,,,,,,,
,,,,,,,,,,,,,,
,,,,,,,,,,,,,,
,DIFERENCIA DE VELA 100,,,,,,,,,,,,,
,,,,,,,,,,,,,,
,Clave:,,DIFVEL100,,,,Existencia:,,0,,,,,
,,,,,,,,,,,,,,
,Departamento:,,ACCESORIOS,,,,Precio:,,$ 100.00,,,,,
,,,,,,,,,,,,,,
,Categoría:,,BONETERIA,,,,,,,,,,,
,,,,,,,,,,,,,,
,,,,,,,,,,,,,,
,,,,,,,,,,,,,,
,DIFERENCIA DE VELA 60,,,,,,,,,,,,,
,,,,,,,,,,,,,,
,Clave:,,DIFVEL60,,,,Existencia:,,0,,,,,
,,,,,,,,,,,,,,
,Departamento:,,ACCESORIOS,,,,Precio:,,$ 60.00,,,,,
,,,,,,,,,,,,,,
,Categoría:,,BONETERIA,,,,,,,,,,,
,,,,,,,,,,,,,,
,,,,,,,,,,,,,,
,,,,,,,,,,,,,,
,DIFERENCIA DE VELA 80,,,,,,,,,,,,,
,,,,,,,,,,,,,,
,Clave:,,DIFVEL80,,,,Existencia:,,0,,,,,
,,,,,,,,,,,,,,
,Departamento:,,ACCESORIOS,,,,Precio:,,$ 80.00,,,,,
,,,,,,,,,,,,,,
,Categoría:,,BONETERIA,,,,,,,,,,,
,,,,,,,,,,,,,,
,,,,,,,,,,,,,,
,,,,,,,,,,,,,,
,DIFERENCIA DE VELA,,,,,,,,,,,,,
,,,,,,,,,,,,,,
,Clave:,,DIFVELA,,,,Existencia:,,0,,,,,
,,,,,,,,,,,,,,
,Departamento:,,ACCESORIOS,,,,Precio:,,$ 60.00,,,,,
,,,,,,,,,,,,,,
,Categoría:,,BONETERIA,,,,,,,,,,,
,,,,,,,,,,,,,,
,,,,,,,,,,,,,,
,,,,,,,,,,,,,,
,DIF. CAMISA VESTIR  34 AL 42,,,,,,,,,,,,,
,,,,,,,,,,,,,,
,Clave:,,DIFXC1094,,,,Existencia:,,N/A,,,,,
,,,,,,,,,,,,,,
,Departamento:,,CAMISAS,,,,Precio:,,$ 35.00,,,,,
,,,,,,,,,,,,,,
,Categoría:,,CAMISA VESTIR,,,,,,,,,,,
,,,,,,,,,,,,,,
,,,,,,,,,,,,,,
,,,,,,,,,,,,,,
,DIF. CAMISA VESTIR  44 AL 50,,,,,,,,,,,,,
,,,,,,,,,,,,,,
,Clave:,,DIFXC1096,,,,Existencia:,,N/A,,,,,
,,,,,,,,,,,,,,
,Departamento:,,CAMISAS,,,,Precio:,,$ 20.00,,,,,
,,,,,,,,,,,,,,
,Categoría:,,CAMISA VESTIR,,,,,,,,,,,
,,,,,,,,,,,,,,
,,,,,,,,,,,,,,
,,,,,,,,,,,,,,
,DIF. CAMISA C/PALOMA 2 AL 18,,,,,,,,,,,,,
,,,,,,,,,,,,,,
,Clave:,,DIFXC9002,,,,Existencia:,,N/A,,,,,
,,,,,,,,,,,,,,
,Departamento:,,CAMISAS,,,,Precio:,,$ 120.00,,,,,
,,,,,,,,,,,,,,
,Categoría:,,CAMISA VESTIR,,,,,,,,,,,
,,,,,,,,,,,,,,
,,,,,,,,,,,,,,
,,,,,,,,,,,,,,
,DIF. CAMISA C/PALOMA 34 AL 42,,,,,,,,,,,,,
,,,,,,,,,,,,,,
,Clave:,,DIFXC9004,,,,Existencia:,,N/A,,,,,
,,,,,,,,,,,,,,
,Departamento:,,CAMISAS,,,,Precio:,,$ 150.00,,,,,
,,,,,,,,,,,,,,
,Categoría:,,CAMISA VESTIR,,,,,,,,,,,
,,,,,,,,,,,,,,
,,,,,,,,,,,,,,
,,,,,,,,,,,,,,
,DIF. CAMISA C/PALOMA 44 AL 50,,,,,,,,,,,,,
,,,,,,,,,,,,,,
,Clave:,,DIFXC9006,,,,Existencia:,,N/A,,,,,
,,,,,,,,,,,,,,
,Departamento:,,CAMISAS,,,,Precio:,,$ 170.00,,,,,
,,,,,,,,,,,,,,
,Categoría:,,CAMISA VESTIR,,,,,,,,,,,
,,,,,,,,,,,,,,
,,,,,,,,,,,,,,
,,,,,,,,,,,,,,
,DIF. ZAPATO,,,,,,,,,,,,,
,,,,,,,,,,,,,,
,Clave:,,DIFZAPATO,,,,Existencia:,,0,,,,,
,,,,,,,,,,,,,,
,Departamento:,,DIFERENCIAS,,,,Precio:,,$ 20.00,,,,,
,,,,,,,,,,,,,,
,Categoría:,,DIFERENCIAS ACCESORIOS,,,,,,,,,,,
,,,,,,,,,,,,,,
,,,,,,,,,,,,,,
,,,,,,,,,,,,,,
,EP-966 VESTIDO PEDRERIA FOSFO 10 AL 12,,,,,,,,,,,,,
,,,,,,,,,,,,,,
,Clave:,,EP0966,,,,Existencia:,,0,,,,,
,,,,,,,,,,,,,,
,Departamento:,,VESTIDOS,,,,Precio:,,$ 759.90,,,,,
,,,,,,,,,,,,,,
,Categoría:,,PAJE,,,,,,,,,,,
,,,,,,,,,,,,,,
,,,,,,,,,,,,,,
,,,,,,,,,,,,,,
,"EQUIPO ZAPATO, CALCETA Y VELA",,,,,,,,,,,,,
,,,,,,,,,,,,,,
,Clave:,,EQ0002,,,,Existencia:,,N/A,,,,,
,,,,,,,,,,,,,,
,Departamento:,,ACCESORIOS,,,,Precio:,,$ 180.00,,,,,
,,,,,,,,,,,,,,
,Categoría:,,BAUTIZO,,,,,,,,,,,
,,,,,,,,,,,,,,
,,,,,,,,,,,,,,
,,,,,,,,,,,,,,
,"EQUIPO ZAPATO, CAMISETA, CALZON, CALCETA Y VELA",,,,,,,,,,,,,
,,,,,,,,,,,,,,
,Clave:,,EQ0003,,,,Existencia:,,N/A,,,,,
,,,,,,,,,,,,,,
,Departamento:,,ACCESORIOS,,,,Precio:,,$ 290.00,,,,,
,,,,,,,,,,,,,,
,Categoría:,,BAUTIZO,,,,,,,,,,,
,,,,,,,,,,,,,,
,,,,,,,,,,,,,,
,,,,,,,,,,,,,,
,"EQUIPO ZAPATO, CAMISETA, CALZON, DIADEMA, CALCETA Y VELA",,,,,,,,,,,,,
,,,,,,,,,,,,,,
,Clave:,,EQ0004,,,,Existencia:,,N/A,,,,,
,,,,,,,,,,,,,,
,Departamento:,,ACCESORIOS,,,,Precio:,,$ 290.00,,,,,
,,,,,,,,,,,,,,
,Categoría:,,BAUTIZO,,,,,,,,,,,
,,,,,,,,,,,,,,
,,,,,,,,,,,,,,
,,,,,,,,,,,,,,
,"EQUIPO GALA COMUNION CORONA, VELO, CRINOLINA, ESTUCHE BIBLIA",,,,,,,,,,,,,
,,,,,,,,,,,,,,
,Clave:,,EQ0022,,,,Existencia:,,N/A,,,,,
,,,,,,,,,,,,,,
,Departamento:,,ACCESORIOS,,,,Precio:,,$ 506.00,,,,,
,,,,,,,,,,,,,,
,Categoría:,,COMUNION,,,,,,,,,,,
,,,,,,,,,,,,,,
,,,,,,,,,,,,,,
,,,,,,,,,,,,,,
,"EQUIPO CORONA, VELO, CRINOLINA, ESTUCHE",,,,,,,,,,,,,
,,,,,,,,,,,,,,
,Clave:,,EQ0033,,,,Existencia:,,N/A,,,,,
,,,,,,,,,,,,,,
,Departamento:,,ACCESORIOS,,,,Precio:,,$ 219.00,,,,,
,,,,,,,,,,,,,,
,Categoría:,,COMUNION,,,,,,,,,,,
,,,,,,,,,,,,,,
,,,,,,,,,,,,,,
,,,,,,,,,,,,,,
,"EQUIPO ZAPATO, CALCETA, PAÑALERO Y PANTALETA",,,,,,,,,,,,,
,,,,,,,,,,,,,,
,Clave:,,EQUIPO LUX,,,,Existencia:,,N/A,,,,,
,,,,,,,,,,,,,,
,Departamento:,,ACCESORIOS,,,,Precio:,,$ 170.00,,,,,
,,,,,,,,,,,,,,
,Categoría:,,BAUTIZO,,,,,,,,,,,
,,,,,,,,,,,,,,
,,,,,,,,,,,,,,
,,,,,,,,,,,,,,
,"EQUIPO ZAPATO, CALCETA, DIADEMA Y VELA Y CONCHA",,,,,,,,,,,,,
,,,,,,,,,,,,,,
,Clave:,,EQUIPO3AL6,,,,Existencia:,,0,,,,,
,,,,,,,,,,,,,,
,Departamento:,,ACCESORIOS,,,,Precio:,,$ 240.00,,,,,
,,,,,,,,,,,,,,
,Categoría:,,BONETERIA,,,,,,,,,,,
,,,,,,,,,,,,,,
,,,,,,,,,,,,,,
,,,,,,,,,,,,,,
,EQ. KARINA  FRAC,,,,,,,,,,,,,
,,,,,,,,,,,,,,
,Clave:,,EQUIPOTX1002,,,,Existencia:,,0,,,,,
,,,,,,,,,,,,,,
,Departamento:,,BAUTIZO NIÑO,,,,Precio:,,$ 699.90,,,,,
,,,,,,,,,,,,,,
,Categoría:,,TRAJECITO,,,,,,,,,,,
,,,,,,,,,,,,,,
,,,,,,,,,,,,,,
,,,,,,,,,,,,,,
,EQ. KARINA  TORERO,,,,,,,,,,,,,
,,,,,,,,,,,,,,
,Clave:,,EQUIPOTX4002,,,,Existencia:,,0,,,,,
,,,,,,,,,,,,,,
,Departamento:,,BAUTIZO NIÑO,,,,Precio:,,$ 619.90,,,,,
,,,,,,,,,,,,,,
,Categoría:,,TRAJECITO,,,,,,,,,,,
,,,,,,,,,,,,,,
,,,,,,,,,,,,,,
,,,,,,,,,,,,,,
,VESTIDO LA VELLA,,,,,,,,,,,,,
,,,,,,,,,,,,,,
,Clave:,,FA0200,,,,Existencia:,,0,,,,,
,,,,,,,,,,,,,,
,Departamento:,,VESTIDOS,,,,Precio:,,$ 299.90,,,,,
,,,,,,,,,,,,,,
,Categoría:,,VESTIDOS DE GALA,,,,,,,,,,,
,,,,,,,,,,,,,,
,,,,,,,,,,,,,,
,,,,,,,,,,,,,,
,EQ. MARINERA  0 AL 4,,,,,,,,,,,,,
,,,,,,,,,,,,,,
,Clave:,,FC1147,,,,Existencia:,,95,,,,,
,,,,,,,,,,,,,,
,Departamento:,,VESTIDOS,,,,Precio:,,$ 419.90,,,,,
,,,,,,,,,,,,,,
,Categoría:,,VESTIDOS DE GALA,,,,,,,,,,,
,,,,,,,,,,,,,,
,,,,,,,,,,,,,,
,,,,,,,,,,,,,,
,BATA ALEXANDRA BICOLOR,,,,,,,,,,,,,
,,,,,,,,,,,,,,
,Clave:,,FI9915,,,,Existencia:,,0,,,,,
,,,,,,,,,,,,,,
,Departamento:,,BAUTIZO NIÑA,,,,Precio:,,$ 359.90,,,,,
,,,,,,,,,,,,,,
,Categoría:,,BATA,,,,,,,,,,,
,,,,,,,,,,,,,,
,,,,,,,,,,,,,,
,,,,,,,,,,,,,,
,VESTIDO OLANES 2 AL 12,,,,,,,,,,,,,
,,,,,,,,,,,,,,
,Clave:,,FL0004,,,,Existencia:,,691,,,,,
,,,,,,,,,,,,,,
,Departamento:,,VESTIDOS,,,,Precio:,,$ 369.90,,,,,
,,,,,,,,,,,,,,
,Categoría:,,VESTIDOS DE GALA,,,,,,,,,,,
,,,,,,,,,,,,,,
,,,,,,,,,,,,,,
,,,,,,,,,,,,,,
,VESTIDO OLANES 14 AL 16,,,,,,,,,,,,,
,,,,,,,,,,,,,,
,Clave:,,FL0005,,,,Existencia:,,0,,,,,
,,,,,,,,,,,,,,
,Departamento:,,VESTIDOS,,,,Precio:,,$ 369.90,,,,,
,,,,,,,,,,,,,,
,Categoría:,,VESTIDOS DE GALA,,,,,,,,,,,
,,,,,,,,,,,,,,
,,,,,,,,,,,,,,
,,,,,,,,,,,,,,
,VESTIDO CARAMELO RAZO C/TUL BRILLOS 2 AL 12,,,,,,,,,,,,,
,,,,,,,,,,,,,,
,Clave:,,FL0022,,,,Existencia:,,2069,,,,,
,,,,,,,,,,,,,,
,Departamento:,,VESTIDOS,,,,Precio:,,$ 449.90,,,,,
,,,,,,,,,,,,,,
,Categoría:,,VESTIDOS DE GALA,,,,,,,,,,,
,,,,,,,,,,,,,,
,,,,,,,,,,,,,,
,,,,,,,,,,,,,,
,EQUIPO VESTIDO CARAMELO 2 AL 6 AÑOS,,,,,,,,,,,,,
,,,,,,,,,,,,,,
,Clave:,,FL0022EQ,,,,Existencia:,,0,,,,,
,,,,,,,,,,,,,,
,Departamento:,,VESTIDOS,,,,Precio:,,$ 689.90,,,,,
,,,,,,,,,,,,,,
,Categoría:,,VESTIDOS DE GALA,,,,,,,,,,,
,,,,,,,,,,,,,,
,,,,,,,,,,,,,,
,,,,,,,,,,,,,,
,VESTIDO TABLON C/TUL BRILLOS 2 AL 12,,,,,,,,,,,,,
,,,,,,,,,,,,,,
,Clave:,,FL0213,,,,Existencia:,,1381,,,,,
,,,,,,,,,,,,,,
,Departamento:,,VESTIDOS,,,,Precio:,,$ 449.90,,,,,
,,,,,,,,,,,,,,
,Categoría:,,VESTIDOS DE GALA,,,,,,,,,,,
,,,,,,,,,,,,,,
,,,,,,,,,,,,,,
,,,,,,,,,,,,,,
,EQUIPO VESTIDO TABLON 2 AL 6 AÑOS,,,,,,,,,,,,,
,,,,,,,,,,,,,,
,Clave:,,FL0213EQ,,,,Existencia:,,0,,,,,
,,,,,,,,,,,,,,
,Departamento:,,VESTIDOS,,,,Precio:,,$ 689.90,,,,,
,,,,,,,,,,,,,,
,Categoría:,,VESTIDOS DE GALA,,,,,,,,,,,
,,,,,,,,,,,,,,
,,,,,,,,,,,,,,
,,,,,,,,,,,,,,
,VESTIDO HAZEL C/TUL ILUCION 2 AL 12,,,,,,,,,,,,,
,,,,,,,,,,,,,,
,Clave:,,FL0963,,,,Existencia:,,0,,,,,
,,,,,,,,,,,,,,
,Departamento:,,VESTIDOS,,,,Precio:,,$ 549.90,,,,,
,,,,,,,,,,,,,,
,Categoría:,,VESTIDOS DE GALA,,,,,,,,,,,
,,,,,,,,,,,,,,
,,,,,,,,,,,,,,
,,,,,,,,,,,,,,
,EQ. VESTIDO HAZEL C/TUL ILUCION 2 AL 6,,,,,,,,,,,,,
,,,,,,,,,,,,,,
,Clave:,,FL0963EQ,,,,Existencia:,,0,,,,,
,,,,,,,,,,,,,,
,Departamento:,,VESTIDOS,,,,Precio:,,$ 789.90,,,,,
,,,,,,,,,,,,,,
,Categoría:,,VESTIDOS DE GALA,,,,,,,,,,,
,,,,,,,,,,,,,,
,,,,,,,,,,,,,,
,,,,,,,,,,,,,,
,VESTIDO MAYE C/TUL BORDADO APLICACION,,,,,,,,,,,,,
,,,,,,,,,,,,,,
,Clave:,,FL8147,,,,Existencia:,,0,,,,,
,,,,,,,,,,,,,,
,Departamento:,,VESTIDOS,,,,Precio:,,$ 699.90,,,,,
,,,,,,,,,,,,,,
,Categoría:,,VESTIDOS DE GALA,,,,,,,,,,,
,,,,,,,,,,,,,,
,,,,,,,,,,,,,,
,,,,,,,,,,,,,,
,EQ VESTIDO MUNA 2 AL 8,,,,,,,,,,,,,
,,,,,,,,,,,,,,
,Clave:,,FL8422,,,,Existencia:,,665,,,,,
,,,,,,,,,,,,,,
,Departamento:,,VESTIDOS,,,,Precio:,,$ 719.90,,,,,
,,,,,,,,,,,,,,
,Categoría:,,VESTIDOS DE GALA,,,,,,,,,,,
,,,,,,,,,,,,,,
,,,,,,,,,,,,,,
,,,,,,,,,,,,,,
,VESTIDO SHIRA 2 AL 8  M135,,,,,,,,,,,,,
,,,,,,,,,,,,,,
,Clave:,,FR1356,,,,Existencia:,,0,,,,,
,,,,,,,,,,,,,,
,Departamento:,,BAUTIZO NIÑA,,,,Precio:,,$ 899.90,,,,,
,,,,,,,,,,,,,,
,Categoría:,,BATA,,,,,,,,,,,
,,,,,,,,,,,,,,
,,,,,,,,,,,,,,
,,,,,,,,,,,,,,
,FR-3125 VESTIDO CORTO MONIQUE TALLA,,,,,,,,,,,,,
,,,,,,,,,,,,,,
,Clave:,,FR3125,,,,Existencia:,,0,,,,,
,,,,,,,,,,,,,,
,Departamento:,,VESTIDOS,,,,Precio:,,$ 839.90,,,,,
,,,,,,,,,,,,,,
,Categoría:,,COMUNION,,,,,,,,,,,
,,,,,,,,,,,,,,
,,,,,,,,,,,,,,
,,,,,,,,,,,,,,
,FR-3125 VESTIDO CORTO MONIQUE TALLA 8 AL 12,,,,,,,,,,,,,
,,,,,,,,,,,,,,
,Clave:,,FR3125-1,,,,Existencia:,,0,,,,,
,,,,,,,,,,,,,,
,Departamento:,,VESTIDOS,,,,Precio:,,$ 839.90,,,,,
,,,,,,,,,,,,,,
,Categoría:,,COMUNION,,,,,,,,,,,
,,,,,,,,,,,,,,
,,,,,,,,,,,,,,
,,,,,,,,,,,,,,
,FR-3125 VESTIDO CORTO MONIQUE TALLA 14 AL 16,,,,,,,,,,,,,
,,,,,,,,,,,,,,
,Clave:,,FR3125-2,,,,Existencia:,,0,,,,,
,,,,,,,,,,,,,,
,Departamento:,,VESTIDOS,,,,Precio:,,$ 839.90,,,,,
,,,,,,,,,,,,,,
,Categoría:,,COMUNION,,,,,,,,,,,
,,,,,,,,,,,,,,
,,,,,,,,,,,,,,
,,,,,,,,,,,,,,
,FR-9110 VESTIDO CORTO ALEXIA TIRA APLICACION M110 TALLA,,,,,,,,,,,,,
,,,,,,,,,,,,,,
,Clave:,,FR9110,,,,Existencia:,,0,,,,,
,,,,,,,,,,,,,,
,Departamento:,,VESTIDOS,,,,Precio:,,$ 869.90,,,,,
,,,,,,,,,,,,,,
,Categoría:,,COMUNION,,,,,,,,,,,
,,,,,,,,,,,,,,
,,,,,,,,,,,,,,
,,,,,,,,,,,,,,
,FR-9113 VESTIDO CORTO HANA ROCOCO M112 TALLA,,,,,,,,,,,,,
,,,,,,,,,,,,,,
,Clave:,,FR9113,,,,Existencia:,,0,,,,,
,,,,,,,,,,,,,,
,Departamento:,,VESTIDOS,,,,Precio:,,$ 750.00,,,,,
,,,,,,,,,,,,,,
,Categoría:,,COMUNION,,,,,,,,,,,
,,,,,,,,,,,,,,
,,,,,,,,,,,,,,
,,,,,,,,,,,,,,
,VESTIDO PATRICIA COLOR COLA PATO TALLA 2 AL 12 M120,,,,,,,,,,,,,
,,,,,,,,,,,,,,
,Clave:,,FR9120,,,,Existencia:,,0,,,,,
,,,,,,,,,,,,,,
,Departamento:,,VESTIDOS,,,,Precio:,,$ 699.90,,,,,
,,,,,,,,,,,,,,
,Categoría:,,VESTIDOS DE GALA,,,,,,,,,,,
,,,,,,,,,,,,,,
,,,,,,,,,,,,,,
,,,,,,,,,,,,,,
,VESTIDO BOMBOM LENTEJUELA 2 AL 8 MOD. 02,,,,,,,,,,,,,
,,,,,,,,,,,,,,
,Clave:,,FR9902,,,,Existencia:,,283,,,,,
,,,,,,,,,,,,,,
,Departamento:,,VESTIDOS,,,,Precio:,,$ 569.90,,,,,
,,,,,,,,,,,,,,
,Categoría:,,VESTIDOS DE GALA,,,,,,,,,,,
,,,,,,,,,,,,,,
,,,,,,,,,,,,,,
,,,,,,,,,,,,,,
,VESTIDO BOMBOM LENTEJUELA 10 AL 12 MOD. 02,,,,,,,,,,,,,
,,,,,,,,,,,,,,
,Clave:,,FR9904,,,,Existencia:,,54,,,,,
,,,,,,,,,,,,,,
,Departamento:,,VESTIDOS,,,,Precio:,,$ 569.90,,,,,
,,,,,,,,,,,,,,
,Categoría:,,VESTIDOS DE GALA,,,,,,,,,,,
,,,,,,,,,,,,,,
,,,,,,,,,,,,,,
,,,,,,,,,,,,,,
,VESTIDO BOMBOM LENTEJUELA 14 AL 16 MOD. 02,,,,,,,,,,,,,
,,,,,,,,,,,,,,
,Clave:,,FR9906,,,,Existencia:,,3,,,,,
,,,,,,,,,,,,,,
,Departamento:,,VESTIDOS,,,,Precio:,,$ 709.90,,,,,
,,,,,,,,,,,,,,
,Categoría:,,VESTIDOS DE GALA,,,,,,,,,,,
,,,,,,,,,,,,,,
,,,,,,,,,,,,,,
,,,,,,,,,,,,,,
,VESTIDO CAUDA LENTEJUELA FALDA DE PATO 2 AL 8 MOD. 04,,,,,,,,,,,,,
,,,,,,,,,,,,,,
,Clave:,,FR9911,,,,Existencia:,,39,,,,,
,,,,,,,,,,,,,,
,Departamento:,,VESTIDOS,,,,Precio:,,$ 699.90,,,,,
,,,,,,,,,,,,,,
,Categoría:,,VESTIDOS DE GALA,,,,,,,,,,,
,,,,,,,,,,,,,,
,,,,,,,,,,,,,,
,,,,,,,,,,,,,,
,VESTIDO CAUDA LENTEJUELA FALDA DE PATO 10 AL 12 MOD. 04,,,,,,,,,,,,,
,,,,,,,,,,,,,,
,Clave:,,FR9913,,,,Existencia:,,4,,,,,
,,,,,,,,,,,,,,
,Departamento:,,VESTIDOS,,,,Precio:,,$ 799.90,,,,,
,,,,,,,,,,,,,,
,Categoría:,,VESTIDOS DE GALA,,,,,,,,,,,
,,,,,,,,,,,,,,
,,,,,,,,,,,,,,
,,,,,,,,,,,,,,
,VESTIDO ENCAJE CLITER 2 AL 8 MOD. 10,,,,,,,,,,,,,
,,,,,,,,,,,,,,
,Clave:,,FR9922,,,,Existencia:,,40,,,,,
,,,,,,,,,,,,,,
,Departamento:,,VESTIDOS,,,,Precio:,,$ 689.90,,,,,
,,,,,,,,,,,,,,
,Categoría:,,VESTIDOS DE GALA,,,,,,,,,,,
,,,,,,,,,,,,,,
,,,,,,,,,,,,,,
,,,,,,,,,,,,,,
,VESTIDO ENCAJE CLITER 10 AL 16 MOD. 10,,,,,,,,,,,,,
,,,,,,,,,,,,,,
,Clave:,,FR9924,,,,Existencia:,,4,,,,,
,,,,,,,,,,,,,,
,Departamento:,,VESTIDOS,,,,Precio:,,$ 789.90,,,,,
,,,,,,,,,,,,,,
,Categoría:,,VESTIDOS DE GALA,,,,,,,,,,,
,,,,,,,,,,,,,,
,,,,,,,,,,,,,,
,,,,,,,,,,,,,,
,FR-9930 VESTIDO CORTO PICOS TALLA,,,,,,,,,,,,,
,,,,,,,,,,,,,,
,Clave:,,FR9930,,,,Existencia:,,0,,,,,
,,,,,,,,,,,,,,
,Departamento:,,VESTIDOS,,,,Precio:,,$ 839.90,,,,,
,,,,,,,,,,,,,,
,Categoría:,,COMUNION,,,,,,,,,,,
,,,,,,,,,,,,,,
,,,,,,,,,,,,,,
,,,,,,,,,,,,,,
,FR-9930 VESTIDO CORTO PICOS TALLA 8 AL 12,,,,,,,,,,,,,
,,,,,,,,,,,,,,
,Clave:,,FR9930-3,,,,Existencia:,,0,,,,,
,,,,,,,,,,,,,,
,Departamento:,,VESTIDOS,,,,Precio:,,$ 839.90,,,,,
,,,,,,,,,,,,,,
,Categoría:,,COMUNION,,,,,,,,,,,
,,,,,,,,,,,,,,
,,,,,,,,,,,,,,
,,,,,,,,,,,,,,
,FR-9930 VESTIDO CORTO PICOS TALLA 14 AL 16,,,,,,,,,,,,,
,,,,,,,,,,,,,,
,Clave:,,FR9930-4,,,,Existencia:,,0,,,,,
,,,,,,,,,,,,,,
,Departamento:,,VESTIDOS,,,,Precio:,,$ 839.90,,,,,
,,,,,,,,,,,,,,
,Categoría:,,COMUNION,,,,,,,,,,,
,,,,,,,,,,,,,,
,,,,,,,,,,,,,,
,,,,,,,,,,,,,,
,VESTIDO ELEGANT TUL 2 AL 8 MOD. 18,,,,,,,,,,,,,
,,,,,,,,,,,,,,
,Clave:,,FR9932,,,,Existencia:,,0,,,,,
,,,,,,,,,,,,,,
,Departamento:,,VESTIDOS,,,,Precio:,,$ 639.90,,,,,
,,,,,,,,,,,,,,
,Categoría:,,VESTIDOS DE GALA,,,,,,,,,,,
,,,,,,,,,,,,,,
,,,,,,,,,,,,,,
,,,,,,,,,,,,,,
,VESTIDO ELEGANT TUL 10 AL 12 MOD. 18,,,,,,,,,,,,,
,,,,,,,,,,,,,,
,Clave:,,FR9934,,,,Existencia:,,0,,,,,
,,,,,,,,,,,,,,
,Departamento:,,VESTIDOS,,,,Precio:,,$ 639.90,,,,,
,,,,,,,,,,,,,,
,Categoría:,,VESTIDOS DE GALA,,,,,,,,,,,
,,,,,,,,,,,,,,
,,,,,,,,,,,,,,
,,,,,,,,,,,,,,
,VESTIDO ELEGANT TUL 14 AL 16 MOD. 18,,,,,,,,,,,,,
,,,,,,,,,,,,,,
,Clave:,,FR9936,,,,Existencia:,,0,,,,,
,,,,,,,,,,,,,,
,Departamento:,,VESTIDOS,,,,Precio:,,$ 729.90,,,,,
,,,,,,,,,,,,,,
,Categoría:,,VESTIDOS DE GALA,,,,,,,,,,,
,,,,,,,,,,,,,,
,,,,,,,,,,,,,,
,,,,,,,,,,,,,,
,VESTIDO REINA 4 AL 8 MOD.,,,,,,,,,,,,,
,,,,,,,,,,,,,,
,Clave:,,FR9947,,,,Existencia:,,21,,,,,
,,,,,,,,,,,,,,
,Departamento:,,VESTIDOS,,,,Precio:,,$ 599.90,,,,,
,,,,,,,,,,,,,,
,Categoría:,,VESTIDOS DE GALA,,,,,,,,,,,
,,,,,,,,,,,,,,
,,,,,,,,,,,,,,
,,,,,,,,,,,,,,
,VESTIDO HADA TUL ENCAJE MOD. 54 TALLA,,,,,,,,,,,,,
,,,,,,,,,,,,,,
,Clave:,,FR9954,,,,Existencia:,,0,,,,,
,,,,,,,,,,,,,,
,Departamento:,,VESTIDOS,,,,Precio:,,$ 569.90,,,,,
,,,,,,,,,,,,,,
,Categoría:,,VESTIDOS DE GALA,,,,,,,,,,,
,,,,,,,,,,,,,,
,,,,,,,,,,,,,,
,,,,,,,,,,,,,,
,VESTIDO HADA TUL ENCAJE MOD. 54 TALLA 1 AL 2,,,,,,,,,,,,,
,,,,,,,,,,,,,,
,Clave:,,FR9954-1 AL 2,,,,Existencia:,,0,,,,,
,,,,,,,,,,,,,,
,Departamento:,,VESTIDOS,,,,Precio:,,$ 569.90,,,,,
,,,,,,,,,,,,,,
,Categoría:,,VESTIDOS DE GALA,,,,,,,,,,,
,,,,,,,,,,,,,,
,,,,,,,,,,,,,,
,,,,,,,,,,,,,,
,VESTIDO HADA TUL ENCAJE MOD. 54 TALLA 4 AL 12,,,,,,,,,,,,,
,,,,,,,,,,,,,,
,Clave:,,FR9954-4 AL 12,,,,Existencia:,,0,,,,,
,,,,,,,,,,,,,,
,Departamento:,,VESTIDOS,,,,Precio:,,$ 569.90,,,,,
,,,,,,,,,,,,,,
,Categoría:,,VESTIDOS DE GALA,,,,,,,,,,,
,,,,,,,,,,,,,,
,,,,,,,,,,,,,,
,,,,,,,,,,,,,,
,FR-9962 VESTIDO CORTO DIANA RAZO TALLA,,,,,,,,,,,,,
,,,,,,,,,,,,,,
,Clave:,,FR9962,,,,Existencia:,,0,,,,,
,,,,,,,,,,,,,,
,Departamento:,,VESTIDOS,,,,Precio:,,$ 799.90,,,,,
,,,,,,,,,,,,,,
,Categoría:,,COMUNION,,,,,,,,,,,
,,,,,,,,,,,,,,
,,,,,,,,,,,,,,
,,,,,,,,,,,,,,
,FR-9962 VESTIDO CORTO DIANA RAZO TALLA 8 AL 12,,,,,,,,,,,,,
,,,,,,,,,,,,,,
,Clave:,,FR9962-3,,,,Existencia:,,0,,,,,
,,,,,,,,,,,,,,
,Departamento:,,VESTIDOS,,,,Precio:,,$ 799.90,,,,,
,,,,,,,,,,,,,,
,Categoría:,,COMUNION,,,,,,,,,,,
,,,,,,,,,,,,,,
,,,,,,,,,,,,,,
,,,,,,,,,,,,,,
,FR-9962 VESTIDO CORTO DIANA RAZO TALLA 14 AL 16,,,,,,,,,,,,,
,,,,,,,,,,,,,,
,Clave:,,FR9962-4,,,,Existencia:,,0,,,,,
,,,,,,,,,,,,,,
,Departamento:,,VESTIDOS,,,,Precio:,,$ 799.90,,,,,
,,,,,,,,,,,,,,
,Categoría:,,COMUNION,,,,,,,,,,,
,,,,,,,,,,,,,,
,,,,,,,,,,,,,,
,,,,,,,,,,,,,,
,VESTIDO GIMENA TUL PICOS TALLA 00 AL 02 MOD. 80,,,,,,,,,,,,,
,,,,,,,,,,,,,,
,Clave:,,FR9980-0002,,,,Existencia:,,0,,,,,
,,,,,,,,,,,,,,
,Departamento:,,VESTIDOS,,,,Precio:,,$ 639.90,,,,,
,,,,,,,,,,,,,,
,Categoría:,,VESTIDOS DE GALA,,,,,,,,,,,
,,,,,,,,,,,,,,
,,,,,,,,,,,,,,
,,,,,,,,,,,,,,
,VESTIDO GIMENA TUL PICOS TALLA 4 AL 8 MOD. 80,,,,,,,,,,,,,
,,,,,,,,,,,,,,
,Clave:,,FR9980-0408,,,,Existencia:,,0,,,,,
,,,,,,,,,,,,,,
,Departamento:,,VESTIDOS,,,,Precio:,,$ 639.90,,,,,
,,,,,,,,,,,,,,
,Categoría:,,VESTIDOS DE GALA,,,,,,,,,,,
,,,,,,,,,,,,,,
,,,,,,,,,,,,,,
,,,,,,,,,,,,,,
,VESTIDO GIMENA TUL PICOS TALLA 10 AL 12 MOD. 80,,,,,,,,,,,,,
,,,,,,,,,,,,,,
,Clave:,,FR9980-1012,,,,Existencia:,,0,,,,,
,,,,,,,,,,,,,,
,Departamento:,,VESTIDOS,,,,Precio:,,$ 689.90,,,,,
,,,,,,,,,,,,,,
,Categoría:,,VESTIDOS DE GALA,,,,,,,,,,,
,,,,,,,,,,,,,,
,,,,,,,,,,,,,,
,,,,,,,,,,,,,,
,EQUIPO GIMENA TUL PICOS TALLA 2 AL 6 MOD. 80,,,,,,,,,,,,,
,,,,,,,,,,,,,,
,Clave:,,FR9980EQ,,,,Existencia:,,0,,,,,
,,,,,,,,,,,,,,
,Departamento:,,VESTIDOS,,,,Precio:,,$ 879.90,,,,,
,,,,,,,,,,,,,,
,Categoría:,,VESTIDOS DE GALA,,,,,,,,,,,
,,,,,,,,,,,,,,
,,,,,,,,,,,,,,
,,,,,,,,,,,,,,
,BATA ESTRELLA OLANES,,,,,,,,,,,,,
,,,,,,,,,,,,,,
,Clave:,,FS0024,,,,Existencia:,,572,,,,,
,,,,,,,,,,,,,,
,Departamento:,,VESTIDOS,,,,Precio:,,$ 259.90,,,,,
,,,,,,,,,,,,,,
,Categoría:,,VESTIDOS DE GALA,,,,,,,,,,,
,,,,,,,,,,,,,,
,,,,,,,,,,,,,,
,,,,,,,,,,,,,,
,BATA COMETA CRISTAL,,,,,,,,,,,,,
,,,,,,,,,,,,,,
,Clave:,,FS1022,,,,Existencia:,,0,,,,,
,,,,,,,,,,,,,,
,Departamento:,,BAUTIZO NIÑA,,,,Precio:,,$ 299.90,,,,,
,,,,,,,,,,,,,,
,Categoría:,,BATA,,,,,,,,,,,
,,,,,,,,,,,,,,
,,,,,,,,,,,,,,
,,,,,,,,,,,,,,
,BATA LUNA PERLITAS,,,,,,,,,,,,,
,,,,,,,,,,,,,,
,Clave:,,FS1024,,,,Existencia:,,0,,,,,
,,,,,,,,,,,,,,
,Departamento:,,BAUTIZO NIÑA,,,,Precio:,,$ 299.90,,,,,
,,,,,,,,,,,,,,
,Categoría:,,BATA,,,,,,,,,,,
,,,,,,,,,,,,,,
,,,,,,,,,,,,,,
,,,,,,,,,,,,,,
,BATA GABY,,,,,,,,,,,,,
,,,,,,,,,,,,,,
,Clave:,,FS1088,,,,Existencia:,,89,,,,,
,,,,,,,,,,,,,,
,Departamento:,,VESTIDOS,,,,Precio:,,$ 319.90,,,,,
,,,,,,,,,,,,,,
,Categoría:,,VESTIDOS DE GALA,,,,,,,,,,,
,,,,,,,,,,,,,,
,,,,,,,,,,,,,,
,,,,,,,,,,,,,,
,BATA MONARCA TUL 3-6-9 MESES,,,,,,,,,,,,,
,,,,,,,,,,,,,,
,Clave:,,FS8011,,,,Existencia:,,0,,,,,
,,,,,,,,,,,,,,
,Departamento:,,VESTIDOS,,,,Precio:,,$ 269.90,,,,,
,,,,,,,,,,,,,,
,Categoría:,,VESTIDOS DE GALA,,,,,,,,,,,
,,,,,,,,,,,,,,
,,,,,,,,,,,,,,
,,,,,,,,,,,,,,
,VESTIDO MONARCA 04 AL 10,,,,,,,,,,,,,
,,,,,,,,,,,,,,
,Clave:,,FS8022,,,,Existencia:,,0,,,,,
,,,,,,,,,,,,,,
,Departamento:,,VESTIDOS,,,,Precio:,,$ 299.90,,,,,
,,,,,,,,,,,,,,
,Categoría:,,VESTIDOS DE GALA,,,,,,,,,,,
,,,,,,,,,,,,,,
,,,,,,,,,,,,,,
,,,,,,,,,,,,,,
,VESTIDO TAFETA MARANGEL 04 AL 10,,,,,,,,,,,,,
,,,,,,,,,,,,,,
,Clave:,,FS8311,,,,Existencia:,,0,,,,,
,,,,,,,,,,,,,,
,Departamento:,,VESTIDOS,,,,Precio:,,$ 489.90,,,,,
,,,,,,,,,,,,,,
,Categoría:,,VESTIDOS DE GALA,,,,,,,,,,,
,,,,,,,,,,,,,,
,,,,,,,,,,,,,,
,,,,,,,,,,,,,,
,VESTIDO CLITER TUL 0 AL 8 MOD. 187,,,,,,,,,,,,,
,,,,,,,,,,,,,,
,Clave:,,FS9012,,,,Existencia:,,50,,,,,
,,,,,,,,,,,,,,
,Departamento:,,VESTIDOS,,,,Precio:,,$ 399.90,,,,,
,,,,,,,,,,,,,,
,Categoría:,,VESTIDOS DE GALA,,,,,,,,,,,
,,,,,,,,,,,,,,
,,,,,,,,,,,,,,
,,,,,,,,,,,,,,
,VESTIDO CLITER TUL 10 AL 12 MOD. 187,,,,,,,,,,,,,
,,,,,,,,,,,,,,
,Clave:,,FS9014,,,,Existencia:,,10,,,,,
,,,,,,,,,,,,,,
,Departamento:,,VESTIDOS,,,,Precio:,,$ 399.90,,,,,
,,,,,,,,,,,,,,
,Categoría:,,VESTIDOS DE GALA,,,,,,,,,,,
,,,,,,,,,,,,,,
,,,,,,,,,,,,,,
,,,,,,,,,,,,,,
,VESTIDO CLITER TUL 14 AL 16 MOD. 187,,,,,,,,,,,,,
,,,,,,,,,,,,,,
,Clave:,,FS9016,,,,Existencia:,,0,,,,,
,,,,,,,,,,,,,,
,Departamento:,,VESTIDOS,,,,Precio:,,$ 419.90,,,,,
,,,,,,,,,,,,,,
,Categoría:,,VESTIDOS DE GALA,,,,,,,,,,,
,,,,,,,,,,,,,,
,,,,,,,,,,,,,,
,,,,,,,,,,,,,,
,VESTIDO GABY 1 AL 8 MOD. 188,,,,,,,,,,,,,
,,,,,,,,,,,,,,
,Clave:,,FS9332,,,,Existencia:,,298,,,,,
,,,,,,,,,,,,,,
,Departamento:,,VESTIDOS,,,,Precio:,,$ 469.90,,,,,
,,,,,,,,,,,,,,
,Categoría:,,VESTIDOS DE GALA,,,,,,,,,,,
,,,,,,,,,,,,,,
,,,,,,,,,,,,,,
,,,,,,,,,,,,,,
,VESTIDO GABY 10 AL 12 MOD. 188,,,,,,,,,,,,,
,,,,,,,,,,,,,,
,Clave:,,FS9334,,,,Existencia:,,20,,,,,
,,,,,,,,,,,,,,
,Departamento:,,VESTIDOS,,,,Precio:,,$ 469.90,,,,,
,,,,,,,,,,,,,,
,Categoría:,,VESTIDOS DE GALA,,,,,,,,,,,
,,,,,,,,,,,,,,
,,,,,,,,,,,,,,
,,,,,,,,,,,,,,
,VESTIDO GABY 14 AL 16 MOD. 188,,,,,,,,,,,,,
,,,,,,,,,,,,,,
,Clave:,,FS9336,,,,Existencia:,,6,,,,,
,,,,,,,,,,,,,,
,Departamento:,,VESTIDOS,,,,Precio:,,$ 489.90,,,,,
,,,,,,,,,,,,,,
,Categoría:,,VESTIDOS DE GALA,,,,,,,,,,,
,,,,,,,,,,,,,,
,,,,,,,,,,,,,,
,,,,,,,,,,,,,,
,EQ. BATA MOD. FT1378 DIAGONAL TULIPAN 4 AL 6,,,,,,,,,,,,,
,,,,,,,,,,,,,,
,Clave:,,FT1378,,,,Existencia:,,30,,,,,
,,,,,,,,,,,,,,
,Departamento:,,BAUTIZO NIÑA,,,,Precio:,,$ 489.90,,,,,
,,,,,,,,,,,,,,
,Categoría:,,BATA,,,,,,,,,,,
,,,,,,,,,,,,,,
,,,,,,,,,,,,,,
,,,,,,,,,,,,,,
,EQ. BATA MOD. FT1385 ALFORZA PERLA DIAMANTE 4 AL 6,,,,,,,,,,,,,
,,,,,,,,,,,,,,
,Clave:,,FT1385,,,,Existencia:,,0,,,,,
,,,,,,,,,,,,,,
,Departamento:,,BAUTIZO NIÑA,,,,Precio:,,$ 479.90,,,,,
,,,,,,,,,,,,,,
,Categoría:,,BATA,,,,,,,,,,,
,,,,,,,,,,,,,,
,,,,,,,,,,,,,,
,,,,,,,,,,,,,,
,EQ. BATA MOD. BT1401 TUL DIAMANTE 4 AL 6,,,,,,,,,,,,,
,,,,,,,,,,,,,,
,Clave:,,FT1401,,,,Existencia:,,0,,,,,
,,,,,,,,,,,,,,
,Departamento:,,BAUTIZO NIÑA,,,,Precio:,,$ 519.90,,,,,
,,,,,,,,,,,,,,
,Categoría:,,BATA,,,,,,,,,,,
,,,,,,,,,,,,,,
,,,,,,,,,,,,,,
,,,,,,,,,,,,,,
,EQ. BATA MOD. BT1423 TUL LENTEJUELA 4 AL 6,,,,,,,,,,,,,
,,,,,,,,,,,,,,
,Clave:,,FT1423,,,,Existencia:,,0,,,,,
,,,,,,,,,,,,,,
,Departamento:,,BAUTIZO NIÑA,,,,Precio:,,$ 539.90,,,,,
,,,,,,,,,,,,,,
,Categoría:,,BATA,,,,,,,,,,,
,,,,,,,,,,,,,,
,,,,,,,,,,,,,,
,,,,,,,,,,,,,,
,ESTOLA BORDADA DE NIÑO,,,,,,,,,,,,,
,,,,,,,,,,,,,,
,Clave:,,HA0004,,,,Existencia:,,0,,,,,
,,,,,,,,,,,,,,
,Departamento:,,ACCESORIOS,,,,Precio:,,$ 49.90,,,,,
,,,,,,,,,,,,,,
,Categoría:,,BAUTIZO,,,,,,,,,,,
,,,,,,,,,,,,,,
,,,,,,,,,,,,,,
,,,,,,,,,,,,,,
,GORRA VICERA,,,,,,,,,,,,,
,,,,,,,,,,,,,,
,Clave:,,HA1002,,,,Existencia:,,127,,,,,
,,,,,,,,,,,,,,
,Departamento:,,ACCESORIOS,,,,Precio:,,$ 50.00,,,,,
,,,,,,,,,,,,,,
,Categoría:,,BAUTIZO,,,,,,,,,,,
,,,,,,,,,,,,,,
,,,,,,,,,,,,,,
,,,,,,,,,,,,,,
,GORRA PAPA ECO.,,,,,,,,,,,,,
,,,,,,,,,,,,,,
,Clave:,,HA1004,,,,Existencia:,,600,,,,,
,,,,,,,,,,,,,,
,Departamento:,,ACCESORIOS,,,,Precio:,,$ 16.90,,,,,
,,,,,,,,,,,,,,
,Categoría:,,BAUTIZO,,,,,,,,,,,
,,,,,,,,,,,,,,
,,,,,,,,,,,,,,
,,,,,,,,,,,,,,
,GORRA RETRO,,,,,,,,,,,,,
,,,,,,,,,,,,,,
,Clave:,,HA1006,,,,Existencia:,,0,,,,,
,,,,,,,,,,,,,,
,Departamento:,,ACCESORIOS,,,,Precio:,,$ 50.00,,,,,
,,,,,,,,,,,,,,
,Categoría:,,BAUTIZO,,,,,,,,,,,
,,,,,,,,,,,,,,
,,,,,,,,,,,,,,
,,,,,,,,,,,,,,
,GORRA CAPITAN,,,,,,,,,,,,,
,,,,,,,,,,,,,,
,Clave:,,HA2004,,,,Existencia:,,0,,,,,
,,,,,,,,,,,,,,
,Departamento:,,ACCESORIOS,,,,Precio:,,$ 39.90,,,,,
,,,,,,,,,,,,,,
,Categoría:,,BAUTIZO,,,,,,,,,,,
,,,,,,,,,,,,,,
,,,,,,,,,,,,,,
,,,,,,,,,,,,,,
,BIBERON EVENFLO 8 OZ.,,,,,,,,,,,,,
,,,,,,,,,,,,,,
,Clave:,,HA9002,,,,Existencia:,,0,,,,,
,,,,,,,,,,,,,,
,Departamento:,,ACCESORIOS,,,,Precio:,,$ 25.00,,,,,
,,,,,,,,,,,,,,
,Categoría:,,BEBE BAÑO Y CUIDADO,,,,,,,,,,,
,,,,,,,,,,,,,,
,,,,,,,,,,,,,,
,,,,,,,,,,,,,,
,JABON MENNEN 90GR.,,,,,,,,,,,,,
,,,,,,,,,,,,,,
,Clave:,,HA9004,,,,Existencia:,,0,,,,,
,,,,,,,,,,,,,,
,Departamento:,,ACCESORIOS,,,,Precio:,,$ 22.00,,,,,
,,,,,,,,,,,,,,
,Categoría:,,BEBE BAÑO Y CUIDADO,,,,,,,,,,,
,,,,,,,,,,,,,,
,,,,,,,,,,,,,,
,,,,,,,,,,,,,,
,TALCO MENNEN 100gr.,,,,,,,,,,,,,
,,,,,,,,,,,,,,
,Clave:,,HA9006,,,,Existencia:,,0,,,,,
,,,,,,,,,,,,,,
,Departamento:,,ACCESORIOS,,,,Precio:,,$ 50.00,,,,,
,,,,,,,,,,,,,,
,Categoría:,,BEBE BAÑO Y CUIDADO,,,,,,,,,,,
,,,,,,,,,,,,,,
,,,,,,,,,,,,,,
,,,,,,,,,,,,,,
,ACEITE MENNEN 100 ml.,,,,,,,,,,,,,
,,,,,,,,,,,,,,
,Clave:,,HA9013,,,,Existencia:,,0,,,,,
,,,,,,,,,,,,,,
,Departamento:,,ACCESORIOS,,,,Precio:,,$ 45.00,,,,,
,,,,,,,,,,,,,,
,Categoría:,,BEBE BAÑO Y CUIDADO,,,,,,,,,,,
,,,,,,,,,,,,,,
,,,,,,,,,,,,,,
,,,,,,,,,,,,,,
,SOMBRERO DE CHARRO TAMAÑO 8-10-12,,,,,,,,,,,,,
,,,,,,,,,,,,,,
,Clave:,,HA9022,,,,Existencia:,,116,,,,,
,,,,,,,,,,,,,,
,Departamento:,,ACCESORIOS,,,,Precio:,,$ 399.90,,,,,
,,,,,,,,,,,,,,
,Categoría:,,SOMBREROS,,,,,,,,,,,
,,,,,,,,,,,,,,
,,,,,,,,,,,,,,
,,,,,,,,,,,,,,
,SOMBRERO DE CHARRO LENTEJUELA TAMAÑO 15,,,,,,,,,,,,,
,,,,,,,,,,,,,,
,Clave:,,HA9023,,,,Existencia:,,0,,,,,
,,,,,,,,,,,,,,
,Departamento:,,ACCESORIOS,,,,Precio:,,$ 449.90,,,,,
,,,,,,,,,,,,,,
,Categoría:,,SOMBREROS,,,,,,,,,,,
,,,,,,,,,,,,,,
,,,,,,,,,,,,,,
,,,,,,,,,,,,,,
,SOMBRERO BORDADO DE CHARRO 8-10-12,,,,,,,,,,,,,
,,,,,,,,,,,,,,
,Clave:,,HA9033,,,,Existencia:,,0,,,,,
,,,,,,,,,,,,,,
,Departamento:,,ACCESORIOS,,,,Precio:,,$ 499.90,,,,,
,,,,,,,,,,,,,,
,Categoría:,,SOMBREROS,,,,,,,,,,,
,,,,,,,,,,,,,,
,,,,,,,,,,,,,,
,,,,,,,,,,,,,,
,SOMBRERO TEJANO GAMUZA CH-MED-GDE VAQUERO,,,,,,,,,,,,,
,,,,,,,,,,,,,,
,Clave:,,HA9036,,,,Existencia:,,0,,,,,
,,,,,,,,,,,,,,
,Departamento:,,ACCESORIOS,,,,Precio:,,$ 186.00,,,,,
,,,,,,,,,,,,,,
,Categoría:,,SOMBREROS,,,,,,,,,,,
,,,,,,,,,,,,,,
,,,,,,,,,,,,,,
,,,,,,,,,,,,,,
,GORRA NIÑA ADORNADA,,,,,,,,,,,,,
,,,,,,,,,,,,,,
,Clave:,,HA9630,,,,Existencia:,,0,,,,,
,,,,,,,,,,,,,,
,Departamento:,,ACCESORIOS,,,,Precio:,,$ 69.90,,,,,
,,,,,,,,,,,,,,
,Categoría:,,BAUTIZO,,,,,,,,,,,
,,,,,,,,,,,,,,
,,,,,,,,,,,,,,
,,,,,,,,,,,,,,
,MOÑO DE CHARRO,,,,,,,,,,,,,
,,,,,,,,,,,,,,
,Clave:,,HA9999,,,,Existencia:,,0,,,,,
,,,,,,,,,,,,,,
,Departamento:,,ACCESORIOS,,,,Precio:,,$ 100.00,,,,,
,,,,,,,,,,,,,,
,Categoría:,,VARIOS,,,,,,,,,,,
,,,,,,,,,,,,,,
,,,,,,,,,,,,,,
,,,,,,,,,,,,,,
,BROCHE DIAMNTE PARA VESTIDO,,,,,,,,,,,,,
,,,,,,,,,,,,,,
,Clave:,,HG0002,,,,Existencia:,,0,,,,,
,,,,,,,,,,,,,,
,Departamento:,,TIARAS,,,,Precio:,,$ 139.00,,,,,
,,,,,,,,,,,,,,
,Categoría:,,"TIARAS, GUIAS, DIADEMA, PEINETAS METALICAS",,,,,,,,,,,
,,,,,,,,,,,,,,
,,,,,,,,,,,,,,
,,,,,,,,,,,,,,
,ZAPATO 9 AL 12 ECONOMICO,,,,,,,,,,,,,
,,,,,,,,,,,,,,
,Clave:,,HZ0002,,,,Existencia:,,5229,,,,,
,,,,,,,,,,,,,,
,Departamento:,,ZAPATERIA,,,,Precio:,,$ 119.90,,,,,
,,,,,,,,,,,,,,
,Categoría:,,ZAPATOS,,,,,,,,,,,
,,,,,,,,,,,,,,
,,,,,,,,,,,,,,
,,,,,,,,,,,,,,
,ZAPATO 13 AL 15 ECONOMICO,,,,,,,,,,,,,
,,,,,,,,,,,,,,
,Clave:,,HZ0004,,,,Existencia:,,2845,,,,,
,,,,,,,,,,,,,,
,Departamento:,,ZAPATERIA,,,,Precio:,,$ 149.90,,,,,
,,,,,,,,,,,,,,
,Categoría:,,ZAPATOS,,,,,,,,,,,
,,,,,,,,,,,,,,
,,,,,,,,,,,,,,
,,,,,,,,,,,,,,
,BABUCHA 12 AL 22,,,,,,,,,,,,,
,,,,,,,,,,,,,,
,Clave:,,HZ0006,,,,Existencia:,,1225,,,,,
,,,,,,,,,,,,,,
,Departamento:,,ZAPATERIA,,,,Precio:,,$ 110.00,,,,,
,,,,,,,,,,,,,,
,Categoría:,,ZAPATOS,,,,,,,,,,,
,,,,,,,,,,,,,,
,,,,,,,,,,,,,,
,,,,,,,,,,,,,,
,BABUCHA 23 AL 26,,,,,,,,,,,,,
,,,,,,,,,,,,,,
,Clave:,,HZ0008,,,,Existencia:,,269,,,,,
,,,,,,,,,,,,,,
,Departamento:,,ZAPATERIA,,,,Precio:,,$ 110.00,,,,,
,,,,,,,,,,,,,,
,Categoría:,,ZAPATOS,,,,,,,,,,,
,,,,,,,,,,,,,,
,,,,,,,,,,,,,,
,,,,,,,,,,,,,,
,BABUCHA BRILLO 12 AL 22,,,,,,,,,,,,,
,,,,,,,,,,,,,,
,Clave:,,HZ0010,,,,Existencia:,,160,,,,,
,,,,,,,,,,,,,,
,Departamento:,,ZAPATERIA,,,,Precio:,,$ 110.00,,,,,
,,,,,,,,,,,,,,
,Categoría:,,ZAPATOS,,,,,,,,,,,
,,,,,,,,,,,,,,
,,,,,,,,,,,,,,
,,,,,,,,,,,,,,
,ZAPATO BRINQUITOS 9 AL 14,,,,,,,,,,,,,
,,,,,,,,,,,,,,
,Clave:,,HZ0914,,,,Existencia:,,0,,,,,
,,,,,,,,,,,,,,
,Departamento:,,ZAPATERIA,,,,Precio:,,$ 200.00,,,,,
,,,,,,,,,,,,,,
,Categoría:,,ZAPATOS,,,,,,,,,,,
,,,,,,,,,,,,,,
,,,,,,,,,,,,,,
,,,,,,,,,,,,,,
,ZAPATO BRINQUITOS 15 AL 17,,,,,,,,,,,,,
,,,,,,,,,,,,,,
,Clave:,,HZ1517,,,,Existencia:,,0,,,,,
,,,,,,,,,,,,,,
,Departamento:,,ZAPATERIA,,,,Precio:,,$ 220.00,,,,,
,,,,,,,,,,,,,,
,Categoría:,,ZAPATOS,,,,,,,,,,,
,,,,,,,,,,,,,,
,,,,,,,,,,,,,,
,,,,,,,,,,,,,,
,ZAPATO CHANTU,,,,,,,,,,,,,
,,,,,,,,,,,,,,
,Clave:,,HZ3002,,,,Existencia:,,104,,,,,
,,,,,,,,,,,,,,
,Departamento:,,ZAPATERIA,,,,Precio:,,$ 229.90,,,,,
,,,,,,,,,,,,,,
,Categoría:,,ZAPATOS,,,,,,,,,,,
,,,,,,,,,,,,,,
,,,,,,,,,,,,,,
,,,,,,,,,,,,,,
,ZAPATO CORAL CHANTU,,,,,,,,,,,,,
,,,,,,,,,,,,,,
,Clave:,,HZ3013,,,,Existencia:,,0,,,,,
,,,,,,,,,,,,,,
,Departamento:,,ZAPATERIA,,,,Precio:,,$ 159.90,,,,,
,,,,,,,,,,,,,,
,Categoría:,,ZAPATOS,,,,,,,,,,,
,,,,,,,,,,,,,,
,,,,,,,,,,,,,,
,,,,,,,,,,,,,,
,BOTA VAQUERA 12 AL 14,,,,,,,,,,,,,
,,,,,,,,,,,,,,
,Clave:,,HZ3691,,,,Existencia:,,0,,,,,
,,,,,,,,,,,,,,
,Departamento:,,ZAPATERIA,,,,Precio:,,$ 230.00,,,,,
,,,,,,,,,,,,,,
,Categoría:,,ZAPATOS,,,,,,,,,,,
,,,,,,,,,,,,,,
,,,,,,,,,,,,,,
,,,,,,,,,,,,,,
,BOTA VAQUERA 15 AL 17,,,,,,,,,,,,,
,,,,,,,,,,,,,,
,Clave:,,HZ3693,,,,Existencia:,,0,,,,,
,,,,,,,,,,,,,,
,Departamento:,,ZAPATERIA,,,,Precio:,,$ 260.00,,,,,
,,,,,,,,,,,,,,
,Categoría:,,ZAPATOS,,,,,,,,,,,
,,,,,,,,,,,,,,
,,,,,,,,,,,,,,
,,,,,,,,,,,,,,
,ZAPATO CHAROL 9 AL 12,,,,,,,,,,,,,
,,,,,,,,,,,,,,
,Clave:,,HZ9009,,,,Existencia:,,234,,,,,
,,,,,,,,,,,,,,
,Departamento:,,ZAPATERIA,,,,Precio:,,$ 119.90,,,,,
,,,,,,,,,,,,,,
,Categoría:,,ZAPATOS,,,,,,,,,,,
,,,,,,,,,,,,,,
,,,,,,,,,,,,,,
,,,,,,,,,,,,,,
,ZAPATILLA AILEN 10 AL 14,,,,,,,,,,,,,
,,,,,,,,,,,,,,
,Clave:,,HZ9361,,,,Existencia:,,0,,,,,
,,,,,,,,,,,,,,
,Departamento:,,ZAPATERIA,,,,Precio:,,$ 230.00,,,,,
,,,,,,,,,,,,,,
,Categoría:,,ZAPATOS,,,,,,,,,,,
,,,,,,,,,,,,,,
,,,,,,,,,,,,,,
,,,,,,,,,,,,,,
,ZAPATILLA AILEN 15 AL 17,,,,,,,,,,,,,
,,,,,,,,,,,,,,
,Clave:,,HZ9363,,,,Existencia:,,0,,,,,
,,,,,,,,,,,,,,
,Departamento:,,ZAPATERIA,,,,Precio:,,$ 260.00,,,,,
,,,,,,,,,,,,,,
,Categoría:,,ZAPATOS,,,,,,,,,,,
,,,,,,,,,,,,,,
,,,,,,,,,,,,,,
,,,,,,,,,,,,,,
,ZAPATILLA FLORAL 10 AL 13,,,,,,,,,,,,,
,,,,,,,,,,,,,,
,Clave:,,HZ9444,,,,Existencia:,,0,,,,,
,,,,,,,,,,,,,,
,Departamento:,,ZAPATERIA,,,,Precio:,,$ 280.00,,,,,
,,,,,,,,,,,,,,
,Categoría:,,ZAPATOS,,,,,,,,,,,
,,,,,,,,,,,,,,
,,,,,,,,,,,,,,
,,,,,,,,,,,,,,
,ZAPATO CADY  12 AL 14,,,,,,,,,,,,,
,,,,,,,,,,,,,,
,Clave:,,HZ9922,,,,Existencia:,,0,,,,,
,,,,,,,,,,,,,,
,Departamento:,,ZAPATERIA,,,,Precio:,,$ 309.90,,,,,
,,,,,,,,,,,,,,
,Categoría:,,ZAPATOS,,,,,,,,,,,
,,,,,,,,,,,,,,
,,,,,,,,,,,,,,
,,,,,,,,,,,,,,
,ZAPATO BULLY BILUS 10 AL 12,,,,,,,,,,,,,
,,,,,,,,,,,,,,
,Clave:,,HZ9947,,,,Existencia:,,0,,,,,
,,,,,,,,,,,,,,
,Departamento:,,ZAPATERIA,,,,Precio:,,$ 249.90,,,,,
,,,,,,,,,,,,,,
,Categoría:,,ZAPATOS,,,,,,,,,,,
,,,,,,,,,,,,,,
,,,,,,,,,,,,,,
,,,,,,,,,,,,,,
,PANTALETA PASSION OLANES 1-2-3,,,,,,,,,,,,,
,,,,,,,,,,,,,,
,Clave:,,IA1002,,,,Existencia:,,0,,,,,
,,,,,,,,,,,,,,
,Departamento:,,BONETERIA,,,,Precio:,,$ 40.00,,,,,
,,,,,,,,,,,,,,
,Categoría:,,ROPA INTERIOR,,,,,,,,,,,
,,,,,,,,,,,,,,
,,,,,,,,,,,,,,
,,,,,,,,,,,,,,
,PANTALETA SEMANAL,,,,,,,,,,,,,
,,,,,,,,,,,,,,
,Clave:,,IA1012,,,,Existencia:,,0,,,,,
,,,,,,,,,,,,,,
,Departamento:,,BONETERIA,,,,Precio:,,$ 40.00,,,,,
,,,,,,,,,,,,,,
,Categoría:,,ROPA INTERIOR,,,,,,,,,,,
,,,,,,,,,,,,,,
,,,,,,,,,,,,,,
,,,,,,,,,,,,,,
,PANTALETA ELISA ECO OLANES 1-2-3,,,,,,,,,,,,,
,,,,,,,,,,,,,,
,Clave:,,IA1013,,,,Existencia:,,1800,,,,,
,,,,,,,,,,,,,,
,Departamento:,,BONETERIA,,,,Precio:,,$ 40.00,,,,,
,,,,,,,,,,,,,,
,Categoría:,,ROPA INTERIOR,,,,,,,,,,,
,,,,,,,,,,,,,,
,,,,,,,,,,,,,,
,,,,,,,,,,,,,,
,PANTALETA ELISA ECO OLANES 4-6,,,,,,,,,,,,,
,,,,,,,,,,,,,,
,Clave:,,IA1015,,,,Existencia:,,240,,,,,
,,,,,,,,,,,,,,
,Departamento:,,BONETERIA,,,,Precio:,,$ 45.00,,,,,
,,,,,,,,,,,,,,
,Categoría:,,ROPA INTERIOR,,,,,,,,,,,
,,,,,,,,,,,,,,
,,,,,,,,,,,,,,
,,,,,,,,,,,,,,
,TRUZA MARIOS ECO. 1 AL 3,,,,,,,,,,,,,
,,,,,,,,,,,,,,
,Clave:,,IA2002,,,,Existencia:,,0,,,,,
,,,,,,,,,,,,,,
,Departamento:,,BONETERIA,,,,Precio:,,$ 40.00,,,,,
,,,,,,,,,,,,,,
,Categoría:,,ROPA INTERIOR,,,,,,,,,,,
,,,,,,,,,,,,,,
,,,,,,,,,,,,,,
,,,,,,,,,,,,,,
,TRUZA MARIOS ECO. 4 AL 6,,,,,,,,,,,,,
,,,,,,,,,,,,,,
,Clave:,,IA2004,,,,Existencia:,,0,,,,,
,,,,,,,,,,,,,,
,Departamento:,,BONETERIA,,,,Precio:,,$ 45.00,,,,,
,,,,,,,,,,,,,,
,Categoría:,,ROPA INTERIOR,,,,,,,,,,,
,,,,,,,,,,,,,,
,,,,,,,,,,,,,,
,,,,,,,,,,,,,,
,BABERO RAZO BORDADO,,,,,,,,,,,,,
,,,,,,,,,,,,,,
,Clave:,,IB0002,,,,Existencia:,,0,,,,,
,,,,,,,,,,,,,,
,Departamento:,,ACCESORIOS,,,,Precio:,,$ 39.90,,,,,
,,,,,,,,,,,,,,
,Categoría:,,BONETERIA,,,,,,,,,,,
,,,,,,,,,,,,,,
,,,,,,,,,,,,,,
,,,,,,,,,,,,,,
,BABERO JOE C/3 PZ.  MOD. 8001,,,,,,,,,,,,,
,,,,,,,,,,,,,,
,Clave:,,IB0004,,,,Existencia:,,0,,,,,
,,,,,,,,,,,,,,
,Departamento:,,ACCESORIOS,,,,Precio:,,$ 11.90,,,,,
,,,,,,,,,,,,,,
,Categoría:,,BONETERIA,,,,,,,,,,,
,,,,,,,,,,,,,,
,,,,,,,,,,,,,,
,,,,,,,,,,,,,,
,BONETE JOE MOD. 8317 BEBE,,,,,,,,,,,,,
,,,,,,,,,,,,,,
,Clave:,,IB0006,,,,Existencia:,,0,,,,,
,,,,,,,,,,,,,,
,Departamento:,,ACCESORIOS,,,,Precio:,,$ 9.90,,,,,
,,,,,,,,,,,,,,
,Categoría:,,BONETERIA,,,,,,,,,,,
,,,,,,,,,,,,,,
,,,,,,,,,,,,,,
,,,,,,,,,,,,,,
,TOALLITA RAZO BORDADO,,,,,,,,,,,,,
,,,,,,,,,,,,,,
,Clave:,,IB0010,,,,Existencia:,,0,,,,,
,,,,,,,,,,,,,,
,Departamento:,,ACCESORIOS,,,,Precio:,,$ 19.90,,,,,
,,,,,,,,,,,,,,
,Categoría:,,BONETERIA,,,,,,,,,,,
,,,,,,,,,,,,,,
,,,,,,,,,,,,,,
,,,,,,,,,,,,,,
,PAÑALERA BABY MINK MOD. 212,,,,,,,,,,,,,
,,,,,,,,,,,,,,
,Clave:,,IB9002,,,,Existencia:,,0,,,,,
,,,,,,,,,,,,,,
,Departamento:,,ACCESORIOS,,,,Precio:,,$ 510.28,,,,,
,,,,,,,,,,,,,,
,Categoría:,,BEBE BAÑO Y CUIDADO,,,,,,,,,,,
,,,,,,,,,,,,,,
,,,,,,,,,,,,,,
,,,,,,,,,,,,,,
,CANASTILLA 12 PIEZAS,,,,,,,,,,,,,
,,,,,,,,,,,,,,
,Clave:,,IC0012,,,,Existencia:,,N/A,,,,,
,,,,,,,,,,,,,,
,Departamento:,,ACCESORIOS,,,,Precio:,,$ 487.08,,,,,
,,,,,,,,,,,,,,
,Categoría:,,BEBE BAÑO Y CUIDADO,,,,,,,,,,,
,,,,,,,,,,,,,,
,,,,,,,,,,,,,,
,,,,,,,,,,,,,,
,CAMISETA TIRANTES 0-1-2-3 MARIOS,,,,,,,,,,,,,
,,,,,,,,,,,,,,
,Clave:,,IC1002,,,,Existencia:,,26,,,,,
,,,,,,,,,,,,,,
,Departamento:,,BONETERIA,,,,Precio:,,$ 40.00,,,,,
,,,,,,,,,,,,,,
,Categoría:,,ROPA INTERIOR,,,,,,,,,,,
,,,,,,,,,,,,,,
,,,,,,,,,,,,,,
,,,,,,,,,,,,,,
,CAMISETA TIRANTES 04 AL 06 MARIOS - YOSSI - JOE,,,,,,,,,,,,,
,,,,,,,,,,,,,,
,Clave:,,IC1004,,,,Existencia:,,119,,,,,
,,,,,,,,,,,,,,
,Departamento:,,BONETERIA,,,,Precio:,,$ 45.00,,,,,
,,,,,,,,,,,,,,
,Categoría:,,ROPA INTERIOR,,,,,,,,,,,
,,,,,,,,,,,,,,
,,,,,,,,,,,,,,
,,,,,,,,,,,,,,
,CAMISETA TIRANTES 08 AL 12 YOSSI - JOE,,,,,,,,,,,,,
,,,,,,,,,,,,,,
,Clave:,,IC1006,,,,Existencia:,,84,,,,,
,,,,,,,,,,,,,,
,Departamento:,,BONETERIA,,,,Precio:,,$ 55.00,,,,,
,,,,,,,,,,,,,,
,Categoría:,,ROPA INTERIOR,,,,,,,,,,,
,,,,,,,,,,,,,,
,,,,,,,,,,,,,,
,,,,,,,,,,,,,,
,CAMISETA TIRANTES 14 AL 16 YOSSI - JOE,,,,,,,,,,,,,
,,,,,,,,,,,,,,
,Clave:,,IC1008,,,,Existencia:,,53,,,,,
,,,,,,,,,,,,,,
,Departamento:,,BONETERIA,,,,Precio:,,$ 65.00,,,,,
,,,,,,,,,,,,,,
,Categoría:,,ROPA INTERIOR,,,,,,,,,,,
,,,,,,,,,,,,,,
,,,,,,,,,,,,,,
,,,,,,,,,,,,,,
,PLAYERA  C/TORTUGA 1 A 6 AÑOS,,,,,,,,,,,,,
,,,,,,,,,,,,,,
,Clave:,,IC2002,,,,Existencia:,,0,,,,,
,,,,,,,,,,,,,,
,Departamento:,,BONETERIA,,,,Precio:,,$ 80.00,,,,,
,,,,,,,,,,,,,,
,Categoría:,,ROPA INTERIOR,,,,,,,,,,,
,,,,,,,,,,,,,,
,,,,,,,,,,,,,,
,,,,,,,,,,,,,,
,PLAYERA  C/TORTUGA 08 AL 12,,,,,,,,,,,,,
,,,,,,,,,,,,,,
,Clave:,,IC2004,,,,Existencia:,,0,,,,,
,,,,,,,,,,,,,,
,Departamento:,,BONETERIA,,,,Precio:,,$ 90.00,,,,,
,,,,,,,,,,,,,,
,Categoría:,,ROPA INTERIOR,,,,,,,,,,,
,,,,,,,,,,,,,,
,,,,,,,,,,,,,,
,,,,,,,,,,,,,,
,PLAYERA  C/TORTUGA 14 A 16 AÑOS,,,,,,,,,,,,,
,,,,,,,,,,,,,,
,Clave:,,IC2006,,,,Existencia:,,0,,,,,
,,,,,,,,,,,,,,
,Departamento:,,BONETERIA,,,,Precio:,,$ 100.00,,,,,
,,,,,,,,,,,,,,
,Categoría:,,ROPA INTERIOR,,,,,,,,,,,
,,,,,,,,,,,,,,
,,,,,,,,,,,,,,
,,,,,,,,,,,,,,
,CAMISETA CRUZADA ALGODON BEBE MOD. 5024 - 5002,,,,,,,,,,,,,
,,,,,,,,,,,,,,
,Clave:,,IC4002,,,,Existencia:,,0,,,,,
,,,,,,,,,,,,,,
,Departamento:,,BONETERIA,,,,Precio:,,$ 24.90,,,,,
,,,,,,,,,,,,,,
,Categoría:,,ROPA INTERIOR,,,,,,,,,,,
,,,,,,,,,,,,,,
,,,,,,,,,,,,,,
,,,,,,,,,,,,,,
,PLAYERA M/L MARIOS  C/REDONDO 0-1-2-3 CON BOTON,,,,,,,,,,,,,
,,,,,,,,,,,,,,
,Clave:,,IC7001,,,,Existencia:,,0,,,,,
,,,,,,,,,,,,,,
,Departamento:,,BONETERIA,,,,Precio:,,$ 40.00,,,,,
,,,,,,,,,,,,,,
,Categoría:,,ROPA INTERIOR,,,,,,,,,,,
,,,,,,,,,,,,,,
,,,,,,,,,,,,,,
,,,,,,,,,,,,,,
,PLAYERA M/L MARIOS  C/REDONDO 0-1-2-3 CON BOTON 0,,,,,,,,,,,,,
,,,,,,,,,,,,,,
,Clave:,,IC7001-0,,,,Existencia:,,0,,,,,
,,,,,,,,,,,,,,
,Departamento:,,BONETERIA,,,,Precio:,,$ 40.00,,,,,
,,,,,,,,,,,,,,
,Categoría:,,ROPA INTERIOR,,,,,,,,,,,
,,,,,,,,,,,,,,
,,,,,,,,,,,,,,
,,,,,,,,,,,,,,
,PLAYERA M/L MARIOS  C/REDONDO 0-1-2-3 CON BOTON 1,,,,,,,,,,,,,
,,,,,,,,,,,,,,
,Clave:,,IC7001-1,,,,Existencia:,,0,,,,,
,,,,,,,,,,,,,,
,Departamento:,,BONETERIA,,,,Precio:,,$ 40.00,,,,,
,,,,,,,,,,,,,,
,Categoría:,,ROPA INTERIOR,,,,,,,,,,,
,,,,,,,,,,,,,,
,,,,,,,,,,,,,,
,,,,,,,,,,,,,,
,PLAYERA M/L MARIOS  C/REDONDO 0-1-2-3 CON BOTON 2,,,,,,,,,,,,,
,,,,,,,,,,,,,,
,Clave:,,IC7001-2,,,,Existencia:,,0,,,,,
,,,,,,,,,,,,,,
,Departamento:,,BONETERIA,,,,Precio:,,$ 40.00,,,,,
,,,,,,,,,,,,,,
,Categoría:,,ROPA INTERIOR,,,,,,,,,,,
,,,,,,,,,,,,,,
,,,,,,,,,,,,,,
,,,,,,,,,,,,,,
,PLAYERA M/L MARIOS  C/REDONDO 0-1-2-3 CON BOTON 3,,,,,,,,,,,,,
,,,,,,,,,,,,,,
,Clave:,,IC7001-3,,,,Existencia:,,0,,,,,
,,,,,,,,,,,,,,
,Departamento:,,BONETERIA,,,,Precio:,,$ 40.00,,,,,
,,,,,,,,,,,,,,
,Categoría:,,ROPA INTERIOR,,,,,,,,,,,
,,,,,,,,,,,,,,
,,,,,,,,,,,,,,
,,,,,,,,,,,,,,
,PLAYERA M/L MARIOS C/REDONDO 4 AL 6,,,,,,,,,,,,,
,,,,,,,,,,,,,,
,Clave:,,IC7002,,,,Existencia:,,0,,,,,
,,,,,,,,,,,,,,
,Departamento:,,BONETERIA,,,,Precio:,,$ 50.00,,,,,
,,,,,,,,,,,,,,
,Categoría:,,ROPA INTERIOR,,,,,,,,,,,
,,,,,,,,,,,,,,
,,,,,,,,,,,,,,
,,,,,,,,,,,,,,
,CAMISETA DACRON BEBE,,,,,,,,,,,,,
,,,,,,,,,,,,,,
,Clave:,,IC9002,,,,Existencia:,,0,,,,,
,,,,,,,,,,,,,,
,Departamento:,,BONETERIA,,,,Precio:,,$ 18.90,,,,,
,,,,,,,,,,,,,,
,Categoría:,,ROPA INTERIOR,,,,,,,,,,,
,,,,,,,,,,,,,,
,,,,,,,,,,,,,,
,,,,,,,,,,,,,,
,LEOTARDO NIÑA  2 AL 13,,,,,,,,,,,,,
,,,,,,,,,,,,,,
,Clave:,,IL0013,,,,Existencia:,,224,,,,,
,,,,,,,,,,,,,,
,Departamento:,,ACCESORIOS,,,,Precio:,,$ 119.90,,,,,
,,,,,,,,,,,,,,
,Categoría:,,BONETERIA,,,,,,,,,,,
,,,,,,,,,,,,,,
,,,,,,,,,,,,,,
,,,,,,,,,,,,,,
,MALLA ACRILAN 0/00 Ó 01/03 SWEATER BEBE,,,,,,,,,,,,,
,,,,,,,,,,,,,,
,Clave:,,IL1002,,,,Existencia:,,0,,,,,
,,,,,,,,,,,,,,
,Departamento:,,BONETERIA,,,,Precio:,,$ 99.90,,,,,
,,,,,,,,,,,,,,
,Categoría:,,MALLAS CALCETAS Y CALCETINES,,,,,,,,,,,
,,,,,,,,,,,,,,
,,,,,,,,,,,,,,
,,,,,,,,,,,,,,
,MALLA ACRILAN 04/06 Ó 07/09 SWEATER INFANTIL,,,,,,,,,,,,,
,,,,,,,,,,,,,,
,Clave:,,IL1004,,,,Existencia:,,0,,,,,
,,,,,,,,,,,,,,
,Departamento:,,BONETERIA,,,,Precio:,,$ 110.00,,,,,
,,,,,,,,,,,,,,
,Categoría:,,MALLAS CALCETAS Y CALCETINES,,,,,,,,,,,
,,,,,,,,,,,,,,
,,,,,,,,,,,,,,
,,,,,,,,,,,,,,
,MALLA ACRILAN 10/12 Ó 13/15 SWEATER JUVENIL,,,,,,,,,,,,,
,,,,,,,,,,,,,,
,Clave:,,IL1006,,,,Existencia:,,0,,,,,
,,,,,,,,,,,,,,
,Departamento:,,BONETERIA,,,,Precio:,,$ 120.00,,,,,
,,,,,,,,,,,,,,
,Categoría:,,MALLAS CALCETAS Y CALCETINES,,,,,,,,,,,
,,,,,,,,,,,,,,
,,,,,,,,,,,,,,
,,,,,,,,,,,,,,
,MALLA ACRILAN DAMA SWEATER,,,,,,,,,,,,,
,,,,,,,,,,,,,,
,Clave:,,IL1008,,,,Existencia:,,0,,,,,
,,,,,,,,,,,,,,
,Departamento:,,BONETERIA,,,,Precio:,,$ 150.00,,,,,
,,,,,,,,,,,,,,
,Categoría:,,MALLAS CALCETAS Y CALCETINES,,,,,,,,,,,
,,,,,,,,,,,,,,
,,,,,,,,,,,,,,
,,,,,,,,,,,,,,
,MALLA NAYLON 00 AL 12 MEDIA PARA NIÑA CRISTIANITA,,,,,,,,,,,,,
,,,,,,,,,,,,,,
,Clave:,,IL2002,,,,Existencia:,,4484,,,,,
,,,,,,,,,,,,,,
,Departamento:,,BONETERIA,,,,Precio:,,$ 40.00,,,,,
,,,,,,,,,,,,,,
,Categoría:,,MALLAS CALCETAS Y CALCETINES,,,,,,,,,,,
,,,,,,,,,,,,,,
,,,,,,,,,,,,,,
,,,,,,,,,,,,,,
,MALLA ALGODON BEBE MONSERRAT DE 0/6 MESES Y 6/12 MESES,,,,,,,,,,,,,
,,,,,,,,,,,,,,
,Clave:,,IL2991,,,,Existencia:,,0,,,,,
,,,,,,,,,,,,,,
,Departamento:,,BONETERIA,,,,Precio:,,$ 49.90,,,,,
,,,,,,,,,,,,,,
,Categoría:,,MALLAS CALCETAS Y CALCETINES,,,,,,,,,,,
,,,,,,,,,,,,,,
,,,,,,,,,,,,,,
,,,,,,,,,,,,,,
,MALLA ALGODON MONSERRAT DEL 0/2 AL 10/13,,,,,,,,,,,,,
,,,,,,,,,,,,,,
,Clave:,,IL2993,,,,Existencia:,,0,,,,,
,,,,,,,,,,,,,,
,Departamento:,,BONETERIA,,,,Precio:,,$ 65.00,,,,,
,,,,,,,,,,,,,,
,Categoría:,,MALLAS CALCETAS Y CALCETINES,,,,,,,,,,,
,,,,,,,,,,,,,,
,,,,,,,,,,,,,,
,,,,,,,,,,,,,,
,MALLA GAZZARA ACRILAN 0-1,,,,,,,,,,,,,
,,,,,,,,,,,,,,
,Clave:,,IL3003,,,,Existencia:,,0,,,,,
,,,,,,,,,,,,,,
,Departamento:,,BONETERIA,,,,Precio:,,$ 80.00,,,,,
,,,,,,,,,,,,,,
,Categoría:,,MALLAS CALCETAS Y CALCETINES,,,,,,,,,,,
,,,,,,,,,,,,,,
,,,,,,,,,,,,,,
,,,,,,,,,,,,,,
,MALLA GAZZARA ACRILAN 1-3,,,,,,,,,,,,,
,,,,,,,,,,,,,,
,Clave:,,IL3005,,,,Existencia:,,0,,,,,
,,,,,,,,,,,,,,
,Departamento:,,BONETERIA,,,,Precio:,,$ 85.00,,,,,
,,,,,,,,,,,,,,
,Categoría:,,MALLAS CALCETAS Y CALCETINES,,,,,,,,,,,
,,,,,,,,,,,,,,
,,,,,,,,,,,,,,
,,,,,,,,,,,,,,
,MALLA GAZZARA ACRILAN 3-5,,,,,,,,,,,,,
,,,,,,,,,,,,,,
,Clave:,,IL3007,,,,Existencia:,,0,,,,,
,,,,,,,,,,,,,,
,Departamento:,,BONETERIA,,,,Precio:,,$ 90.00,,,,,
,,,,,,,,,,,,,,
,Categoría:,,MALLAS CALCETAS Y CALCETINES,,,,,,,,,,,
,,,,,,,,,,,,,,
,,,,,,,,,,,,,,
,,,,,,,,,,,,,,
,IMSS,,,,,,,,,,,,,
,,,,,,,,,,,,,,
,Clave:,,IMSS,,,,Existencia:,,0,,,,,
,,,,,,,,,,,,,,
,Departamento:,,COBROS,,,,Precio:,,$ 1.00,,,,,
,,,,,,,,,,,,,,
,Categoría:,,NEGOCIO,,,,,,,,,,,
,,,,,,,,,,,,,,
,,,,,,,,,,,,,,
,,,,,,,,,,,,,,
,INFONAVIT,,,,,,,,,,,,,
,,,,,,,,,,,,,,
,Clave:,,INFONAVIT,,,,Existencia:,,0,,,,,
,,,,,,,,,,,,,,
,Departamento:,,COBROS,,,,Precio:,,$ 1.00,,,,,
,,,,,,,,,,,,,,
,Categoría:,,NEGOCIO,,,,,,,,,,,
,,,,,,,,,,,,,,
,,,,,,,,,,,,,,
,,,,,,,,,,,,,,
,PAÑALERO M/C Y S/M 1-2-3 ALGODON,,,,,,,,,,,,,
,,,,,,,,,,,,,,
,Clave:,,IP1002,,,,Existencia:,,1908,,,,,
,,,,,,,,,,,,,,
,Departamento:,,BONETERIA,,,,Precio:,,$ 45.00,,,,,
,,,,,,,,,,,,,,
,Categoría:,,ROPA INTERIOR,,,,,,,,,,,
,,,,,,,,,,,,,,
,,,,,,,,,,,,,,
,,,,,,,,,,,,,,
,PAÑALERO ESTAMPADO S/M,,,,,,,,,,,,,
,,,,,,,,,,,,,,
,Clave:,,IP1022,,,,Existencia:,,0,,,,,
,,,,,,,,,,,,,,
,Departamento:,,BONETERIA,,,,Precio:,,$ 29.90,,,,,
,,,,,,,,,,,,,,
,Categoría:,,ROPA INTERIOR,,,,,,,,,,,
,,,,,,,,,,,,,,
,,,,,,,,,,,,,,
,,,,,,,,,,,,,,
,PAÑALERO C/RUSO 1-2-3,,,,,,,,,,,,,
,,,,,,,,,,,,,,
,Clave:,,IP1204,,,,Existencia:,,0,,,,,
,,,,,,,,,,,,,,
,Departamento:,,BONETERIA,,,,Precio:,,$ 56.00,,,,,
,,,,,,,,,,,,,,
,Categoría:,,ROPA INTERIOR,,,,,,,,,,,
,,,,,,,,,,,,,,
,,,,,,,,,,,,,,
,,,,,,,,,,,,,,
,PAÑALERO M/L 1-2-3 ALGODON,,,,,,,,,,,,,
,,,,,,,,,,,,,,
,Clave:,,IP2002,,,,Existencia:,,1644,,,,,
,,,,,,,,,,,,,,
,Departamento:,,BONETERIA,,,,Precio:,,$ 45.00,,,,,
,,,,,,,,,,,,,,
,Categoría:,,ROPA INTERIOR,,,,,,,,,,,
,,,,,,,,,,,,,,
,,,,,,,,,,,,,,
,,,,,,,,,,,,,,
,PAÑALERO BORDADO M/L 1-2-3 ALGODON,,,,,,,,,,,,,
,,,,,,,,,,,,,,
,Clave:,,IP2113,,,,Existencia:,,0,,,,,
,,,,,,,,,,,,,,
,Departamento:,,BONETERIA,,,,Precio:,,$ 60.00,,,,,
,,,,,,,,,,,,,,
,Categoría:,,ROPA INTERIOR,,,,,,,,,,,
,,,,,,,,,,,,,,
,,,,,,,,,,,,,,
,,,,,,,,,,,,,,
,PANTALON TERMICO BEBE,,,,,,,,,,,,,
,,,,,,,,,,,,,,
,Clave:,,IS1002,,,,Existencia:,,0,,,,,
,,,,,,,,,,,,,,
,Departamento:,,BONETERIA,,,,Precio:,,$ 22.90,,,,,
,,,,,,,,,,,,,,
,Categoría:,,ROPA INTERIOR,,,,,,,,,,,
,,,,,,,,,,,,,,
,,,,,,,,,,,,,,
,,,,,,,,,,,,,,
,TERMICO 4 AL 12,,,,,,,,,,,,,
,,,,,,,,,,,,,,
,Clave:,,IS3002,,,,Existencia:,,0,,,,,
,,,,,,,,,,,,,,
,Departamento:,,BONETERIA,,,,Precio:,,$ 119.90,,,,,
,,,,,,,,,,,,,,
,Categoría:,,ROPA INTERIOR,,,,,,,,,,,
,,,,,,,,,,,,,,
,,,,,,,,,,,,,,
,,,,,,,,,,,,,,
,TERMICO 14 AL 18,,,,,,,,,,,,,
,,,,,,,,,,,,,,
,Clave:,,IS3004,,,,Existencia:,,0,,,,,
,,,,,,,,,,,,,,
,Departamento:,,BONETERIA,,,,Precio:,,$ 159.90,,,,,
,,,,,,,,,,,,,,
,Categoría:,,ROPA INTERIOR,,,,,,,,,,,
,,,,,,,,,,,,,,
,,,,,,,,,,,,,,
,,,,,,,,,,,,,,
,TERMICO GRANDE Y EXTRAGRANDE,,,,,,,,,,,,,
,,,,,,,,,,,,,,
,Clave:,,IS3008,,,,Existencia:,,0,,,,,
,,,,,,,,,,,,,,
,Departamento:,,BONETERIA,,,,Precio:,,$ 169.90,,,,,
,,,,,,,,,,,,,,
,Categoría:,,ROPA INTERIOR,,,,,,,,,,,
,,,,,,,,,,,,,,
,,,,,,,,,,,,,,
,,,,,,,,,,,,,,
,TERMICO BEBE 01 AL 03,,,,,,,,,,,,,
,,,,,,,,,,,,,,
,Clave:,,IS3202,,,,Existencia:,,0,,,,,
,,,,,,,,,,,,,,
,Departamento:,,BONETERIA,,,,Precio:,,$ 44.90,,,,,
,,,,,,,,,,,,,,
,Categoría:,,ROPA INTERIOR,,,,,,,,,,,
,,,,,,,,,,,,,,
,,,,,,,,,,,,,,
,,,,,,,,,,,,,,
,CALCETA OLAN STEPS 00/00 MOD. 362,,,,,,,,,,,,,
,,,,,,,,,,,,,,
,Clave:,,IT1002,,,,Existencia:,,828,,,,,
,,,,,,,,,,,,,,
,Departamento:,,BONETERIA,,,,Precio:,,$ 33.00,,,,,
,,,,,,,,,,,,,,
,Categoría:,,MALLAS CALCETAS Y CALCETINES,,,,,,,,,,,
,,,,,,,,,,,,,,
,,,,,,,,,,,,,,
,,,,,,,,,,,,,,
,CALCETA OLAN STEPS 00/02 MOD. 362,,,,,,,,,,,,,
,,,,,,,,,,,,,,
,Clave:,,IT1004,,,,Existencia:,,960,,,,,
,,,,,,,,,,,,,,
,Departamento:,,BONETERIA,,,,Precio:,,$ 33.00,,,,,
,,,,,,,,,,,,,,
,Categoría:,,MALLAS CALCETAS Y CALCETINES,,,,,,,,,,,
,,,,,,,,,,,,,,
,,,,,,,,,,,,,,
,,,,,,,,,,,,,,
,CALCETA OLAN STEPS 03/05 MOD. 362,,,,,,,,,,,,,
,,,,,,,,,,,,,,
,Clave:,,IT1006,,,,Existencia:,,696,,,,,
,,,,,,,,,,,,,,
,Departamento:,,BONETERIA,,,,Precio:,,$ 33.00,,,,,
,,,,,,,,,,,,,,
,Categoría:,,MALLAS CALCETAS Y CALCETINES,,,,,,,,,,,
,,,,,,,,,,,,,,
,,,,,,,,,,,,,,
,,,,,,,,,,,,,,
,CALCETIN STEPS 00/00,,,,,,,,,,,,,
,,,,,,,,,,,,,,
,Clave:,,IT1022,,,,Existencia:,,0,,,,,
,,,,,,,,,,,,,,
,Departamento:,,BONETERIA,,,,Precio:,,$ 25.00,,,,,
,,,,,,,,,,,,,,
,Categoría:,,MALLAS CALCETAS Y CALCETINES,,,,,,,,,,,
,,,,,,,,,,,,,,
,,,,,,,,,,,,,,
,,,,,,,,,,,,,,
,CALCETIN STEPS 00/02,,,,,,,,,,,,,
,,,,,,,,,,,,,,
,Clave:,,IT1024,,,,Existencia:,,240,,,,,
,,,,,,,,,,,,,,
,Departamento:,,BONETERIA,,,,Precio:,,$ 25.00,,,,,
,,,,,,,,,,,,,,
,Categoría:,,MALLAS CALCETAS Y CALCETINES,,,,,,,,,,,
,,,,,,,,,,,,,,
,,,,,,,,,,,,,,
,,,,,,,,,,,,,,
,CALCETIN STEPS 03/05,,,,,,,,,,,,,
,,,,,,,,,,,,,,
,Clave:,,IT1026,,,,Existencia:,,456,,,,,
,,,,,,,,,,,,,,
,Departamento:,,BONETERIA,,,,Precio:,,$ 25.00,,,,,
,,,,,,,,,,,,,,
,Categoría:,,MALLAS CALCETAS Y CALCETINES,,,,,,,,,,,
,,,,,,,,,,,,,,
,,,,,,,,,,,,,,
,,,,,,,,,,,,,,
,CALCETIN STEPS 06/08,,,,,,,,,,,,,
,,,,,,,,,,,,,,
,Clave:,,IT1028,,,,Existencia:,,336,,,,,
,,,,,,,,,,,,,,
,Departamento:,,BONETERIA,,,,Precio:,,$ 25.00,,,,,
,,,,,,,,,,,,,,
,Categoría:,,MALLAS CALCETAS Y CALCETINES,,,,,,,,,,,
,,,,,,,,,,,,,,
,,,,,,,,,,,,,,
,,,,,,,,,,,,,,
,CALCETIN STEPS 09/12,,,,,,,,,,,,,
,,,,,,,,,,,,,,
,Clave:,,IT1030,,,,Existencia:,,204,,,,,
,,,,,,,,,,,,,,
,Departamento:,,BONETERIA,,,,Precio:,,$ 25.00,,,,,
,,,,,,,,,,,,,,
,Categoría:,,MALLAS CALCETAS Y CALCETINES,,,,,,,,,,,
,,,,,,,,,,,,,,
,,,,,,,,,,,,,,
,,,,,,,,,,,,,,
,CALCETIN ALTAN 00/02,,,,,,,,,,,,,
,,,,,,,,,,,,,,
,Clave:,,IT2002,,,,Existencia:,,0,,,,,
,,,,,,,,,,,,,,
,Departamento:,,BONETERIA,,,,Precio:,,$ 25.00,,,,,
,,,,,,,,,,,,,,
,Categoría:,,MALLAS CALCETAS Y CALCETINES,,,,,,,,,,,
,,,,,,,,,,,,,,
,,,,,,,,,,,,,,
,,,,,,,,,,,,,,
,CALCETIN ALTAN 03/05,,,,,,,,,,,,,
,,,,,,,,,,,,,,
,Clave:,,IT2004,,,,Existencia:,,0,,,,,
,,,,,,,,,,,,,,
,Departamento:,,BONETERIA,,,,Precio:,,$ 25.00,,,,,
,,,,,,,,,,,,,,
,Categoría:,,MALLAS CALCETAS Y CALCETINES,,,,,,,,,,,
,,,,,,,,,,,,,,
,,,,,,,,,,,,,,
,,,,,,,,,,,,,,
,CALCETIN ALTAN 06/08,,,,,,,,,,,,,
,,,,,,,,,,,,,,
,Clave:,,IT2006,,,,Existencia:,,0,,,,,
,,,,,,,,,,,,,,
,Departamento:,,BONETERIA,,,,Precio:,,$ 25.00,,,,,
,,,,,,,,,,,,,,
,Categoría:,,MALLAS CALCETAS Y CALCETINES,,,,,,,,,,,
,,,,,,,,,,,,,,
,,,,,,,,,,,,,,
,,,,,,,,,,,,,,
,CALCETIN ALTAN 09/12,,,,,,,,,,,,,
,,,,,,,,,,,,,,
,Clave:,,IT2008,,,,Existencia:,,0,,,,,
,,,,,,,,,,,,,,
,Departamento:,,BONETERIA,,,,Precio:,,$ 25.00,,,,,
,,,,,,,,,,,,,,
,Categoría:,,MALLAS CALCETAS Y CALCETINES,,,,,,,,,,,
,,,,,,,,,,,,,,
,,,,,,,,,,,,,,
,,,,,,,,,,,,,,
,CALCETA SHARON OLAN 0/00,,,,,,,,,,,,,
,,,,,,,,,,,,,,
,Clave:,,IT2022,,,,Existencia:,,0,,,,,
,,,,,,,,,,,,,,
,Departamento:,,BONETERIA,,,,Precio:,,$ 25.00,,,,,
,,,,,,,,,,,,,,
,Categoría:,,MALLAS CALCETAS Y CALCETINES,,,,,,,,,,,
,,,,,,,,,,,,,,
,,,,,,,,,,,,,,
,,,,,,,,,,,,,,
,CALCETA SHARON OLAN 0/2,,,,,,,,,,,,,
,,,,,,,,,,,,,,
,Clave:,,IT2023,,,,Existencia:,,0,,,,,
,,,,,,,,,,,,,,
,Departamento:,,BONETERIA,,,,Precio:,,$ 25.00,,,,,
,,,,,,,,,,,,,,
,Categoría:,,MALLAS CALCETAS Y CALCETINES,,,,,,,,,,,
,,,,,,,,,,,,,,
,,,,,,,,,,,,,,
,,,,,,,,,,,,,,
,CALCETA SHARON OLAN 1/3,,,,,,,,,,,,,
,,,,,,,,,,,,,,
,Clave:,,IT2024,,,,Existencia:,,0,,,,,
,,,,,,,,,,,,,,
,Departamento:,,BONETERIA,,,,Precio:,,$ 25.00,,,,,
,,,,,,,,,,,,,,
,Categoría:,,MALLAS CALCETAS Y CALCETINES,,,,,,,,,,,
,,,,,,,,,,,,,,
,,,,,,,,,,,,,,
,,,,,,,,,,,,,,
,CALCETA SHARON OLAN 3/5,,,,,,,,,,,,,
,,,,,,,,,,,,,,
,Clave:,,IT2025,,,,Existencia:,,0,,,,,
,,,,,,,,,,,,,,
,Departamento:,,BONETERIA,,,,Precio:,,$ 25.00,,,,,
,,,,,,,,,,,,,,
,Categoría:,,MALLAS CALCETAS Y CALCETINES,,,,,,,,,,,
,,,,,,,,,,,,,,
,,,,,,,,,,,,,,
,,,,,,,,,,,,,,
,CALCETA SHARON OLAN 6/8,,,,,,,,,,,,,
,,,,,,,,,,,,,,
,Clave:,,IT2026,,,,Existencia:,,0,,,,,
,,,,,,,,,,,,,,
,Departamento:,,BONETERIA,,,,Precio:,,$ 25.00,,,,,
,,,,,,,,,,,,,,
,Categoría:,,MALLAS CALCETAS Y CALCETINES,,,,,,,,,,,
,,,,,,,,,,,,,,
,,,,,,,,,,,,,,
,,,,,,,,,,,,,,
,CALCETA OLAN CRUZ GLEYTOR 00/02 MOD. 124,,,,,,,,,,,,,
,,,,,,,,,,,,,,
,Clave:,,IT2092,,,,Existencia:,,0,,,,,
,,,,,,,,,,,,,,
,Departamento:,,BONETERIA,,,,Precio:,,$ 35.90,,,,,
,,,,,,,,,,,,,,
,Categoría:,,MALLAS CALCETAS Y CALCETINES,,,,,,,,,,,
,,,,,,,,,,,,,,
,,,,,,,,,,,,,,
,,,,,,,,,,,,,,
,CALCETIN JORDY 00/02,,,,,,,,,,,,,
,,,,,,,,,,,,,,
,Clave:,,IT3111,,,,Existencia:,,0,,,,,
,,,,,,,,,,,,,,
,Departamento:,,BONETERIA,,,,Precio:,,$ 26.00,,,,,
,,,,,,,,,,,,,,
,Categoría:,,MALLAS CALCETAS Y CALCETINES,,,,,,,,,,,
,,,,,,,,,,,,,,
,,,,,,,,,,,,,,
,,,,,,,,,,,,,,
,CALCETIN JORDY 03/05,,,,,,,,,,,,,
,,,,,,,,,,,,,,
,Clave:,,IT3113,,,,Existencia:,,0,,,,,
,,,,,,,,,,,,,,
,Departamento:,,BONETERIA,,,,Precio:,,$ 26.00,,,,,
,,,,,,,,,,,,,,
,Categoría:,,MALLAS CALCETAS Y CALCETINES,,,,,,,,,,,
,,,,,,,,,,,,,,
,,,,,,,,,,,,,,
,,,,,,,,,,,,,,
,CALCETIN JORDY 06/09,,,,,,,,,,,,,
,,,,,,,,,,,,,,
,Clave:,,IT3115,,,,Existencia:,,0,,,,,
,,,,,,,,,,,,,,
,Departamento:,,BONETERIA,,,,Precio:,,$ 26.00,,,,,
,,,,,,,,,,,,,,
,Categoría:,,MALLAS CALCETAS Y CALCETINES,,,,,,,,,,,
,,,,,,,,,,,,,,
,,,,,,,,,,,,,,
,,,,,,,,,,,,,,
,CALCETIN JORDY 10/13,,,,,,,,,,,,,
,,,,,,,,,,,,,,
,Clave:,,IT3117,,,,Existencia:,,0,,,,,
,,,,,,,,,,,,,,
,Departamento:,,BONETERIA,,,,Precio:,,$ 26.00,,,,,
,,,,,,,,,,,,,,
,Categoría:,,MALLAS CALCETAS Y CALCETINES,,,,,,,,,,,
,,,,,,,,,,,,,,
,,,,,,,,,,,,,,
,,,,,,,,,,,,,,
,CALCETA JORDY 00/00 APLICACION C/OLAN ORGANZA,,,,,,,,,,,,,
,,,,,,,,,,,,,,
,Clave:,,IT3121,,,,Existencia:,,0,,,,,
,,,,,,,,,,,,,,
,Departamento:,,BONETERIA,,,,Precio:,,$ 32.00,,,,,
,,,,,,,,,,,,,,
,Categoría:,,MALLAS CALCETAS Y CALCETINES,,,,,,,,,,,
,,,,,,,,,,,,,,
,,,,,,,,,,,,,,
,,,,,,,,,,,,,,
,CALCETA JORDY 00/02 APLICACION C/OLAN ORGANZA,,,,,,,,,,,,,
,,,,,,,,,,,,,,
,Clave:,,IT3123,,,,Existencia:,,0,,,,,
,,,,,,,,,,,,,,
,Departamento:,,BONETERIA,,,,Precio:,,$ 32.00,,,,,
,,,,,,,,,,,,,,
,Categoría:,,MALLAS CALCETAS Y CALCETINES,,,,,,,,,,,
,,,,,,,,,,,,,,
,,,,,,,,,,,,,,
,,,,,,,,,,,,,,
,CALCETA JORDY 03/05 APLICACION C/OLAN ORGANZA,,,,,,,,,,,,,
,,,,,,,,,,,,,,
,Clave:,,IT3125,,,,Existencia:,,0,,,,,
,,,,,,,,,,,,,,
,Departamento:,,BONETERIA,,,,Precio:,,$ 32.00,,,,,
,,,,,,,,,,,,,,
,Categoría:,,MALLAS CALCETAS Y CALCETINES,,,,,,,,,,,
,,,,,,,,,,,,,,
,,,,,,,,,,,,,,
,,,,,,,,,,,,,,
,CALCETA BECCY ECO. 00/00,,,,,,,,,,,,,
,,,,,,,,,,,,,,
,Clave:,,IT9000,,,,Existencia:,,0,,,,,
,,,,,,,,,,,,,,
,Departamento:,,BONETERIA,,,,Precio:,,$ 25.00,,,,,
,,,,,,,,,,,,,,
,Categoría:,,MALLAS CALCETAS Y CALCETINES,,,,,,,,,,,
,,,,,,,,,,,,,,
,,,,,,,,,,,,,,
,,,,,,,,,,,,,,
,CALCETA BECCY ECO. 00/02,,,,,,,,,,,,,
,,,,,,,,,,,,,,
,Clave:,,IT9002,,,,Existencia:,,4800,,,,,
,,,,,,,,,,,,,,
,Departamento:,,BONETERIA,,,,Precio:,,$ 25.00,,,,,
,,,,,,,,,,,,,,
,Categoría:,,MALLAS CALCETAS Y CALCETINES,,,,,,,,,,,
,,,,,,,,,,,,,,
,,,,,,,,,,,,,,
,,,,,,,,,,,,,,
,CALCETA BECCY ECO. 01/03,,,,,,,,,,,,,
,,,,,,,,,,,,,,
,Clave:,,IT9004,,,,Existencia:,,5208,,,,,
,,,,,,,,,,,,,,
,Departamento:,,BONETERIA,,,,Precio:,,$ 25.00,,,,,
,,,,,,,,,,,,,,
,Categoría:,,MALLAS CALCETAS Y CALCETINES,,,,,,,,,,,
,,,,,,,,,,,,,,
,,,,,,,,,,,,,,
,,,,,,,,,,,,,,
,CALCETA BECCY ECO. 03/05,,,,,,,,,,,,,
,,,,,,,,,,,,,,
,Clave:,,IT9006,,,,Existencia:,,0,,,,,
,,,,,,,,,,,,,,
,Departamento:,,BONETERIA,,,,Precio:,,$ 25.00,,,,,
,,,,,,,,,,,,,,
,Categoría:,,MALLAS CALCETAS Y CALCETINES,,,,,,,,,,,
,,,,,,,,,,,,,,
,,,,,,,,,,,,,,
,,,,,,,,,,,,,,
,CALCETA BECCY ECO. 06/08,,,,,,,,,,,,,
,,,,,,,,,,,,,,
,Clave:,,IT9008,,,,Existencia:,,0,,,,,
,,,,,,,,,,,,,,
,Departamento:,,BONETERIA,,,,Precio:,,$ 25.00,,,,,
,,,,,,,,,,,,,,
,Categoría:,,MALLAS CALCETAS Y CALCETINES,,,,,,,,,,,
,,,,,,,,,,,,,,
,,,,,,,,,,,,,,
,,,,,,,,,,,,,,
,CALCETA TERE 00 AL 13,,,,,,,,,,,,,
,,,,,,,,,,,,,,
,Clave:,,IT9052,,,,Existencia:,,0,,,,,
,,,,,,,,,,,,,,
,Departamento:,,BONETERIA,,,,Precio:,,$ 12.90,,,,,
,,,,,,,,,,,,,,
,Categoría:,,MALLAS CALCETAS Y CALCETINES,,,,,,,,,,,
,,,,,,,,,,,,,,
,,,,,,,,,,,,,,
,,,,,,,,,,,,,,
,CALCETA ECONOMICA 00/02,,,,,,,,,,,,,
,,,,,,,,,,,,,,
,Clave:,,IT9999,,,,Existencia:,,0,,,,,
,,,,,,,,,,,,,,
,Departamento:,,BONETERIA,,,,Precio:,,$ 15.00,,,,,
,,,,,,,,,,,,,,
,Categoría:,,MALLAS CALCETAS Y CALCETINES,,,,,,,,,,,
,,,,,,,,,,,,,,
,,,,,,,,,,,,,,
,,,,,,,,,,,,,,
,CORONA MEDALLA FLOR,,,,,,,,,,,,,
,,,,,,,,,,,,,,
,Clave:,,KC1002,,,,Existencia:,,0,,,,,
,,,,,,,,,,,,,,
,Departamento:,,CORONAS,,,,Precio:,,$ 99.90,,,,,
,,,,,,,,,,,,,,
,Categoría:,,CORONA COMUNION,,,,,,,,,,,
,,,,,,,,,,,,,,
,,,,,,,,,,,,,,
,,,,,,,,,,,,,,
,CORONA ECONOMICA,,,,,,,,,,,,,
,,,,,,,,,,,,,,
,Clave:,,KC1004,,,,Existencia:,,797,,,,,
,,,,,,,,,,,,,,
,Departamento:,,CORONAS,,,,Precio:,,$ 60.00,,,,,
,,,,,,,,,,,,,,
,Categoría:,,CORONA COMUNION,,,,,,,,,,,
,,,,,,,,,,,,,,
,,,,,,,,,,,,,,
,,,,,,,,,,,,,,
,CORONA TUL,,,,,,,,,,,,,
,,,,,,,,,,,,,,
,Clave:,,KC1006,,,,Existencia:,,762,,,,,
,,,,,,,,,,,,,,
,Departamento:,,CORONAS,,,,Precio:,,$ 29.90,,,,,
,,,,,,,,,,,,,,
,Categoría:,,CORONA COMUNION,,,,,,,,,,,
,,,,,,,,,,,,,,
,,,,,,,,,,,,,,
,,,,,,,,,,,,,,
,CORONA TEJIDA Ó PEDRERIA,,,,,,,,,,,,,
,,,,,,,,,,,,,,
,Clave:,,KC1008,,,,Existencia:,,74,,,,,
,,,,,,,,,,,,,,
,Departamento:,,CORONAS,,,,Precio:,,$ 189.90,,,,,
,,,,,,,,,,,,,,
,Categoría:,,CORONA COMUNION,,,,,,,,,,,
,,,,,,,,,,,,,,
,,,,,,,,,,,,,,
,,,,,,,,,,,,,,
,CORONA EVA,,,,,,,,,,,,,
,,,,,,,,,,,,,,
,Clave:,,KC1009,,,,Existencia:,,0,,,,,
,,,,,,,,,,,,,,
,Departamento:,,CORONAS,,,,Precio:,,$ 69.90,,,,,
,,,,,,,,,,,,,,
,Categoría:,,CORONA COMUNION,,,,,,,,,,,
,,,,,,,,,,,,,,
,,,,,,,,,,,,,,
,,,,,,,,,,,,,,
,CORONA DUQUESA,,,,,,,,,,,,,
,,,,,,,,,,,,,,
,Clave:,,KC1011,,,,Existencia:,,0,,,,,
,,,,,,,,,,,,,,
,Departamento:,,CORONAS,,,,Precio:,,$ 99.90,,,,,
,,,,,,,,,,,,,,
,Categoría:,,CORONA COMUNION,,,,,,,,,,,
,,,,,,,,,,,,,,
,,,,,,,,,,,,,,
,,,,,,,,,,,,,,
,CORONA YUTE,,,,,,,,,,,,,
,,,,,,,,,,,,,,
,Clave:,,KC1012,,,,Existencia:,,0,,,,,
,,,,,,,,,,,,,,
,Departamento:,,CORONAS,,,,Precio:,,$ 99.90,,,,,
,,,,,,,,,,,,,,
,Categoría:,,CORONA COMUNION,,,,,,,,,,,
,,,,,,,,,,,,,,
,,,,,,,,,,,,,,
,,,,,,,,,,,,,,
,CORONA BOTON,,,,,,,,,,,,,
,,,,,,,,,,,,,,
,Clave:,,KC1013,,,,Existencia:,,95,,,,,
,,,,,,,,,,,,,,
,Departamento:,,CORONAS,,,,Precio:,,$ 129.90,,,,,
,,,,,,,,,,,,,,
,Categoría:,,CORONA COMUNION,,,,,,,,,,,
,,,,,,,,,,,,,,
,,,,,,,,,,,,,,
,,,,,,,,,,,,,,
,CORONA CARACAS,,,,,,,,,,,,,
,,,,,,,,,,,,,,
,Clave:,,KC1014,,,,Existencia:,,0,,,,,
,,,,,,,,,,,,,,
,Departamento:,,CORONAS,,,,Precio:,,$ 59.90,,,,,
,,,,,,,,,,,,,,
,Categoría:,,CORONA COMUNION,,,,,,,,,,,
,,,,,,,,,,,,,,
,,,,,,,,,,,,,,
,,,,,,,,,,,,,,
,CORONA VICKY,,,,,,,,,,,,,
,,,,,,,,,,,,,,
,Clave:,,KC1015,,,,Existencia:,,0,,,,,
,,,,,,,,,,,,,,
,Departamento:,,CORONAS,,,,Precio:,,$ 99.90,,,,,
,,,,,,,,,,,,,,
,Categoría:,,CORONA COMUNION,,,,,,,,,,,
,,,,,,,,,,,,,,
,,,,,,,,,,,,,,
,,,,,,,,,,,,,,
,CORONA RUT,,,,,,,,,,,,,
,,,,,,,,,,,,,,
,Clave:,,KC1017,,,,Existencia:,,0,,,,,
,,,,,,,,,,,,,,
,Departamento:,,CORONAS,,,,Precio:,,$ 180.00,,,,,
,,,,,,,,,,,,,,
,Categoría:,,CORONA COMUNION,,,,,,,,,,,
,,,,,,,,,,,,,,
,,,,,,,,,,,,,,
,,,,,,,,,,,,,,
,CORONA PRINCES,,,,,,,,,,,,,
,,,,,,,,,,,,,,
,Clave:,,KC1019,,,,Existencia:,,0,,,,,
,,,,,,,,,,,,,,
,Departamento:,,CORONAS,,,,Precio:,,$ 50.00,,,,,
,,,,,,,,,,,,,,
,Categoría:,,CORONA COMUNION,,,,,,,,,,,
,,,,,,,,,,,,,,
,,,,,,,,,,,,,,
,,,,,,,,,,,,,,
,CORONA REGINA MEDIA PERLA FLORES,,,,,,,,,,,,,
,,,,,,,,,,,,,,
,Clave:,,KC1021,,,,Existencia:,,0,,,,,
,,,,,,,,,,,,,,
,Departamento:,,CORONAS,,,,Precio:,,$ 160.00,,,,,
,,,,,,,,,,,,,,
,Categoría:,,CORONA COMUNION,,,,,,,,,,,
,,,,,,,,,,,,,,
,,,,,,,,,,,,,,
,,,,,,,,,,,,,,
,CORONA DE PERLAS,,,,,,,,,,,,,
,,,,,,,,,,,,,,
,Clave:,,KC1022,,,,Existencia:,,0,,,,,
,,,,,,,,,,,,,,
,Departamento:,,CORONAS,,,,Precio:,,$ 79.90,,,,,
,,,,,,,,,,,,,,
,Categoría:,,CORONA COMUNION,,,,,,,,,,,
,,,,,,,,,,,,,,
,,,,,,,,,,,,,,
,,,,,,,,,,,,,,
,CORONA NIKITA 10 FLORES,,,,,,,,,,,,,
,,,,,,,,,,,,,,
,Clave:,,KC1023,,,,Existencia:,,0,,,,,
,,,,,,,,,,,,,,
,Departamento:,,CORONAS,,,,Precio:,,$ 169.90,,,,,
,,,,,,,,,,,,,,
,Categoría:,,CORONA COMUNION,,,,,,,,,,,
,,,,,,,,,,,,,,
,,,,,,,,,,,,,,
,,,,,,,,,,,,,,
,CORONA MILICA 10 FLORES CON DIAMANTES,,,,,,,,,,,,,
,,,,,,,,,,,,,,
,Clave:,,KC1025,,,,Existencia:,,0,,,,,
,,,,,,,,,,,,,,
,Departamento:,,CORONAS,,,,Precio:,,$ 180.00,,,,,
,,,,,,,,,,,,,,
,Categoría:,,CORONA COMUNION,,,,,,,,,,,
,,,,,,,,,,,,,,
,,,,,,,,,,,,,,
,,,,,,,,,,,,,,
,CORONA MARCELLA,,,,,,,,,,,,,
,,,,,,,,,,,,,,
,Clave:,,KC1026,,,,Existencia:,,0,,,,,
,,,,,,,,,,,,,,
,Departamento:,,CORONAS,,,,Precio:,,$ 130.00,,,,,
,,,,,,,,,,,,,,
,Categoría:,,CORONA COMUNION,,,,,,,,,,,
,,,,,,,,,,,,,,
,,,,,,,,,,,,,,
,,,,,,,,,,,,,,
,CORONA BONETE,,,,,,,,,,,,,
,,,,,,,,,,,,,,
,Clave:,,KC1029,,,,Existencia:,,0,,,,,
,,,,,,,,,,,,,,
,Departamento:,,CORONAS,,,,Precio:,,$ 69.90,,,,,
,,,,,,,,,,,,,,
,Categoría:,,CORONA COMUNION,,,,,,,,,,,
,,,,,,,,,,,,,,
,,,,,,,,,,,,,,
,,,,,,,,,,,,,,
,CORONA GIRASOL PERLAS,,,,,,,,,,,,,
,,,,,,,,,,,,,,
,Clave:,,KC1043,,,,Existencia:,,0,,,,,
,,,,,,,,,,,,,,
,Departamento:,,CORONAS,,,,Precio:,,$ 39.90,,,,,
,,,,,,,,,,,,,,
,Categoría:,,CORONA COMUNION,,,,,,,,,,,
,,,,,,,,,,,,,,
,,,,,,,,,,,,,,
,,,,,,,,,,,,,,
,CORONA DALIA,,,,,,,,,,,,,
,,,,,,,,,,,,,,
,Clave:,,KC1044,,,,Existencia:,,0,,,,,
,,,,,,,,,,,,,,
,Departamento:,,CORONAS,,,,Precio:,,$ 60.00,,,,,
,,,,,,,,,,,,,,
,Categoría:,,CORONA COMUNION,,,,,,,,,,,
,,,,,,,,,,,,,,
,,,,,,,,,,,,,,
,,,,,,,,,,,,,,
,CORONA GABY,,,,,,,,,,,,,
,,,,,,,,,,,,,,
,Clave:,,KC1047,,,,Existencia:,,0,,,,,
,,,,,,,,,,,,,,
,Departamento:,,CORONAS,,,,Precio:,,$ 99.90,,,,,
,,,,,,,,,,,,,,
,Categoría:,,CORONA COMUNION,,,,,,,,,,,
,,,,,,,,,,,,,,
,,,,,,,,,,,,,,
,,,,,,,,,,,,,,
,CORONA GRISI,,,,,,,,,,,,,
,,,,,,,,,,,,,,
,Clave:,,KC1049,,,,Existencia:,,0,,,,,
,,,,,,,,,,,,,,
,Departamento:,,CORONAS,,,,Precio:,,$ 99.90,,,,,
,,,,,,,,,,,,,,
,Categoría:,,CORONA COMUNION,,,,,,,,,,,
,,,,,,,,,,,,,,
,,,,,,,,,,,,,,
,,,,,,,,,,,,,,
,PEINETA PLUMA,,,,,,,,,,,,,
,,,,,,,,,,,,,,
,Clave:,,KC2002,,,,Existencia:,,0,,,,,
,,,,,,,,,,,,,,
,Departamento:,,TOCADO,,,,Precio:,,$ 39.90,,,,,
,,,,,,,,,,,,,,
,Categoría:,,"MOÑO, PEINETA, DIADEMA, LIGAS",,,,,,,,,,,
,,,,,,,,,,,,,,
,,,,,,,,,,,,,,
,,,,,,,,,,,,,,
,PEINETA ESTRELLA,,,,,,,,,,,,,
,,,,,,,,,,,,,,
,Clave:,,KC2004,,,,Existencia:,,50,,,,,
,,,,,,,,,,,,,,
,Departamento:,,TOCADO,,,,Precio:,,$ 39.90,,,,,
,,,,,,,,,,,,,,
,Categoría:,,"MOÑO, PEINETA, DIADEMA, LIGAS",,,,,,,,,,,
,,,,,,,,,,,,,,
,,,,,,,,,,,,,,
,,,,,,,,,,,,,,
,PEINETA ORGANZA ECO.,,,,,,,,,,,,,
,,,,,,,,,,,,,,
,Clave:,,KC3002,,,,Existencia:,,0,,,,,
,,,,,,,,,,,,,,
,Departamento:,,TOCADO,,,,Precio:,,$ 39.90,,,,,
,,,,,,,,,,,,,,
,Categoría:,,"MOÑO, PEINETA, DIADEMA, LIGAS",,,,,,,,,,,
,,,,,,,,,,,,,,
,,,,,,,,,,,,,,
,,,,,,,,,,,,,,
,PEINETA GIRASOL TUL,,,,,,,,,,,,,
,,,,,,,,,,,,,,
,Clave:,,KC3003,,,,Existencia:,,0,,,,,
,,,,,,,,,,,,,,
,Departamento:,,TOCADO,,,,Precio:,,$ 49.90,,,,,
,,,,,,,,,,,,,,
,Categoría:,,"MOÑO, PEINETA, DIADEMA, LIGAS",,,,,,,,,,,
,,,,,,,,,,,,,,
,,,,,,,,,,,,,,
,,,,,,,,,,,,,,
,PEINETA ZAZ,,,,,,,,,,,,,
,,,,,,,,,,,,,,
,Clave:,,KC3006,,,,Existencia:,,0,,,,,
,,,,,,,,,,,,,,
,Departamento:,,TOCADO,,,,Precio:,,$ 39.90,,,,,
,,,,,,,,,,,,,,
,Categoría:,,"MOÑO, PEINETA, DIADEMA, LIGAS",,,,,,,,,,,
,,,,,,,,,,,,,,
,,,,,,,,,,,,,,
,,,,,,,,,,,,,,
,PEINETA FUGAZ,,,,,,,,,,,,,
,,,,,,,,,,,,,,
,Clave:,,KC3011,,,,Existencia:,,0,,,,,
,,,,,,,,,,,,,,
,Departamento:,,TIARAS,,,,Precio:,,$ 45.00,,,,,
,,,,,,,,,,,,,,
,Categoría:,,"TIARAS, GUIAS, DIADEMA, PEINETAS METALICAS",,,,,,,,,,,
,,,,,,,,,,,,,,
,,,,,,,,,,,,,,
,,,,,,,,,,,,,,
,PEINETA CASANDRA,,,,,,,,,,,,,
,,,,,,,,,,,,,,
,Clave:,,KC3013,,,,Existencia:,,0,,,,,
,,,,,,,,,,,,,,
,Departamento:,,TIARAS,,,,Precio:,,$ 45.00,,,,,
,,,,,,,,,,,,,,
,Categoría:,,"TIARAS, GUIAS, DIADEMA, PEINETAS METALICAS",,,,,,,,,,,
,,,,,,,,,,,,,,
,,,,,,,,,,,,,,
,,,,,,,,,,,,,,
,PEINETA ABRIL  3 FLORES DIAMANTES,,,,,,,,,,,,,
,,,,,,,,,,,,,,
,Clave:,,KC3017,,,,Existencia:,,0,,,,,
,,,,,,,,,,,,,,
,Departamento:,,TIARAS,,,,Precio:,,$ 40.00,,,,,
,,,,,,,,,,,,,,
,Categoría:,,"TIARAS, GUIAS, DIADEMA, PEINETAS METALICAS",,,,,,,,,,,
,,,,,,,,,,,,,,
,,,,,,,,,,,,,,
,,,,,,,,,,,,,,
,PEINETA 3 FLORES PLIZADA,,,,,,,,,,,,,
,,,,,,,,,,,,,,
,Clave:,,KC3019,,,,Existencia:,,0,,,,,
,,,,,,,,,,,,,,
,Departamento:,,TIARAS,,,,Precio:,,$ 29.90,,,,,
,,,,,,,,,,,,,,
,Categoría:,,"TIARAS, GUIAS, DIADEMA, PEINETAS METALICAS",,,,,,,,,,,
,,,,,,,,,,,,,,
,,,,,,,,,,,,,,
,,,,,,,,,,,,,,
,PEINETA LULU,,,,,,,,,,,,,
,,,,,,,,,,,,,,
,Clave:,,KC3022,,,,Existencia:,,50,,,,,
,,,,,,,,,,,,,,
,Departamento:,,TIARAS,,,,Precio:,,$ 89.90,,,,,
,,,,,,,,,,,,,,
,Categoría:,,"TIARAS, GUIAS, DIADEMA, PEINETAS METALICAS",,,,,,,,,,,
,,,,,,,,,,,,,,
,,,,,,,,,,,,,,
,,,,,,,,,,,,,,
,PEINETA METALICA CRISTAL ECO.,,,,,,,,,,,,,
,,,,,,,,,,,,,,
,Clave:,,KC9002,,,,Existencia:,,7,,,,,
,,,,,,,,,,,,,,
,Departamento:,,TIARAS,,,,Precio:,,$ 130.00,,,,,
,,,,,,,,,,,,,,
,Categoría:,,"TIARAS, GUIAS, DIADEMA, PEINETAS METALICAS",,,,,,,,,,,
,,,,,,,,,,,,,,
,,,,,,,,,,,,,,
,,,,,,,,,,,,,,
,PEINETA XV LIZ,,,,,,,,,,,,,
,,,,,,,,,,,,,,
,Clave:,,KC9011,,,,Existencia:,,0,,,,,
,,,,,,,,,,,,,,
,Departamento:,,TIARAS,,,,Precio:,,$ 319.90,,,,,
,,,,,,,,,,,,,,
,Categoría:,,"TIARAS, GUIAS, DIADEMA, PEINETAS METALICAS",,,,,,,,,,,
,,,,,,,,,,,,,,
,,,,,,,,,,,,,,
,,,,,,,,,,,,,,
,PEINETA XV ECO,,,,,,,,,,,,,
,,,,,,,,,,,,,,
,Clave:,,KC9013,,,,Existencia:,,0,,,,,
,,,,,,,,,,,,,,
,Departamento:,,TIARAS,,,,Precio:,,$ 269.90,,,,,
,,,,,,,,,,,,,,
,Categoría:,,"TIARAS, GUIAS, DIADEMA, PEINETAS METALICAS",,,,,,,,,,,
,,,,,,,,,,,,,,
,,,,,,,,,,,,,,
,,,,,,,,,,,,,,
,PEINETA BONNET,,,,,,,,,,,,,
,,,,,,,,,,,,,,
,Clave:,,KC9015,,,,Existencia:,,0,,,,,
,,,,,,,,,,,,,,
,Departamento:,,TIARAS,,,,Precio:,,$ 89.90,,,,,
,,,,,,,,,,,,,,
,Categoría:,,"TIARAS, GUIAS, DIADEMA, PEINETAS METALICAS",,,,,,,,,,,
,,,,,,,,,,,,,,
,,,,,,,,,,,,,,
,,,,,,,,,,,,,,
,PEINETA GARDENIA METALICA CRISTAL,,,,,,,,,,,,,
,,,,,,,,,,,,,,
,Clave:,,KC9048,,,,Existencia:,,0,,,,,
,,,,,,,,,,,,,,
,Departamento:,,TIARAS,,,,Precio:,,$ 139.90,,,,,
,,,,,,,,,,,,,,
,Categoría:,,"TIARAS, GUIAS, DIADEMA, PEINETAS METALICAS",,,,,,,,,,,
,,,,,,,,,,,,,,
,,,,,,,,,,,,,,
,,,,,,,,,,,,,,
,TIARA ERIKA ENCAJE BEBE,,,,,,,,,,,,,
,,,,,,,,,,,,,,
,Clave:,,KD1000,,,,Existencia:,,0,,,,,
,,,,,,,,,,,,,,
,Departamento:,,TOCADO,,,,Precio:,,$ 100.00,,,,,
,,,,,,,,,,,,,,
,Categoría:,,"MOÑO, PEINETA, DIADEMA, LIGAS",,,,,,,,,,,
,,,,,,,,,,,,,,
,,,,,,,,,,,,,,
,,,,,,,,,,,,,,
,TIARA LISTON PEDRERIA FINA BEBE,,,,,,,,,,,,,
,,,,,,,,,,,,,,
,Clave:,,KD1002,,,,Existencia:,,0,,,,,
,,,,,,,,,,,,,,
,Departamento:,,TOCADO,,,,Precio:,,$ 99.90,,,,,
,,,,,,,,,,,,,,
,Categoría:,,"MOÑO, PEINETA, DIADEMA, LIGAS",,,,,,,,,,,
,,,,,,,,,,,,,,
,,,,,,,,,,,,,,
,,,,,,,,,,,,,,
,TIARA BEBE IXORA,,,,,,,,,,,,,
,,,,,,,,,,,,,,
,Clave:,,KD1004,,,,Existencia:,,0,,,,,
,,,,,,,,,,,,,,
,Departamento:,,TOCADO,,,,Precio:,,$ 69.90,,,,,
,,,,,,,,,,,,,,
,Categoría:,,"MOÑO, PEINETA, DIADEMA, LIGAS",,,,,,,,,,,
,,,,,,,,,,,,,,
,,,,,,,,,,,,,,
,,,,,,,,,,,,,,
,TIARA ENCAJE BEBE ALEJANDRIA,,,,,,,,,,,,,
,,,,,,,,,,,,,,
,Clave:,,KD1005,,,,Existencia:,,0,,,,,
,,,,,,,,,,,,,,
,Departamento:,,TOCADO,,,,Precio:,,$ 55.90,,,,,
,,,,,,,,,,,,,,
,Categoría:,,"MOÑO, PEINETA, DIADEMA, LIGAS",,,,,,,,,,,
,,,,,,,,,,,,,,
,,,,,,,,,,,,,,
,,,,,,,,,,,,,,
,TIARA LISTON BEBE ECO.,,,,,,,,,,,,,
,,,,,,,,,,,,,,
,Clave:,,KD1006,,,,Existencia:,,0,,,,,
,,,,,,,,,,,,,,
,Departamento:,,TOCADO,,,,Precio:,,$ 20.00,,,,,
,,,,,,,,,,,,,,
,Categoría:,,"MOÑO, PEINETA, DIADEMA, LIGAS",,,,,,,,,,,
,,,,,,,,,,,,,,
,,,,,,,,,,,,,,
,,,,,,,,,,,,,,
,TIARA MALLA ELASTICA C/MOÑO BEBE,,,,,,,,,,,,,
,,,,,,,,,,,,,,
,Clave:,,KD1008,,,,Existencia:,,0,,,,,
,,,,,,,,,,,,,,
,Departamento:,,TOCADO,,,,Precio:,,$ 30.00,,,,,
,,,,,,,,,,,,,,
,Categoría:,,"MOÑO, PEINETA, DIADEMA, LIGAS",,,,,,,,,,,
,,,,,,,,,,,,,,
,,,,,,,,,,,,,,
,,,,,,,,,,,,,,
,TIARA ENCAJE BEBE ARGELIA,,,,,,,,,,,,,
,,,,,,,,,,,,,,
,Clave:,,KD1009,,,,Existencia:,,0,,,,,
,,,,,,,,,,,,,,
,Departamento:,,TOCADO,,,,Precio:,,$ 65.90,,,,,
,,,,,,,,,,,,,,
,Categoría:,,"MOÑO, PEINETA, DIADEMA, LIGAS",,,,,,,,,,,
,,,,,,,,,,,,,,
,,,,,,,,,,,,,,
,,,,,,,,,,,,,,
,LIGA BEBE ECO.,,,,,,,,,,,,,
,,,,,,,,,,,,,,
,Clave:,,KD1011,,,,Existencia:,,140,,,,,
,,,,,,,,,,,,,,
,Departamento:,,TOCADO,,,,Precio:,,$ 25.00,,,,,
,,,,,,,,,,,,,,
,Categoría:,,"MOÑO, PEINETA, DIADEMA, LIGAS",,,,,,,,,,,
,,,,,,,,,,,,,,
,,,,,,,,,,,,,,
,,,,,,,,,,,,,,
,LIGA DIAMANTE COMUNION,,,,,,,,,,,,,
,,,,,,,,,,,,,,
,Clave:,,KD1013,,,,Existencia:,,454,,,,,
,,,,,,,,,,,,,,
,Departamento:,,TOCADO,,,,Precio:,,$ 149.90,,,,,
,,,,,,,,,,,,,,
,Categoría:,,"MOÑO, PEINETA, DIADEMA, LIGAS",,,,,,,,,,,
,,,,,,,,,,,,,,
,,,,,,,,,,,,,,
,,,,,,,,,,,,,,
,BANDA TEJIDA BEBE,,,,,,,,,,,,,
,,,,,,,,,,,,,,
,Clave:,,KD1015,,,,Existencia:,,0,,,,,
,,,,,,,,,,,,,,
,Departamento:,,TOCADO,,,,Precio:,,$ 40.00,,,,,
,,,,,,,,,,,,,,
,Categoría:,,"MOÑO, PEINETA, DIADEMA, LIGAS",,,,,,,,,,,
,,,,,,,,,,,,,,
,,,,,,,,,,,,,,
,,,,,,,,,,,,,,
,LIGA MALLA FLOR BEBE,,,,,,,,,,,,,
,,,,,,,,,,,,,,
,Clave:,,KD1018,,,,Existencia:,,0,,,,,
,,,,,,,,,,,,,,
,Departamento:,,TOCADO,,,,Precio:,,$ 79.90,,,,,
,,,,,,,,,,,,,,
,Categoría:,,"MOÑO, PEINETA, DIADEMA, LIGAS",,,,,,,,,,,
,,,,,,,,,,,,,,
,,,,,,,,,,,,,,
,,,,,,,,,,,,,,
,LIGA ELASTICA KEKA BEBE,,,,,,,,,,,,,
,,,,,,,,,,,,,,
,Clave:,,KD1020,,,,Existencia:,,0,,,,,
,,,,,,,,,,,,,,
,Departamento:,,TOCADO,,,,Precio:,,$ 45.00,,,,,
,,,,,,,,,,,,,,
,Categoría:,,"MOÑO, PEINETA, DIADEMA, LIGAS",,,,,,,,,,,
,,,,,,,,,,,,,,
,,,,,,,,,,,,,,
,,,,,,,,,,,,,,
,LIGA MALLA PEDRERIA FINA BEBE,,,,,,,,,,,,,
,,,,,,,,,,,,,,
,Clave:,,KD1022,,,,Existencia:,,490,,,,,
,,,,,,,,,,,,,,
,Departamento:,,TOCADO,,,,Precio:,,$ 139.90,,,,,
,,,,,,,,,,,,,,
,Categoría:,,"MOÑO, PEINETA, DIADEMA, LIGAS",,,,,,,,,,,
,,,,,,,,,,,,,,
,,,,,,,,,,,,,,
,,,,,,,,,,,,,,
,LIGA ELASTICA POMPON BEBE,,,,,,,,,,,,,
,,,,,,,,,,,,,,
,Clave:,,KD1024,,,,Existencia:,,30,,,,,
,,,,,,,,,,,,,,
,Departamento:,,TOCADO,,,,Precio:,,$ 35.00,,,,,
,,,,,,,,,,,,,,
,Categoría:,,"MOÑO, PEINETA, DIADEMA, LIGAS",,,,,,,,,,,
,,,,,,,,,,,,,,
,,,,,,,,,,,,,,
,,,,,,,,,,,,,,
,LIGA BEBE MOÑO ROSAS,,,,,,,,,,,,,
,,,,,,,,,,,,,,
,Clave:,,KD1026,,,,Existencia:,,30,,,,,
,,,,,,,,,,,,,,
,Departamento:,,TOCADO,,,,Precio:,,$ 69.90,,,,,
,,,,,,,,,,,,,,
,Categoría:,,"MOÑO, PEINETA, DIADEMA, LIGAS",,,,,,,,,,,
,,,,,,,,,,,,,,
,,,,,,,,,,,,,,
,,,,,,,,,,,,,,
,LIGA PETALOBEBE,,,,,,,,,,,,,
,,,,,,,,,,,,,,
,Clave:,,KD1028,,,,Existencia:,,50,,,,,
,,,,,,,,,,,,,,
,Departamento:,,TOCADO,,,,Precio:,,$ 55.00,,,,,
,,,,,,,,,,,,,,
,Categoría:,,"MOÑO, PEINETA, DIADEMA, LIGAS",,,,,,,,,,,
,,,,,,,,,,,,,,
,,,,,,,,,,,,,,
,,,,,,,,,,,,,,
,LIGA BEBE TERESA MOÑO PERLITAS,,,,,,,,,,,,,
,,,,,,,,,,,,,,
,Clave:,,KD1031,,,,Existencia:,,0,,,,,
,,,,,,,,,,,,,,
,Departamento:,,TOCADO,,,,Precio:,,$ 55.90,,,,,
,,,,,,,,,,,,,,
,Categoría:,,"MOÑO, PEINETA, DIADEMA, LIGAS",,,,,,,,,,,
,,,,,,,,,,,,,,
,,,,,,,,,,,,,,
,,,,,,,,,,,,,,
,LIGA BEBE AMERICA 3 FLORES,,,,,,,,,,,,,
,,,,,,,,,,,,,,
,Clave:,,KD1033,,,,Existencia:,,0,,,,,
,,,,,,,,,,,,,,
,Departamento:,,TOCADO,,,,Precio:,,$ 55.90,,,,,
,,,,,,,,,,,,,,
,Categoría:,,"MOÑO, PEINETA, DIADEMA, LIGAS",,,,,,,,,,,
,,,,,,,,,,,,,,
,,,,,,,,,,,,,,
,,,,,,,,,,,,,,
,TIARA ALEGRIA ENCALE BEBE,,,,,,,,,,,,,
,,,,,,,,,,,,,,
,Clave:,,KD1043,,,,Existencia:,,0,,,,,
,,,,,,,,,,,,,,
,Departamento:,,TOCADO,,,,Precio:,,$ 40.00,,,,,
,,,,,,,,,,,,,,
,Categoría:,,"MOÑO, PEINETA, DIADEMA, LIGAS",,,,,,,,,,,
,,,,,,,,,,,,,,
,,,,,,,,,,,,,,
,,,,,,,,,,,,,,
,LIGA MALLA AYLA,,,,,,,,,,,,,
,,,,,,,,,,,,,,
,Clave:,,KD1044,,,,Existencia:,,0,,,,,
,,,,,,,,,,,,,,
,Departamento:,,TOCADO,,,,Precio:,,$ 40.00,,,,,
,,,,,,,,,,,,,,
,Categoría:,,"MOÑO, PEINETA, DIADEMA, LIGAS",,,,,,,,,,,
,,,,,,,,,,,,,,
,,,,,,,,,,,,,,
,,,,,,,,,,,,,,
,LIGA CONDESA ENCALE BEBE,,,,,,,,,,,,,
,,,,,,,,,,,,,,
,Clave:,,KD1047,,,,Existencia:,,0,,,,,
,,,,,,,,,,,,,,
,Departamento:,,TOCADO,,,,Precio:,,$ 40.00,,,,,
,,,,,,,,,,,,,,
,Categoría:,,"MOÑO, PEINETA, DIADEMA, LIGAS",,,,,,,,,,,
,,,,,,,,,,,,,,
,,,,,,,,,,,,,,
,,,,,,,,,,,,,,
,LIGA MALLA EMMA,,,,,,,,,,,,,
,,,,,,,,,,,,,,
,Clave:,,KD1049,,,,Existencia:,,0,,,,,
,,,,,,,,,,,,,,
,Departamento:,,TOCADO,,,,Precio:,,$ 40.00,,,,,
,,,,,,,,,,,,,,
,Categoría:,,"MOÑO, PEINETA, DIADEMA, LIGAS",,,,,,,,,,,
,,,,,,,,,,,,,,
,,,,,,,,,,,,,,
,,,,,,,,,,,,,,
,DIADEMA DURA ECO.,,,,,,,,,,,,,
,,,,,,,,,,,,,,
,Clave:,,KD2002,,,,Existencia:,,0,,,,,
,,,,,,,,,,,,,,
,Departamento:,,TOCADO,,,,Precio:,,$ 40.00,,,,,
,,,,,,,,,,,,,,
,Categoría:,,"MOÑO, PEINETA, DIADEMA, LIGAS",,,,,,,,,,,
,,,,,,,,,,,,,,
,,,,,,,,,,,,,,
,,,,,,,,,,,,,,
,DIADEMA FLEXIBLE SINTILLA ECO.,,,,,,,,,,,,,
,,,,,,,,,,,,,,
,Clave:,,KD2004,,,,Existencia:,,105,,,,,
,,,,,,,,,,,,,,
,Departamento:,,TOCADO,,,,Precio:,,$ 40.00,,,,,
,,,,,,,,,,,,,,
,Categoría:,,"MOÑO, PEINETA, DIADEMA, LIGAS",,,,,,,,,,,
,,,,,,,,,,,,,,
,,,,,,,,,,,,,,
,,,,,,,,,,,,,,
,DIADEMA RUT,,,,,,,,,,,,,
,,,,,,,,,,,,,,
,Clave:,,KD2006,,,,Existencia:,,0,,,,,
,,,,,,,,,,,,,,
,Departamento:,,TOCADO,,,,Precio:,,$ 45.00,,,,,
,,,,,,,,,,,,,,
,Categoría:,,"MOÑO, PEINETA, DIADEMA, LIGAS",,,,,,,,,,,
,,,,,,,,,,,,,,
,,,,,,,,,,,,,,
,,,,,,,,,,,,,,
,DIADEMA VERO,,,,,,,,,,,,,
,,,,,,,,,,,,,,
,Clave:,,KD2008,,,,Existencia:,,0,,,,,
,,,,,,,,,,,,,,
,Departamento:,,TOCADO,,,,Precio:,,$ 40.00,,,,,
,,,,,,,,,,,,,,
,Categoría:,,"MOÑO, PEINETA, DIADEMA, LIGAS",,,,,,,,,,,
,,,,,,,,,,,,,,
,,,,,,,,,,,,,,
,,,,,,,,,,,,,,
,DIADEMA MEDUSA,,,,,,,,,,,,,
,,,,,,,,,,,,,,
,Clave:,,KD2009,,,,Existencia:,,0,,,,,
,,,,,,,,,,,,,,
,Departamento:,,TOCADO,,,,Precio:,,$ 45.00,,,,,
,,,,,,,,,,,,,,
,Categoría:,,"MOÑO, PEINETA, DIADEMA, LIGAS",,,,,,,,,,,
,,,,,,,,,,,,,,
,,,,,,,,,,,,,,
,,,,,,,,,,,,,,
,DIADEMA GEMA FLEXIBLE,,,,,,,,,,,,,
,,,,,,,,,,,,,,
,Clave:,,KD2010,,,,Existencia:,,0,,,,,
,,,,,,,,,,,,,,
,Departamento:,,TOCADO,,,,Precio:,,$ 45.00,,,,,
,,,,,,,,,,,,,,
,Categoría:,,"MOÑO, PEINETA, DIADEMA, LIGAS",,,,,,,,,,,
,,,,,,,,,,,,,,
,,,,,,,,,,,,,,
,,,,,,,,,,,,,,
,DIADEMA FLORAL,,,,,,,,,,,,,
,,,,,,,,,,,,,,
,Clave:,,KD2013,,,,Existencia:,,50,,,,,
,,,,,,,,,,,,,,
,Departamento:,,TOCADO,,,,Precio:,,$ 189.90,,,,,
,,,,,,,,,,,,,,
,Categoría:,,"MOÑO, PEINETA, DIADEMA, LIGAS",,,,,,,,,,,
,,,,,,,,,,,,,,
,,,,,,,,,,,,,,
,,,,,,,,,,,,,,
,DIADEMA LUXER,,,,,,,,,,,,,
,,,,,,,,,,,,,,
,Clave:,,KD2015,,,,Existencia:,,100,,,,,
,,,,,,,,,,,,,,
,Departamento:,,TOCADO,,,,Precio:,,$ 40.00,,,,,
,,,,,,,,,,,,,,
,Categoría:,,"MOÑO, PEINETA, DIADEMA, LIGAS",,,,,,,,,,,
,,,,,,,,,,,,,,
,,,,,,,,,,,,,,
,,,,,,,,,,,,,,
,DIADEMA MEDALLA,,,,,,,,,,,,,
,,,,,,,,,,,,,,
,Clave:,,KD2017,,,,Existencia:,,0,,,,,
,,,,,,,,,,,,,,
,Departamento:,,TOCADO,,,,Precio:,,$ 50.00,,,,,
,,,,,,,,,,,,,,
,Categoría:,,"MOÑO, PEINETA, DIADEMA, LIGAS",,,,,,,,,,,
,,,,,,,,,,,,,,
,,,,,,,,,,,,,,
,,,,,,,,,,,,,,
,DIADEMA ROSAS,,,,,,,,,,,,,
,,,,,,,,,,,,,,
,Clave:,,KD2019,,,,Existencia:,,25,,,,,
,,,,,,,,,,,,,,
,Departamento:,,TOCADO,,,,Precio:,,$ 69.90,,,,,
,,,,,,,,,,,,,,
,Categoría:,,"MOÑO, PEINETA, DIADEMA, LIGAS",,,,,,,,,,,
,,,,,,,,,,,,,,
,,,,,,,,,,,,,,
,,,,,,,,,,,,,,
,DIADEMA LULU,,,,,,,,,,,,,
,,,,,,,,,,,,,,
,Clave:,,KD2021,,,,Existencia:,,50,,,,,
,,,,,,,,,,,,,,
,Departamento:,,TIARAS,,,,Precio:,,$ 89.90,,,,,
,,,,,,,,,,,,,,
,Categoría:,,"TIARAS, GUIAS, DIADEMA, PEINETAS METALICAS",,,,,,,,,,,
,,,,,,,,,,,,,,
,,,,,,,,,,,,,,
,,,,,,,,,,,,,,
,DIADEMA LOTUS TRES FLORES DIAMANTE,,,,,,,,,,,,,
,,,,,,,,,,,,,,
,Clave:,,KD2023,,,,Existencia:,,0,,,,,
,,,,,,,,,,,,,,
,Departamento:,,TOCADO,,,,Precio:,,$ 50.00,,,,,
,,,,,,,,,,,,,,
,Categoría:,,"MOÑO, PEINETA, DIADEMA, LIGAS",,,,,,,,,,,
,,,,,,,,,,,,,,
,,,,,,,,,,,,,,
,,,,,,,,,,,,,,
,DIADEMA BONBON,,,,,,,,,,,,,
,,,,,,,,,,,,,,
,Clave:,,KD2025,,,,Existencia:,,0,,,,,
,,,,,,,,,,,,,,
,Departamento:,,TOCADO,,,,Precio:,,$ 50.00,,,,,
,,,,,,,,,,,,,,
,Categoría:,,"MOÑO, PEINETA, DIADEMA, LIGAS",,,,,,,,,,,
,,,,,,,,,,,,,,
,,,,,,,,,,,,,,
,,,,,,,,,,,,,,
,GUIA CEREMONIAL,,,,,,,,,,,,,
,,,,,,,,,,,,,,
,Clave:,,KG0013,,,,Existencia:,,0,,,,,
,,,,,,,,,,,,,,
,Departamento:,,TIARAS,,,,Precio:,,$ 120.00,,,,,
,,,,,,,,,,,,,,
,Categoría:,,"TIARAS, GUIAS, DIADEMA, PEINETAS METALICAS",,,,,,,,,,,
,,,,,,,,,,,,,,
,,,,,,,,,,,,,,
,,,,,,,,,,,,,,
,GUIA VALERIA,,,,,,,,,,,,,
,,,,,,,,,,,,,,
,Clave:,,KG0014,,,,Existencia:,,0,,,,,
,,,,,,,,,,,,,,
,Departamento:,,TIARAS,,,,Precio:,,$ 160.00,,,,,
,,,,,,,,,,,,,,
,Categoría:,,"TIARAS, GUIAS, DIADEMA, PEINETAS METALICAS",,,,,,,,,,,
,,,,,,,,,,,,,,
,,,,,,,,,,,,,,
,,,,,,,,,,,,,,
,CORONA Y CETRO MAX 25 METALICA,,,,,,,,,,,,,
,,,,,,,,,,,,,,
,Clave:,,KK1008,,,,Existencia:,,80,,,,,
,,,,,,,,,,,,,,
,Departamento:,,CORONAS,,,,Precio:,,$ 349.90,,,,,
,,,,,,,,,,,,,,
,Categoría:,,CORONA DE REY Y REINA,,,,,,,,,,,
,,,,,,,,,,,,,,
,,,,,,,,,,,,,,
,,,,,,,,,,,,,,
,CORONA DE REINA CORAZON GANCHO C/CETRO,,,,,,,,,,,,,
,,,,,,,,,,,,,,
,Clave:,,KK1013,,,,Existencia:,,20,,,,,
,,,,,,,,,,,,,,
,Departamento:,,CORONAS,,,,Precio:,,$ 289.90,,,,,
,,,,,,,,,,,,,,
,Categoría:,,CORONA DE REY Y REINA,,,,,,,,,,,
,,,,,,,,,,,,,,
,,,,,,,,,,,,,,
,,,,,,,,,,,,,,
,CORONA DE REINA LIZ C/CETRO,,,,,,,,,,,,,
,,,,,,,,,,,,,,
,Clave:,,KK1022,,,,Existencia:,,137,,,,,
,,,,,,,,,,,,,,
,Departamento:,,CORONAS,,,,Precio:,,$ 289.90,,,,,
,,,,,,,,,,,,,,
,Categoría:,,CORONA DE REY Y REINA,,,,,,,,,,,
,,,,,,,,,,,,,,
,,,,,,,,,,,,,,
,,,,,,,,,,,,,,
,CORONA REY HASAN,,,,,,,,,,,,,
,,,,,,,,,,,,,,
,Clave:,,KK9001,,,,Existencia:,,0,,,,,
,,,,,,,,,,,,,,
,Departamento:,,CORONAS,,,,Precio:,,$ 499.90,,,,,
,,,,,,,,,,,,,,
,Categoría:,,CORONA METALICAS,,,,,,,,,,,
,,,,,,,,,,,,,,
,,,,,,,,,,,,,,
,,,,,,,,,,,,,,
,CORONA DE REY PERLAS C/CETRO,,,,,,,,,,,,,
,,,,,,,,,,,,,,
,Clave:,,KK9006,,,,Existencia:,,0,,,,,
,,,,,,,,,,,,,,
,Departamento:,,CORONAS,,,,Precio:,,$ 169.90,,,,,
,,,,,,,,,,,,,,
,Categoría:,,CORONA DE REY Y REINA,,,,,,,,,,,
,,,,,,,,,,,,,,
,,,,,,,,,,,,,,
,,,,,,,,,,,,,,
,CORONA DE REY GOTA C/CETRO,,,,,,,,,,,,,
,,,,,,,,,,,,,,
,Clave:,,KK9012,,,,Existencia:,,0,,,,,
,,,,,,,,,,,,,,
,Departamento:,,CORONAS,,,,Precio:,,$ 289.90,,,,,
,,,,,,,,,,,,,,
,Categoría:,,CORONA DE REY Y REINA,,,,,,,,,,,
,,,,,,,,,,,,,,
,,,,,,,,,,,,,,
,,,,,,,,,,,,,,
,CORONA PRICESA AVE METALICA,,,,,,,,,,,,,
,,,,,,,,,,,,,,
,Clave:,,KK9030,,,,Existencia:,,0,,,,,
,,,,,,,,,,,,,,
,Departamento:,,CORONAS,,,,Precio:,,$ 109.90,,,,,
,,,,,,,,,,,,,,
,Categoría:,,CORONA METALICAS,,,,,,,,,,,
,,,,,,,,,,,,,,
,,,,,,,,,,,,,,
,,,,,,,,,,,,,,
,CORONA REY GALES,,,,,,,,,,,,,
,,,,,,,,,,,,,,
,Clave:,,KK9033,,,,Existencia:,,0,,,,,
,,,,,,,,,,,,,,
,Departamento:,,CORONAS,,,,Precio:,,$ 249.90,,,,,
,,,,,,,,,,,,,,
,Categoría:,,CORONA METALICAS,,,,,,,,,,,
,,,,,,,,,,,,,,
,,,,,,,,,,,,,,
,,,,,,,,,,,,,,
,CORONA PRINCESA LIZ METALICA,,,,,,,,,,,,,
,,,,,,,,,,,,,,
,Clave:,,KK9034,,,,Existencia:,,0,,,,,
,,,,,,,,,,,,,,
,Departamento:,,CORONAS,,,,Precio:,,$ 179.90,,,,,
,,,,,,,,,,,,,,
,Categoría:,,CORONA METALICAS,,,,,,,,,,,
,,,,,,,,,,,,,,
,,,,,,,,,,,,,,
,,,,,,,,,,,,,,
,CORONA REY EDUARDO,,,,,,,,,,,,,
,,,,,,,,,,,,,,
,Clave:,,KK9036,,,,Existencia:,,0,,,,,
,,,,,,,,,,,,,,
,Departamento:,,CORONAS,,,,Precio:,,$ 339.90,,,,,
,,,,,,,,,,,,,,
,Categoría:,,CORONA METALICAS,,,,,,,,,,,
,,,,,,,,,,,,,,
,,,,,,,,,,,,,,
,,,,,,,,,,,,,,
,CORONA REY FELIPE,,,,,,,,,,,,,
,,,,,,,,,,,,,,
,Clave:,,KK9039,,,,Existencia:,,0,,,,,
,,,,,,,,,,,,,,
,Departamento:,,CORONAS,,,,Precio:,,$ 499.90,,,,,
,,,,,,,,,,,,,,
,Categoría:,,CORONA METALICAS,,,,,,,,,,,
,,,,,,,,,,,,,,
,,,,,,,,,,,,,,
,,,,,,,,,,,,,,
,CORONA CISNE,,,,,,,,,,,,,
,,,,,,,,,,,,,,
,Clave:,,KK9042,,,,Existencia:,,0,,,,,
,,,,,,,,,,,,,,
,Departamento:,,CORONAS,,,,Precio:,,$ 319.90,,,,,
,,,,,,,,,,,,,,
,Categoría:,,CORONA METALICAS,,,,,,,,,,,
,,,,,,,,,,,,,,
,,,,,,,,,,,,,,
,,,,,,,,,,,,,,
,CORONA REY METAL C/CETRO,,,,,,,,,,,,,
,,,,,,,,,,,,,,
,Clave:,,KK9044,,,,Existencia:,,0,,,,,
,,,,,,,,,,,,,,
,Departamento:,,CORONAS,,,,Precio:,,$ 199.90,,,,,
,,,,,,,,,,,,,,
,Categoría:,,CORONA DE REY Y REINA,,,,,,,,,,,
,,,,,,,,,,,,,,
,,,,,,,,,,,,,,
,,,,,,,,,,,,,,
,CORONA INES METALICA,,,,,,,,,,,,,
,,,,,,,,,,,,,,
,Clave:,,KK9046,,,,Existencia:,,0,,,,,
,,,,,,,,,,,,,,
,Departamento:,,CORONAS,,,,Precio:,,$ 269.90,,,,,
,,,,,,,,,,,,,,
,Categoría:,,CORONA METALICAS,,,,,,,,,,,
,,,,,,,,,,,,,,
,,,,,,,,,,,,,,
,,,,,,,,,,,,,,
,CORONA OCTAGON METALICA,,,,,,,,,,,,,
,,,,,,,,,,,,,,
,Clave:,,KK9073,,,,Existencia:,,0,,,,,
,,,,,,,,,,,,,,
,Departamento:,,CORONAS,,,,Precio:,,$ 179.90,,,,,
,,,,,,,,,,,,,,
,Categoría:,,CORONA METALICAS,,,,,,,,,,,
,,,,,,,,,,,,,,
,,,,,,,,,,,,,,
,,,,,,,,,,,,,,
,CORONA PINO METALICA,,,,,,,,,,,,,
,,,,,,,,,,,,,,
,Clave:,,KK9075,,,,Existencia:,,0,,,,,
,,,,,,,,,,,,,,
,Departamento:,,CORONAS,,,,Precio:,,$ 289.90,,,,,
,,,,,,,,,,,,,,
,Categoría:,,CORONA METALICAS,,,,,,,,,,,
,,,,,,,,,,,,,,
,,,,,,,,,,,,,,
,,,,,,,,,,,,,,
,CORONA ATLAS METALICA,,,,,,,,,,,,,
,,,,,,,,,,,,,,
,Clave:,,KK9077,,,,Existencia:,,0,,,,,
,,,,,,,,,,,,,,
,Departamento:,,CORONAS,,,,Precio:,,$ 449.90,,,,,
,,,,,,,,,,,,,,
,Categoría:,,CORONA METALICAS,,,,,,,,,,,
,,,,,,,,,,,,,,
,,,,,,,,,,,,,,
,,,,,,,,,,,,,,
,CORONA ZIC ZAC METALICA,,,,,,,,,,,,,
,,,,,,,,,,,,,,
,Clave:,,KK9079,,,,Existencia:,,0,,,,,
,,,,,,,,,,,,,,
,Departamento:,,CORONAS,,,,Precio:,,$ 369.90,,,,,
,,,,,,,,,,,,,,
,Categoría:,,CORONA METALICAS,,,,,,,,,,,
,,,,,,,,,,,,,,
,,,,,,,,,,,,,,
,,,,,,,,,,,,,,
,CORONA PRINCIPE GOTICA #,,,,,,,,,,,,,
,,,,,,,,,,,,,,
,Clave:,,KK9091,,,,Existencia:,,0,,,,,
,,,,,,,,,,,,,,
,Departamento:,,CORONAS,,,,Precio:,,$ 199.90,,,,,
,,,,,,,,,,,,,,
,Categoría:,,CORONA METALICAS,,,,,,,,,,,
,,,,,,,,,,,,,,
,,,,,,,,,,,,,,
,,,,,,,,,,,,,,
,CORONA PRINCIPE LOTO  # 5,,,,,,,,,,,,,
,,,,,,,,,,,,,,
,Clave:,,KK9093,,,,Existencia:,,0,,,,,
,,,,,,,,,,,,,,
,Departamento:,,CORONAS,,,,Precio:,,$ 159.90,,,,,
,,,,,,,,,,,,,,
,Categoría:,,CORONA METALICAS,,,,,,,,,,,
,,,,,,,,,,,,,,
,,,,,,,,,,,,,,
,,,,,,,,,,,,,,
,CORONA REY ASTURIAS #,,,,,,,,,,,,,
,,,,,,,,,,,,,,
,Clave:,,KK9095,,,,Existencia:,,0,,,,,
,,,,,,,,,,,,,,
,Departamento:,,CORONAS,,,,Precio:,,$ 199.90,,,,,
,,,,,,,,,,,,,,
,Categoría:,,CORONA METALICAS,,,,,,,,,,,
,,,,,,,,,,,,,,
,,,,,,,,,,,,,,
,,,,,,,,,,,,,,
,CORONA REY ZAR #,,,,,,,,,,,,,
,,,,,,,,,,,,,,
,Clave:,,KK9097,,,,Existencia:,,0,,,,,
,,,,,,,,,,,,,,
,Departamento:,,CORONAS,,,,Precio:,,$ 240.00,,,,,
,,,,,,,,,,,,,,
,Categoría:,,CORONA METALICAS,,,,,,,,,,,
,,,,,,,,,,,,,,
,,,,,,,,,,,,,,
,,,,,,,,,,,,,,
,CORONA PRINCIPE AVE # 2,,,,,,,,,,,,,
,,,,,,,,,,,,,,
,Clave:,,KK9099,,,,Existencia:,,0,,,,,
,,,,,,,,,,,,,,
,Departamento:,,CORONAS,,,,Precio:,,$ 199.90,,,,,
,,,,,,,,,,,,,,
,Categoría:,,CORONA METALICAS,,,,,,,,,,,
,,,,,,,,,,,,,,
,,,,,,,,,,,,,,
,,,,,,,,,,,,,,
,PAR DE CUCA BEBE,,,,,,,,,,,,,
,,,,,,,,,,,,,,
,Clave:,,KM1002,,,,Existencia:,,0,,,,,
,,,,,,,,,,,,,,
,Departamento:,,TOCADO,,,,Precio:,,$ 25.00,,,,,
,,,,,,,,,,,,,,
,Categoría:,,"MOÑO, PEINETA, DIADEMA, LIGAS",,,,,,,,,,,
,,,,,,,,,,,,,,
,,,,,,,,,,,,,,
,,,,,,,,,,,,,,
,MOÑO LISTON TUL BROCHE,,,,,,,,,,,,,
,,,,,,,,,,,,,,
,Clave:,,KM1003,,,,Existencia:,,0,,,,,
,,,,,,,,,,,,,,
,Departamento:,,TOCADO,,,,Precio:,,$ 29.90,,,,,
,,,,,,,,,,,,,,
,Categoría:,,"MOÑO, PEINETA, DIADEMA, LIGAS",,,,,,,,,,,
,,,,,,,,,,,,,,
,,,,,,,,,,,,,,
,,,,,,,,,,,,,,
,MOÑO YUTE BROCHE ECONOMICO,,,,,,,,,,,,,
,,,,,,,,,,,,,,
,Clave:,,KM1011,,,,Existencia:,,0,,,,,
,,,,,,,,,,,,,,
,Departamento:,,TOCADO,,,,Precio:,,$ 15.00,,,,,
,,,,,,,,,,,,,,
,Categoría:,,"MOÑO, PEINETA, DIADEMA, LIGAS",,,,,,,,,,,
,,,,,,,,,,,,,,
,,,,,,,,,,,,,,
,,,,,,,,,,,,,,
,PAR DE CUCA PETALO SATIN BEBE,,,,,,,,,,,,,
,,,,,,,,,,,,,,
,Clave:,,KM1033,,,,Existencia:,,0,,,,,
,,,,,,,,,,,,,,
,Departamento:,,TOCADO,,,,Precio:,,$ 30.00,,,,,
,,,,,,,,,,,,,,
,Categoría:,,"MOÑO, PEINETA, DIADEMA, LIGAS",,,,,,,,,,,
,,,,,,,,,,,,,,
,,,,,,,,,,,,,,
,,,,,,,,,,,,,,
,MOÑO SARA CON BROCHE DOBLE BARROTADO,,,,,,,,,,,,,
,,,,,,,,,,,,,,
,Clave:,,KM1081,,,,Existencia:,,0,,,,,
,,,,,,,,,,,,,,
,Departamento:,,TOCADO,,,,Precio:,,$ 45.00,,,,,
,,,,,,,,,,,,,,
,Categoría:,,"MOÑO, PEINETA, DIADEMA, LIGAS",,,,,,,,,,,
,,,,,,,,,,,,,,
,,,,,,,,,,,,,,
,,,,,,,,,,,,,,
,MOÑO ALICANTE CON BROCHE,,,,,,,,,,,,,
,,,,,,,,,,,,,,
,Clave:,,KM1082,,,,Existencia:,,0,,,,,
,,,,,,,,,,,,,,
,Departamento:,,TOCADO,,,,Precio:,,$ 30.00,,,,,
,,,,,,,,,,,,,,
,Categoría:,,"MOÑO, PEINETA, DIADEMA, LIGAS",,,,,,,,,,,
,,,,,,,,,,,,,,
,,,,,,,,,,,,,,
,,,,,,,,,,,,,,
,PAR DE MOÑO BEBE ECONOMICO,,,,,,,,,,,,,
,,,,,,,,,,,,,,
,Clave:,,KM2006,,,,Existencia:,,105,,,,,
,,,,,,,,,,,,,,
,Departamento:,,TOCADO,,,,Precio:,,$ 25.00,,,,,
,,,,,,,,,,,,,,
,Categoría:,,"MOÑO, PEINETA, DIADEMA, LIGAS",,,,,,,,,,,
,,,,,,,,,,,,,,
,,,,,,,,,,,,,,
,,,,,,,,,,,,,,
,PAR DE MOÑO GAVIOTA CON BROCHE,,,,,,,,,,,,,
,,,,,,,,,,,,,,
,Clave:,,KM2091,,,,Existencia:,,0,,,,,
,,,,,,,,,,,,,,
,Departamento:,,TOCADO,,,,Precio:,,$ 39.90,,,,,
,,,,,,,,,,,,,,
,Categoría:,,"MOÑO, PEINETA, DIADEMA, LIGAS",,,,,,,,,,,
,,,,,,,,,,,,,,
,,,,,,,,,,,,,,
,,,,,,,,,,,,,,
,CORONA MAGUEY METALICA,,,,,,,,,,,,,
,,,,,,,,,,,,,,
,Clave:,,KR7011,,,,Existencia:,,8,,,,,
,,,,,,,,,,,,,,
,Departamento:,,CORONAS,,,,Precio:,,$ 489.90,,,,,
,,,,,,,,,,,,,,
,Categoría:,,CORONA METALICAS,,,,,,,,,,,
,,,,,,,,,,,,,,
,,,,,,,,,,,,,,
,,,,,,,,,,,,,,
,CORONA NATALY METALICA,,,,,,,,,,,,,
,,,,,,,,,,,,,,
,Clave:,,KR7022,,,,Existencia:,,42,,,,,
,,,,,,,,,,,,,,
,Departamento:,,CORONAS,,,,Precio:,,$ 449.90,,,,,
,,,,,,,,,,,,,,
,Categoría:,,CORONA METALICAS,,,,,,,,,,,
,,,,,,,,,,,,,,
,,,,,,,,,,,,,,
,,,,,,,,,,,,,,
,TIARA METALICA ECONOMICA,,,,,,,,,,,,,
,,,,,,,,,,,,,,
,Clave:,,KT0002,,,,Existencia:,,0,,,,,
,,,,,,,,,,,,,,
,Departamento:,,TIARAS,,,,Precio:,,$ 65.90,,,,,
,,,,,,,,,,,,,,
,Categoría:,,"TIARAS, GUIAS, DIADEMA, PEINETAS METALICAS",,,,,,,,,,,
,,,,,,,,,,,,,,
,,,,,,,,,,,,,,
,,,,,,,,,,,,,,
,TIARA METALICA EXA,,,,,,,,,,,,,
,,,,,,,,,,,,,,
,Clave:,,KT0004,,,,Existencia:,,0,,,,,
,,,,,,,,,,,,,,
,Departamento:,,TIARAS,,,,Precio:,,$ 74.90,,,,,
,,,,,,,,,,,,,,
,Categoría:,,"TIARAS, GUIAS, DIADEMA, PEINETAS METALICAS",,,,,,,,,,,
,,,,,,,,,,,,,,
,,,,,,,,,,,,,,
,,,,,,,,,,,,,,
,TIARA CUBO,,,,,,,,,,,,,
,,,,,,,,,,,,,,
,Clave:,,KT0008,,,,Existencia:,,0,,,,,
,,,,,,,,,,,,,,
,Departamento:,,TIARAS,,,,Precio:,,$ 99.90,,,,,
,,,,,,,,,,,,,,
,Categoría:,,"TIARAS, GUIAS, DIADEMA, PEINETAS METALICAS",,,,,,,,,,,
,,,,,,,,,,,,,,
,,,,,,,,,,,,,,
,,,,,,,,,,,,,,
,TIARA PRINCESITA ECO.,,,,,,,,,,,,,
,,,,,,,,,,,,,,
,Clave:,,KT0013,,,,Existencia:,,0,,,,,
,,,,,,,,,,,,,,
,Departamento:,,TIARAS,,,,Precio:,,$ 39.90,,,,,
,,,,,,,,,,,,,,
,Categoría:,,"TIARAS, GUIAS, DIADEMA, PEINETAS METALICAS",,,,,,,,,,,
,,,,,,,,,,,,,,
,,,,,,,,,,,,,,
,,,,,,,,,,,,,,
,TIARA INFINITO REINA 24-25-26-27-28-30,,,,,,,,,,,,,
,,,,,,,,,,,,,,
,Clave:,,KT0022,,,,Existencia:,,0,,,,,
,,,,,,,,,,,,,,
,Departamento:,,TIARAS,,,,Precio:,,$ 250.00,,,,,
,,,,,,,,,,,,,,
,Categoría:,,"TIARAS, GUIAS, DIADEMA, PEINETAS METALICAS",,,,,,,,,,,
,,,,,,,,,,,,,,
,,,,,,,,,,,,,,
,,,,,,,,,,,,,,
,TIARA JENNIFER XV MOD. 779-790-16,,,,,,,,,,,,,
,,,,,,,,,,,,,,
,Clave:,,KT0023,,,,Existencia:,,0,,,,,
,,,,,,,,,,,,,,
,Departamento:,,TIARAS,,,,Precio:,,$ 280.00,,,,,
,,,,,,,,,,,,,,
,Categoría:,,"TIARAS, GUIAS, DIADEMA, PEINETAS METALICAS",,,,,,,,,,,
,,,,,,,,,,,,,,
,,,,,,,,,,,,,,
,,,,,,,,,,,,,,
,TIARA MAGDA XV MOD. 511 - 765 - 737,,,,,,,,,,,,,
,,,,,,,,,,,,,,
,Clave:,,KT0024,,,,Existencia:,,0,,,,,
,,,,,,,,,,,,,,
,Departamento:,,TIARAS,,,,Precio:,,$ 280.00,,,,,
,,,,,,,,,,,,,,
,Categoría:,,"TIARAS, GUIAS, DIADEMA, PEINETAS METALICAS",,,,,,,,,,,
,,,,,,,,,,,,,,
,,,,,,,,,,,,,,
,,,,,,,,,,,,,,
,TIARA CHARLOTTE XV MOD. 525-761,,,,,,,,,,,,,
,,,,,,,,,,,,,,
,Clave:,,KT0025,,,,Existencia:,,0,,,,,
,,,,,,,,,,,,,,
,Departamento:,,TIARAS,,,,Precio:,,$ 250.00,,,,,
,,,,,,,,,,,,,,
,Categoría:,,"TIARAS, GUIAS, DIADEMA, PEINETAS METALICAS",,,,,,,,,,,
,,,,,,,,,,,,,,
,,,,,,,,,,,,,,
,,,,,,,,,,,,,,
,TIARA LUCY XV MOD. 767-416-586-643-10,,,,,,,,,,,,,
,,,,,,,,,,,,,,
,Clave:,,KT0026,,,,Existencia:,,0,,,,,
,,,,,,,,,,,,,,
,Departamento:,,TIARAS,,,,Precio:,,$ 280.00,,,,,
,,,,,,,,,,,,,,
,Categoría:,,"TIARAS, GUIAS, DIADEMA, PEINETAS METALICAS",,,,,,,,,,,
,,,,,,,,,,,,,,
,,,,,,,,,,,,,,
,,,,,,,,,,,,,,
,TIARA REBE XV MOD. 760-785-462-762-766,,,,,,,,,,,,,
,,,,,,,,,,,,,,
,Clave:,,KT0027,,,,Existencia:,,0,,,,,
,,,,,,,,,,,,,,
,Departamento:,,TIARAS,,,,Precio:,,$ 250.00,,,,,
,,,,,,,,,,,,,,
,Categoría:,,"TIARAS, GUIAS, DIADEMA, PEINETAS METALICAS",,,,,,,,,,,
,,,,,,,,,,,,,,
,,,,,,,,,,,,,,
,,,,,,,,,,,,,,
,GUIA CRISTAL,,,,,,,,,,,,,
,,,,,,,,,,,,,,
,Clave:,,KT0028,,,,Existencia:,,107,,,,,
,,,,,,,,,,,,,,
,Departamento:,,TIARAS,,,,Precio:,,$ 199.90,,,,,
,,,,,,,,,,,,,,
,Categoría:,,"TIARAS, GUIAS, DIADEMA, PEINETAS METALICAS",,,,,,,,,,,
,,,,,,,,,,,,,,
,,,,,,,,,,,,,,
,,,,,,,,,,,,,,
,TIARA ALEJANDRA XV MOD. 734-735,,,,,,,,,,,,,
,,,,,,,,,,,,,,
,Clave:,,KT0029,,,,Existencia:,,0,,,,,
,,,,,,,,,,,,,,
,Departamento:,,TIARAS,,,,Precio:,,$ 320.00,,,,,
,,,,,,,,,,,,,,
,Categoría:,,"TIARAS, GUIAS, DIADEMA, PEINETAS METALICAS",,,,,,,,,,,
,,,,,,,,,,,,,,
,,,,,,,,,,,,,,
,,,,,,,,,,,,,,
,BANDA EGIPCIA,,,,,,,,,,,,,
,,,,,,,,,,,,,,
,Clave:,,KT0030,,,,Existencia:,,0,,,,,
,,,,,,,,,,,,,,
,Departamento:,,TIARAS,,,,Precio:,,$ 219.90,,,,,
,,,,,,,,,,,,,,
,Categoría:,,"TIARAS, GUIAS, DIADEMA, PEINETAS METALICAS",,,,,,,,,,,
,,,,,,,,,,,,,,
,,,,,,,,,,,,,,
,,,,,,,,,,,,,,
,BANDA  XV CRISTAL,,,,,,,,,,,,,
,,,,,,,,,,,,,,
,Clave:,,KT0032,,,,Existencia:,,0,,,,,
,,,,,,,,,,,,,,
,Departamento:,,TIARAS,,,,Precio:,,$ 319.90,,,,,
,,,,,,,,,,,,,,
,Categoría:,,"TIARAS, GUIAS, DIADEMA, PEINETAS METALICAS",,,,,,,,,,,
,,,,,,,,,,,,,,
,,,,,,,,,,,,,,
,,,,,,,,,,,,,,
,TIARA METALICA GIRASOL,,,,,,,,,,,,,
,,,,,,,,,,,,,,
,Clave:,,KT0033,,,,Existencia:,,68,,,,,
,,,,,,,,,,,,,,
,Departamento:,,TIARAS,,,,Precio:,,$ 84.90,,,,,
,,,,,,,,,,,,,,
,Categoría:,,"TIARAS, GUIAS, DIADEMA, PEINETAS METALICAS",,,,,,,,,,,
,,,,,,,,,,,,,,
,,,,,,,,,,,,,,
,,,,,,,,,,,,,,
,BANDA MARFIL CRISTAL,,,,,,,,,,,,,
,,,,,,,,,,,,,,
,Clave:,,KT0034,,,,Existencia:,,0,,,,,
,,,,,,,,,,,,,,
,Departamento:,,TIARAS,,,,Precio:,,$ 239.90,,,,,
,,,,,,,,,,,,,,
,Categoría:,,"TIARAS, GUIAS, DIADEMA, PEINETAS METALICAS",,,,,,,,,,,
,,,,,,,,,,,,,,
,,,,,,,,,,,,,,
,,,,,,,,,,,,,,
,TIARA JOYEL DE REINA,,,,,,,,,,,,,
,,,,,,,,,,,,,,
,Clave:,,KT0044,,,,Existencia:,,0,,,,,
,,,,,,,,,,,,,,
,Departamento:,,TIARAS,,,,Precio:,,$ 150.00,,,,,
,,,,,,,,,,,,,,
,Categoría:,,"TIARAS, GUIAS, DIADEMA, PEINETAS METALICAS",,,,,,,,,,,
,,,,,,,,,,,,,,
,,,,,,,,,,,,,,
,,,,,,,,,,,,,,
,TIARA METALICA ANGELIS MOD. 33-60-47-64-38-44-67-18-34,,,,,,,,,,,,,
,,,,,,,,,,,,,,
,Clave:,,KT0047,,,,Existencia:,,0,,,,,
,,,,,,,,,,,,,,
,Departamento:,,TIARAS,,,,Precio:,,$ 120.00,,,,,
,,,,,,,,,,,,,,
,Categoría:,,"TIARAS, GUIAS, DIADEMA, PEINETAS METALICAS",,,,,,,,,,,
,,,,,,,,,,,,,,
,,,,,,,,,,,,,,
,,,,,,,,,,,,,,
,BAUL ARRAS  ALTAR,,,,,,,,,,,,,
,,,,,,,,,,,,,,
,Clave:,,LA0981,,,,Existencia:,,N/A,,,,,
,,,,,,,,,,,,,,
,Departamento:,,ACCESORIOS,,,,Precio:,,$ 269.90,,,,,
,,,,,,,,,,,,,,
,Categoría:,,BODA,,,,,,,,,,,
,,,,,,,,,,,,,,
,,,,,,,,,,,,,,
,,,,,,,,,,,,,,
,LAZO CON COFRE CORAZON ECO,,,,,,,,,,,,,
,,,,,,,,,,,,,,
,Clave:,,LB0411,,,,Existencia:,,0,,,,,
,,,,,,,,,,,,,,
,Departamento:,,ACCESORIOS,,,,Precio:,,$ 699.90,,,,,
,,,,,,,,,,,,,,
,Categoría:,,BODA,,,,,,,,,,,
,,,,,,,,,,,,,,
,,,,,,,,,,,,,,
,,,,,,,,,,,,,,
,LAZO CON COFRE ANILLO CUADRADO ECO,,,,,,,,,,,,,
,,,,,,,,,,,,,,
,Clave:,,LB0413,,,,Existencia:,,0,,,,,
,,,,,,,,,,,,,,
,Departamento:,,ACCESORIOS,,,,Precio:,,$ 699.90,,,,,
,,,,,,,,,,,,,,
,Categoría:,,BODA,,,,,,,,,,,
,,,,,,,,,,,,,,
,,,,,,,,,,,,,,
,,,,,,,,,,,,,,
,LAZO CON COFRE ROMBO,,,,,,,,,,,,,
,,,,,,,,,,,,,,
,Clave:,,LB0415,,,,Existencia:,,0,,,,,
,,,,,,,,,,,,,,
,Departamento:,,ACCESORIOS,,,,Precio:,,$ 849.90,,,,,
,,,,,,,,,,,,,,
,Categoría:,,BODA,,,,,,,,,,,
,,,,,,,,,,,,,,
,,,,,,,,,,,,,,
,,,,,,,,,,,,,,
,LAZO CON COFRE REDONDO,,,,,,,,,,,,,
,,,,,,,,,,,,,,
,Clave:,,LB0417,,,,Existencia:,,0,,,,,
,,,,,,,,,,,,,,
,Departamento:,,ACCESORIOS,,,,Precio:,,$ 849.90,,,,,
,,,,,,,,,,,,,,
,Categoría:,,BODA,,,,,,,,,,,
,,,,,,,,,,,,,,
,,,,,,,,,,,,,,
,,,,,,,,,,,,,,
,LAZO CON COFRE CORAZON PURPURA,,,,,,,,,,,,,
,,,,,,,,,,,,,,
,Clave:,,LB0419,,,,Existencia:,,0,,,,,
,,,,,,,,,,,,,,
,Departamento:,,ACCESORIOS,,,,Precio:,,$ 849.90,,,,,
,,,,,,,,,,,,,,
,Categoría:,,BODA,,,,,,,,,,,
,,,,,,,,,,,,,,
,,,,,,,,,,,,,,
,,,,,,,,,,,,,,
,LAZO CON COFRE ALEX,,,,,,,,,,,,,
,,,,,,,,,,,,,,
,Clave:,,LB0421,,,,Existencia:,,0,,,,,
,,,,,,,,,,,,,,
,Departamento:,,ACCESORIOS,,,,Precio:,,$ 849.90,,,,,
,,,,,,,,,,,,,,
,Categoría:,,BODA,,,,,,,,,,,
,,,,,,,,,,,,,,
,,,,,,,,,,,,,,
,,,,,,,,,,,,,,
,LAZO CON COFRE ALADIN PERLAS,,,,,,,,,,,,,
,,,,,,,,,,,,,,
,Clave:,,LB0423,,,,Existencia:,,0,,,,,
,,,,,,,,,,,,,,
,Departamento:,,ACCESORIOS,,,,Precio:,,$ 849.90,,,,,
,,,,,,,,,,,,,,
,Categoría:,,BODA,,,,,,,,,,,
,,,,,,,,,,,,,,
,,,,,,,,,,,,,,
,,,,,,,,,,,,,,
,LAZO CON COFRE MOJA,,,,,,,,,,,,,
,,,,,,,,,,,,,,
,Clave:,,LB0425,,,,Existencia:,,0,,,,,
,,,,,,,,,,,,,,
,Departamento:,,ACCESORIOS,,,,Precio:,,$ 849.90,,,,,
,,,,,,,,,,,,,,
,Categoría:,,BODA,,,,,,,,,,,
,,,,,,,,,,,,,,
,,,,,,,,,,,,,,
,,,,,,,,,,,,,,
,LAZO CON COFRE FIDELIS,,,,,,,,,,,,,
,,,,,,,,,,,,,,
,Clave:,,LB0427,,,,Existencia:,,0,,,,,
,,,,,,,,,,,,,,
,Departamento:,,ACCESORIOS,,,,Precio:,,$ 949.90,,,,,
,,,,,,,,,,,,,,
,Categoría:,,BODA,,,,,,,,,,,
,,,,,,,,,,,,,,
,,,,,,,,,,,,,,
,,,,,,,,,,,,,,
,BAUL CON LAZO MOD. 13,,,,,,,,,,,,,
,,,,,,,,,,,,,,
,Clave:,,LB0841,,,,Existencia:,,N/A,,,,,
,,,,,,,,,,,,,,
,Departamento:,,ACCESORIOS,,,,Precio:,,$ 469.90,,,,,
,,,,,,,,,,,,,,
,Categoría:,,BODA,,,,,,,,,,,
,,,,,,,,,,,,,,
,,,,,,,,,,,,,,
,,,,,,,,,,,,,,
,BAUL CON LAZO MOD. 4-5-11-15-25,,,,,,,,,,,,,
,,,,,,,,,,,,,,
,Clave:,,LB0843,,,,Existencia:,,N/A,,,,,
,,,,,,,,,,,,,,
,Departamento:,,ACCESORIOS,,,,Precio:,,$ 399.90,,,,,
,,,,,,,,,,,,,,
,Categoría:,,BODA,,,,,,,,,,,
,,,,,,,,,,,,,,
,,,,,,,,,,,,,,
,,,,,,,,,,,,,,
,CAJA LIBRO MDF 3mm CHICO,,,,,,,,,,,,,
,,,,,,,,,,,,,,
,Clave:,,MD0011,,,,Existencia:,,0,,,,,
,,,,,,,,,,,,,,
,Departamento:,,ACCESORIOS,,,,Precio:,,$ 200.00,,,,,
,,,,,,,,,,,,,,
,Categoría:,,CAJAS Y ESTUCHES,,,,,,,,,,,
,,,,,,,,,,,,,,
,,,,,,,,,,,,,,
,,,,,,,,,,,,,,
,BAUL MADERA NATURAL 13X22,,,,,,,,,,,,,
,,,,,,,,,,,,,,
,Clave:,,MD0013,,,,Existencia:,,0,,,,,
,,,,,,,,,,,,,,
,Departamento:,,ACCESORIOS,,,,Precio:,,$ 250.00,,,,,
,,,,,,,,,,,,,,
,Categoría:,,CAJAS Y ESTUCHES,,,,,,,,,,,
,,,,,,,,,,,,,,
,,,,,,,,,,,,,,
,,,,,,,,,,,,,,
,CANASTA MIMBRE NATURAL 16X23,,,,,,,,,,,,,
,,,,,,,,,,,,,,
,Clave:,,MD0015,,,,Existencia:,,0,,,,,
,,,,,,,,,,,,,,
,Departamento:,,ACCESORIOS,,,,Precio:,,$ 160.00,,,,,
,,,,,,,,,,,,,,
,Categoría:,,CAJAS Y ESTUCHES,,,,,,,,,,,
,,,,,,,,,,,,,,
,,,,,,,,,,,,,,
,,,,,,,,,,,,,,
,BAUL MADERA CHICO XIAO,,,,,,,,,,,,,
,,,,,,,,,,,,,,
,Clave:,,MD0020,,,,Existencia:,,0,,,,,
,,,,,,,,,,,,,,
,Departamento:,,ACCESORIOS,,,,Precio:,,$ 50.00,,,,,
,,,,,,,,,,,,,,
,Categoría:,,CAJAS Y ESTUCHES,,,,,,,,,,,
,,,,,,,,,,,,,,
,,,,,,,,,,,,,,
,,,,,,,,,,,,,,
,BAUL MADERA MEDIANO XIAO,,,,,,,,,,,,,
,,,,,,,,,,,,,,
,Clave:,,MD0021,,,,Existencia:,,0,,,,,
,,,,,,,,,,,,,,
,Departamento:,,ACCESORIOS,,,,Precio:,,$ 75.00,,,,,
,,,,,,,,,,,,,,
,Categoría:,,CAJAS Y ESTUCHES,,,,,,,,,,,
,,,,,,,,,,,,,,
,,,,,,,,,,,,,,
,,,,,,,,,,,,,,
,NOMINA 3 %,,,,,,,,,,,,,
,,,,,,,,,,,,,,
,Clave:,,NOMINA,,,,Existencia:,,0,,,,,
,,,,,,,,,,,,,,
,Departamento:,,COBROS,,,,Precio:,,$ 1.00,,,,,
,,,,,,,,,,,,,,
,Categoría:,,NEGOCIO,,,,,,,,,,,
,,,,,,,,,,,,,,
,,,,,,,,,,,,,,
,,,,,,,,,,,,,,
,EQ. VESTIDO MARGARET 4 AL 6  M208,,,,,,,,,,,,,
,,,,,,,,,,,,,,
,Clave:,,PA0208,,,,Existencia:,,0,,,,,
,,,,,,,,,,,,,,
,Departamento:,,BAUTIZO NIÑA,,,,Precio:,,"$ 1,269.90",,,,,
,,,,,,,,,,,,,,
,Categoría:,,BATA,,,,,,,,,,,
,,,,,,,,,,,,,,
,,,,,,,,,,,,,,
,,,,,,,,,,,,,,
,PD0011  VESTIDO TANIA C/CAPA 3D,,,,,,,,,,,,,
,,,,,,,,,,,,,,
,Clave:,,PD0011,,,,Existencia:,,0,,,,,
,,,,,,,,,,,,,,
,Departamento:,,VESTIDOS,,,,Precio:,,"$ 1,699.90",,,,,
,,,,,,,,,,,,,,
,Categoría:,,PAJE,,,,,,,,,,,
,,,,,,,,,,,,,,
,,,,,,,,,,,,,,
,,,,,,,,,,,,,,
,PD0013  VESTIDO GRISELDA C/COLA 3D,,,,,,,,,,,,,
,,,,,,,,,,,,,,
,Clave:,,PD0013,,,,Existencia:,,0,,,,,
,,,,,,,,,,,,,,
,Departamento:,,VESTIDOS,,,,Precio:,,"$ 1,699.90",,,,,
,,,,,,,,,,,,,,
,Categoría:,,PAJE,,,,,,,,,,,
,,,,,,,,,,,,,,
,,,,,,,,,,,,,,
,,,,,,,,,,,,,,
,PD0014  VESTIDO ESPAÑOL VALENTINA,,,,,,,,,,,,,
,,,,,,,,,,,,,,
,Clave:,,PD0014,,,,Existencia:,,0,,,,,
,,,,,,,,,,,,,,
,Departamento:,,VESTIDOS,,,,Precio:,,"$ 1,499.90",,,,,
,,,,,,,,,,,,,,
,Categoría:,,PAJE,,,,,,,,,,,
,,,,,,,,,,,,,,
,,,,,,,,,,,,,,
,,,,,,,,,,,,,,
,PD-111 VESTIDO ARIATNA,,,,,,,,,,,,,
,,,,,,,,,,,,,,
,Clave:,,PD0111,,,,Existencia:,,0,,,,,
,,,,,,,,,,,,,,
,Departamento:,,VESTIDOS,,,,Precio:,,$ 739.90,,,,,
,,,,,,,,,,,,,,
,Categoría:,,PAJE,,,,,,,,,,,
,,,,,,,,,,,,,,
,,,,,,,,,,,,,,
,,,,,,,,,,,,,,
,PD-222 VESTIDO TUL PETALOS,,,,,,,,,,,,,
,,,,,,,,,,,,,,
,Clave:,,PD0222,,,,Existencia:,,0,,,,,
,,,,,,,,,,,,,,
,Departamento:,,VESTIDOS,,,,Precio:,,$ 649.90,,,,,
,,,,,,,,,,,,,,
,Categoría:,,PAJE,,,,,,,,,,,
,,,,,,,,,,,,,,
,,,,,,,,,,,,,,
,,,,,,,,,,,,,,
,PD0601  VESTIDO HADA BECCA,,,,,,,,,,,,,
,,,,,,,,,,,,,,
,Clave:,,PD0601,,,,Existencia:,,0,,,,,
,,,,,,,,,,,,,,
,Departamento:,,VESTIDOS,,,,Precio:,,"$ 1,399.90",,,,,
,,,,,,,,,,,,,,
,Categoría:,,PAJE,,,,,,,,,,,
,,,,,,,,,,,,,,
,,,,,,,,,,,,,,
,,,,,,,,,,,,,,
,PD0613  VESTIDO DOS FALDAS APLICACION LILIANA,,,,,,,,,,,,,
,,,,,,,,,,,,,,
,Clave:,,PD0613,,,,Existencia:,,0,,,,,
,,,,,,,,,,,,,,
,Departamento:,,VESTIDOS,,,,Precio:,,"$ 1,399.90",,,,,
,,,,,,,,,,,,,,
,Categoría:,,PAJE,,,,,,,,,,,
,,,,,,,,,,,,,,
,,,,,,,,,,,,,,
,,,,,,,,,,,,,,
,PD0963  VESTIDO UNICORNIO,,,,,,,,,,,,,
,,,,,,,,,,,,,,
,Clave:,,PD0963,,,,Existencia:,,0,,,,,
,,,,,,,,,,,,,,
,Departamento:,,VESTIDOS,,,,Precio:,,"$ 1,199.90",,,,,
,,,,,,,,,,,,,,
,Categoría:,,PAJE,,,,,,,,,,,
,,,,,,,,,,,,,,
,,,,,,,,,,,,,,
,,,,,,,,,,,,,,
,PD-966 VESTIDO PEDRERIA FOSFO,,,,,,,,,,,,,
,,,,,,,,,,,,,,
,Clave:,,PD0966,,,,Existencia:,,36,,,,,
,,,,,,,,,,,,,,
,Departamento:,,VESTIDOS,,,,Precio:,,$ 759.90,,,,,
,,,,,,,,,,,,,,
,Categoría:,,PAJE,,,,,,,,,,,
,,,,,,,,,,,,,,
,,,,,,,,,,,,,,
,,,,,,,,,,,,,,
,PD-982 VESTIDO TUL FALDA FLORES 3D,,,,,,,,,,,,,
,,,,,,,,,,,,,,
,Clave:,,PD0982,,,,Existencia:,,0,,,,,
,,,,,,,,,,,,,,
,Departamento:,,VESTIDOS,,,,Precio:,,$ 719.90,,,,,
,,,,,,,,,,,,,,
,Categoría:,,PAJE,,,,,,,,,,,
,,,,,,,,,,,,,,
,,,,,,,,,,,,,,
,,,,,,,,,,,,,,
,PD-1035 VESTIDO TUL ABANICO BROCHE,,,,,,,,,,,,,
,,,,,,,,,,,,,,
,Clave:,,PD1035,,,,Existencia:,,0,,,,,
,,,,,,,,,,,,,,
,Departamento:,,VESTIDOS,,,,Precio:,,$ 719.90,,,,,
,,,,,,,,,,,,,,
,Categoría:,,PAJE,,,,,,,,,,,
,,,,,,,,,,,,,,
,,,,,,,,,,,,,,
,,,,,,,,,,,,,,
,PD-1048 VESTIDO TUL GLADIS FANTACIA,,,,,,,,,,,,,
,,,,,,,,,,,,,,
,Clave:,,PD1048,,,,Existencia:,,0,,,,,
,,,,,,,,,,,,,,
,Departamento:,,VESTIDOS,,,,Precio:,,$ 759.90,,,,,
,,,,,,,,,,,,,,
,Categoría:,,PAJE,,,,,,,,,,,
,,,,,,,,,,,,,,
,,,,,,,,,,,,,,
,,,,,,,,,,,,,,
,PD3026  VESTIDO ZARINA MINI XV APLICACION DORADA,,,,,,,,,,,,,
,,,,,,,,,,,,,,
,Clave:,,PD3026,,,,Existencia:,,0,,,,,
,,,,,,,,,,,,,,
,Departamento:,,VESTIDOS,,,,Precio:,,"$ 1,399.90",,,,,
,,,,,,,,,,,,,,
,Categoría:,,PAJE,,,,,,,,,,,
,,,,,,,,,,,,,,
,,,,,,,,,,,,,,
,,,,,,,,,,,,,,
,PD3037  VESTIDO IRIS CON CAPA,,,,,,,,,,,,,
,,,,,,,,,,,,,,
,Clave:,,PD3037,,,,Existencia:,,0,,,,,
,,,,,,,,,,,,,,
,Departamento:,,VESTIDOS,,,,Precio:,,"$ 1,299.90",,,,,
,,,,,,,,,,,,,,
,Categoría:,,PAJE,,,,,,,,,,,
,,,,,,,,,,,,,,
,,,,,,,,,,,,,,
,,,,,,,,,,,,,,
,PD4070  VESTIDO MINI XV COLA MARIPOSA,,,,,,,,,,,,,
,,,,,,,,,,,,,,
,Clave:,,PD4070,,,,Existencia:,,0,,,,,
,,,,,,,,,,,,,,
,Departamento:,,VESTIDOS,,,,Precio:,,"$ 1,499.90",,,,,
,,,,,,,,,,,,,,
,Categoría:,,PAJE,,,,,,,,,,,
,,,,,,,,,,,,,,
,,,,,,,,,,,,,,
,,,,,,,,,,,,,,
,PD-M031 VESTIDO PEDRERIA FOSFO,,,,,,,,,,,,,
,,,,,,,,,,,,,,
,Clave:,,PDM031,,,,Existencia:,,0,,,,,
,,,,,,,,,,,,,,
,Departamento:,,VESTIDOS,,,,Precio:,,$ 759.90,,,,,
,,,,,,,,,,,,,,
,Categoría:,,PAJE,,,,,,,,,,,
,,,,,,,,,,,,,,
,,,,,,,,,,,,,,
,,,,,,,,,,,,,,
,PD-M032 VESTIDO TUL BRILLO ESCOTE,,,,,,,,,,,,,
,,,,,,,,,,,,,,
,Clave:,,PDM032,,,,Existencia:,,0,,,,,
,,,,,,,,,,,,,,
,Departamento:,,VESTIDOS,,,,Precio:,,$ 759.90,,,,,
,,,,,,,,,,,,,,
,Categoría:,,PAJE,,,,,,,,,,,
,,,,,,,,,,,,,,
,,,,,,,,,,,,,,
,,,,,,,,,,,,,,
,EQ. VESTIDO ALEXIA 2 AL 6 TIRA APLICACCION FALDA M110,,,,,,,,,,,,,
,,,,,,,,,,,,,,
,Clave:,,PR9110,,,,Existencia:,,0,,,,,
,,,,,,,,,,,,,,
,Departamento:,,BAUTIZO NIÑA,,,,Precio:,,"$ 1,059.90",,,,,
,,,,,,,,,,,,,,
,Categoría:,,BATA,,,,,,,,,,,
,,,,,,,,,,,,,,
,,,,,,,,,,,,,,
,,,,,,,,,,,,,,
,EQ. VESTIDO HANA 2 AL 6 PECHERA ROCOCO MANGA JAPONESA M112,,,,,,,,,,,,,
,,,,,,,,,,,,,,
,Clave:,,PR9113,,,,Existencia:,,0,,,,,
,,,,,,,,,,,,,,
,Departamento:,,BAUTIZO NIÑA,,,,Precio:,,$ 879.90,,,,,
,,,,,,,,,,,,,,
,Categoría:,,BATA,,,,,,,,,,,
,,,,,,,,,,,,,,
,,,,,,,,,,,,,,
,,,,,,,,,,,,,,
,EQ. VESTIDO PATRICIA 4 AL 6 COLA PATO M120,,,,,,,,,,,,,
,,,,,,,,,,,,,,
,Clave:,,PR9120,,,,Existencia:,,0,,,,,
,,,,,,,,,,,,,,
,Departamento:,,BAUTIZO NIÑA,,,,Precio:,,$ 969.90,,,,,
,,,,,,,,,,,,,,
,Categoría:,,BATA,,,,,,,,,,,
,,,,,,,,,,,,,,
,,,,,,,,,,,,,,
,,,,,,,,,,,,,,
,EQ. VESTIDO NASHIRA 2 AL 6  M135,,,,,,,,,,,,,
,,,,,,,,,,,,,,
,Clave:,,PR9135,,,,Existencia:,,0,,,,,
,,,,,,,,,,,,,,
,Departamento:,,BAUTIZO NIÑA,,,,Precio:,,"$ 1,139.90",,,,,
,,,,,,,,,,,,,,
,Categoría:,,BATA,,,,,,,,,,,
,,,,,,,,,,,,,,
,,,,,,,,,,,,,,
,,,,,,,,,,,,,,
,EQ. VESTIDO DELFINA  2 AL 6  M142,,,,,,,,,,,,,
,,,,,,,,,,,,,,
,Clave:,,PR9142,,,,Existencia:,,0,,,,,
,,,,,,,,,,,,,,
,Departamento:,,BAUTIZO NIÑA,,,,Precio:,,"$ 1,139.90",,,,,
,,,,,,,,,,,,,,
,Categoría:,,BATA,,,,,,,,,,,
,,,,,,,,,,,,,,
,,,,,,,,,,,,,,
,,,,,,,,,,,,,,
,CAMISA,,,,,,,,,,,,,
,,,,,,,,,,,,,,
,Clave:,,PRECAMISA,,,,Existencia:,,0,,,,,
,,,,,,,,,,,,,,
,Departamento:,,DIFERENCIAS,,,,Precio:,,$ 30.00,,,,,
,,,,,,,,,,,,,,
,Categoría:,,DIFERENCIAS ACCESORIOS,,,,,,,,,,,
,,,,,,,,,,,,,,
,,,,,,,,,,,,,,
,,,,,,,,,,,,,,
,CAMISA PALOMA,,,,,,,,,,,,,
,,,,,,,,,,,,,,
,Clave:,,PRECAMISAPALOMA,,,,Existencia:,,0,,,,,
,,,,,,,,,,,,,,
,Departamento:,,DIFERENCIAS,,,,Precio:,,$ 2.00,,,,,
,,,,,,,,,,,,,,
,Categoría:,,DIFERENCIAS ACCESORIOS,,,,,,,,,,,
,,,,,,,,,,,,,,
,,,,,,,,,,,,,,
,,,,,,,,,,,,,,
,EQ. VESTIDO 4 AL 6 MOD. PV3717 IRIS BORDADA A006,,,,,,,,,,,,,
,,,,,,,,,,,,,,
,Clave:,,PV3717,,,,Existencia:,,0,,,,,
,,,,,,,,,,,,,,
,Departamento:,,BAUTIZO NIÑA,,,,Precio:,,"$ 1,119.90",,,,,
,,,,,,,,,,,,,,
,Categoría:,,BATA,,,,,,,,,,,
,,,,,,,,,,,,,,
,,,,,,,,,,,,,,
,,,,,,,,,,,,,,
,EQ. VESTIDO 3 AL 6  MOD. PV3811 CLEOPATRA A011,,,,,,,,,,,,,
,,,,,,,,,,,,,,
,Clave:,,PV3811,,,,Existencia:,,0,,,,,
,,,,,,,,,,,,,,
,Departamento:,,BAUTIZO NIÑA,,,,Precio:,,$ 999.90,,,,,
,,,,,,,,,,,,,,
,Categoría:,,BATA,,,,,,,,,,,
,,,,,,,,,,,,,,
,,,,,,,,,,,,,,
,,,,,,,,,,,,,,
,EQ. VESTIDO LAURA PECHERA ROMBO 3 AL 6,,,,,,,,,,,,,
,,,,,,,,,,,,,,
,Clave:,,PV3822,,,,Existencia:,,0,,,,,
,,,,,,,,,,,,,,
,Departamento:,,BAUTIZO NIÑA,,,,Precio:,,$ 729.90,,,,,
,,,,,,,,,,,,,,
,Categoría:,,BATA,,,,,,,,,,,
,,,,,,,,,,,,,,
,,,,,,,,,,,,,,
,,,,,,,,,,,,,,
,BRAZALETE BORDADO,,,,,,,,,,,,,
,,,,,,,,,,,,,,
,Clave:,,QA0004,,,,Existencia:,,474,,,,,
,,,,,,,,,,,,,,
,Departamento:,,ACCESORIOS,,,,Precio:,,$ 65.00,,,,,
,,,,,,,,,,,,,,
,Categoría:,,COMUNION,,,,,,,,,,,
,,,,,,,,,,,,,,
,,,,,,,,,,,,,,
,,,,,,,,,,,,,,
,LIMOSNERO BORDADO,,,,,,,,,,,,,
,,,,,,,,,,,,,,
,Clave:,,QA0010,,,,Existencia:,,0,,,,,
,,,,,,,,,,,,,,
,Departamento:,,ACCESORIOS,,,,Precio:,,$ 65.00,,,,,
,,,,,,,,,,,,,,
,Categoría:,,COMUNION,,,,,,,,,,,
,,,,,,,,,,,,,,
,,,,,,,,,,,,,,
,,,,,,,,,,,,,,
,"CUBREBOCA SHANTUNG Ó RAZO IMAGEN, DIAMANTES O PERLAS",,,,,,,,,,,,,
,,,,,,,,,,,,,,
,Clave:,,QA0011,,,,Existencia:,,0,,,,,
,,,,,,,,,,,,,,
,Departamento:,,ACCESORIOS,,,,Precio:,,$ 50.00,,,,,
,,,,,,,,,,,,,,
,Categoría:,,COMUNION,,,,,,,,,,,
,,,,,,,,,,,,,,
,,,,,,,,,,,,,,
,,,,,,,,,,,,,,
,CUBREBOCA TECNO IMAGEN,,,,,,,,,,,,,
,,,,,,,,,,,,,,
,Clave:,,QA0013,,,,Existencia:,,0,,,,,
,,,,,,,,,,,,,,
,Departamento:,,ACCESORIOS,,,,Precio:,,$ 30.00,,,,,
,,,,,,,,,,,,,,
,Categoría:,,COMUNION,,,,,,,,,,,
,,,,,,,,,,,,,,
,,,,,,,,,,,,,,
,,,,,,,,,,,,,,
,CUBREBOCA FLORAL,,,,,,,,,,,,,
,,,,,,,,,,,,,,
,Clave:,,QA0015,,,,Existencia:,,0,,,,,
,,,,,,,,,,,,,,
,Departamento:,,ACCESORIOS,,,,Precio:,,$ 69.90,,,,,
,,,,,,,,,,,,,,
,Categoría:,,COMUNION,,,,,,,,,,,
,,,,,,,,,,,,,,
,,,,,,,,,,,,,,
,,,,,,,,,,,,,,
,CUBREBOCA LINO,,,,,,,,,,,,,
,,,,,,,,,,,,,,
,Clave:,,QA0017,,,,Existencia:,,0,,,,,
,,,,,,,,,,,,,,
,Departamento:,,ACCESORIOS,,,,Precio:,,$ 39.90,,,,,
,,,,,,,,,,,,,,
,Categoría:,,COMUNION,,,,,,,,,,,
,,,,,,,,,,,,,,
,,,,,,,,,,,,,,
,,,,,,,,,,,,,,
,CUBREBOCA CEREMONIA DOBLE TELA TECNO,,,,,,,,,,,,,
,,,,,,,,,,,,,,
,Clave:,,QA0019,,,,Existencia:,,0,,,,,
,,,,,,,,,,,,,,
,Departamento:,,ACCESORIOS,,,,Precio:,,$ 60.00,,,,,
,,,,,,,,,,,,,,
,Categoría:,,COMUNION,,,,,,,,,,,
,,,,,,,,,,,,,,
,,,,,,,,,,,,,,
,,,,,,,,,,,,,,
,CHARRETERA Y CORDON DE MANDO,,,,,,,,,,,,,
,,,,,,,,,,,,,,
,Clave:,,QA2002,,,,Existencia:,,0,,,,,
,,,,,,,,,,,,,,
,Departamento:,,ACCESORIOS,,,,Precio:,,$ 140.00,,,,,
,,,,,,,,,,,,,,
,Categoría:,,COMUNION,,,,,,,,,,,
,,,,,,,,,,,,,,
,,,,,,,,,,,,,,
,,,,,,,,,,,,,,
,CRINOLINA MINI MUÑECA,,,,,,,,,,,,,
,,,,,,,,,,,,,,
,Clave:,,QC0001,,,,Existencia:,,0,,,,,
,,,,,,,,,,,,,,
,Departamento:,,ACCESORIOS,,,,Precio:,,$ 30.00,,,,,
,,,,,,,,,,,,,,
,Categoría:,,COMUNION,,,,,,,,,,,
,,,,,,,,,,,,,,
,,,,,,,,,,,,,,
,,,,,,,,,,,,,,
,CRINOLINA PAJE CH.,,,,,,,,,,,,,
,,,,,,,,,,,,,,
,Clave:,,QC0002,,,,Existencia:,,4800,,,,,
,,,,,,,,,,,,,,
,Departamento:,,ACCESORIOS,,,,Precio:,,$ 65.00,,,,,
,,,,,,,,,,,,,,
,Categoría:,,COMUNION,,,,,,,,,,,
,,,,,,,,,,,,,,
,,,,,,,,,,,,,,
,,,,,,,,,,,,,,
,CRINOLINA COMUNIÓN MEDIANA,,,,,,,,,,,,,
,,,,,,,,,,,,,,
,Clave:,,QC0004,,,,Existencia:,,1200,,,,,
,,,,,,,,,,,,,,
,Departamento:,,ACCESORIOS,,,,Precio:,,$ 65.00,,,,,
,,,,,,,,,,,,,,
,Categoría:,,COMUNION,,,,,,,,,,,
,,,,,,,,,,,,,,
,,,,,,,,,,,,,,
,,,,,,,,,,,,,,
,CRINOLINA COMUNIÓN GRANDE,,,,,,,,,,,,,
,,,,,,,,,,,,,,
,Clave:,,QC0005,,,,Existencia:,,0,,,,,
,,,,,,,,,,,,,,
,Departamento:,,ACCESORIOS,,,,Precio:,,$ 65.00,,,,,
,,,,,,,,,,,,,,
,Categoría:,,COMUNION,,,,,,,,,,,
,,,,,,,,,,,,,,
,,,,,,,,,,,,,,
,,,,,,,,,,,,,,
,CRINOLINA FLEXIBLE PAJE,,,,,,,,,,,,,
,,,,,,,,,,,,,,
,Clave:,,QC0032,,,,Existencia:,,0,,,,,
,,,,,,,,,,,,,,
,Departamento:,,ACCESORIOS,,,,Precio:,,$ 79.90,,,,,
,,,,,,,,,,,,,,
,Categoría:,,COMUNION,,,,,,,,,,,
,,,,,,,,,,,,,,
,,,,,,,,,,,,,,
,,,,,,,,,,,,,,
,CRINOLINA FLEXIBLE COMUNION,,,,,,,,,,,,,
,,,,,,,,,,,,,,
,Clave:,,QC0034,,,,Existencia:,,0,,,,,
,,,,,,,,,,,,,,
,Departamento:,,ACCESORIOS,,,,Precio:,,$ 89.90,,,,,
,,,,,,,,,,,,,,
,Categoría:,,COMUNION,,,,,,,,,,,
,,,,,,,,,,,,,,
,,,,,,,,,,,,,,
,,,,,,,,,,,,,,
,CRINOLINA TUL CHICA,,,,,,,,,,,,,
,,,,,,,,,,,,,,
,Clave:,,QC4447,,,,Existencia:,,0,,,,,
,,,,,,,,,,,,,,
,Departamento:,,ACCESORIOS,,,,Precio:,,$ 140.00,,,,,
,,,,,,,,,,,,,,
,Categoría:,,COMUNION,,,,,,,,,,,
,,,,,,,,,,,,,,
,,,,,,,,,,,,,,
,,,,,,,,,,,,,,
,CRINOLINA TUL GRANDE,,,,,,,,,,,,,
,,,,,,,,,,,,,,
,Clave:,,QC4449,,,,Existencia:,,0,,,,,
,,,,,,,,,,,,,,
,Departamento:,,ACCESORIOS,,,,Precio:,,$ 140.00,,,,,
,,,,,,,,,,,,,,
,Categoría:,,COMUNION,,,,,,,,,,,
,,,,,,,,,,,,,,
,,,,,,,,,,,,,,
,,,,,,,,,,,,,,
,ESTUCHE N° 2 PLASTICO ROSARIO  45mm DIAMETRO,,,,,,,,,,,,,
,,,,,,,,,,,,,,
,Clave:,,QK0004,,,,Existencia:,,0,,,,,
,,,,,,,,,,,,,,
,Departamento:,,ACCESORIOS,,,,Precio:,,$ 6.00,,,,,
,,,,,,,,,,,,,,
,Categoría:,,VARIOS,,,,,,,,,,,
,,,,,,,,,,,,,,
,,,,,,,,,,,,,,
,,,,,,,,,,,,,,
,ESTUCHE N° 1 PLASTICO DECENARIO  33mm DIAMETRO,,,,,,,,,,,,,
,,,,,,,,,,,,,,
,Clave:,,QK0006,,,,Existencia:,,14157,,,,,
,,,,,,,,,,,,,,
,Departamento:,,ACCESORIOS,,,,Precio:,,$ 3.00,,,,,
,,,,,,,,,,,,,,
,Categoría:,,VARIOS,,,,,,,,,,,
,,,,,,,,,,,,,,
,,,,,,,,,,,,,,
,,,,,,,,,,,,,,
,ESTUCHE N° 3 PLASTICO ROSARIO  56mm DIAMETRO,,,,,,,,,,,,,
,,,,,,,,,,,,,,
,Clave:,,QK0008,,,,Existencia:,,0,,,,,
,,,,,,,,,,,,,,
,Departamento:,,ACCESORIOS,,,,Precio:,,$ 9.00,,,,,
,,,,,,,,,,,,,,
,Categoría:,,VARIOS,,,,,,,,,,,
,,,,,,,,,,,,,,
,,,,,,,,,,,,,,
,,,,,,,,,,,,,,
,ESTUCHE N° 4 PLASTICO ROSARIO  75mm DIAMETRO,,,,,,,,,,,,,
,,,,,,,,,,,,,,
,Clave:,,QK0010,,,,Existencia:,,0,,,,,
,,,,,,,,,,,,,,
,Departamento:,,ACCESORIOS,,,,Precio:,,$ 10.00,,,,,
,,,,,,,,,,,,,,
,Categoría:,,VARIOS,,,,,,,,,,,
,,,,,,,,,,,,,,
,,,,,,,,,,,,,,
,,,,,,,,,,,,,,
,BIBLIA ARTESANAL REPUJADO CHICA,,,,,,,,,,,,,
,,,,,,,,,,,,,,
,Clave:,,QL0002,,,,Existencia:,,0,,,,,
,,,,,,,,,,,,,,
,Departamento:,,ACCESORIOS,,,,Precio:,,$ 319.90,,,,,
,,,,,,,,,,,,,,
,Categoría:,,"LIBROS COMUNION, BAUTIZO, BODA, XV AÑOS",,,,,,,,,,,
,,,,,,,,,,,,,,
,,,,,,,,,,,,,,
,,,,,,,,,,,,,,
,BIBLIA LATINOAMERICANA GRANDE,,,,,,,,,,,,,
,,,,,,,,,,,,,,
,Clave:,,QL0004,,,,Existencia:,,0,,,,,
,,,,,,,,,,,,,,
,Departamento:,,ACCESORIOS,,,,Precio:,,$ 449.90,,,,,
,,,,,,,,,,,,,,
,Categoría:,,"LIBROS COMUNION, BAUTIZO, BODA, XV AÑOS",,,,,,,,,,,
,,,,,,,,,,,,,,
,,,,,,,,,,,,,,
,,,,,,,,,,,,,,
,BIBLIA LATINOAMERICANA CHICA,,,,,,,,,,,,,
,,,,,,,,,,,,,,
,Clave:,,QL0006,,,,Existencia:,,392,,,,,
,,,,,,,,,,,,,,
,Departamento:,,ACCESORIOS,,,,Precio:,,$ 240.00,,,,,
,,,,,,,,,,,,,,
,Categoría:,,"LIBROS COMUNION, BAUTIZO, BODA, XV AÑOS",,,,,,,,,,,
,,,,,,,,,,,,,,
,,,,,,,,,,,,,,
,,,,,,,,,,,,,,
,BIBLIA FORRADA ATLAS CHICA LATINOAMERICANA,,,,,,,,,,,,,
,,,,,,,,,,,,,,
,Clave:,,QL0009,,,,Existencia:,,0,,,,,
,,,,,,,,,,,,,,
,Departamento:,,ACCESORIOS,,,,Precio:,,$ 349.90,,,,,
,,,,,,,,,,,,,,
,Categoría:,,"LIBROS COMUNION, BAUTIZO, BODA, XV AÑOS",,,,,,,,,,,
,,,,,,,,,,,,,,
,,,,,,,,,,,,,,
,,,,,,,,,,,,,,
,BIBLIA CONFIRMACION LATINO,,,,,,,,,,,,,
,,,,,,,,,,,,,,
,Clave:,,QL0011,,,,Existencia:,,0,,,,,
,,,,,,,,,,,,,,
,Departamento:,,ACCESORIOS,,,,Precio:,,$ 219.90,,,,,
,,,,,,,,,,,,,,
,Categoría:,,"LIBROS COMUNION, BAUTIZO, BODA, XV AÑOS",,,,,,,,,,,
,,,,,,,,,,,,,,
,,,,,,,,,,,,,,
,,,,,,,,,,,,,,
,BIBLIA STRAUBINGER,,,,,,,,,,,,,
,,,,,,,,,,,,,,
,Clave:,,QL0012,,,,Existencia:,,400,,,,,
,,,,,,,,,,,,,,
,Departamento:,,ACCESORIOS,,,,Precio:,,$ 135.00,,,,,
,,,,,,,,,,,,,,
,Categoría:,,"LIBROS COMUNION, BAUTIZO, BODA, XV AÑOS",,,,,,,,,,,
,,,,,,,,,,,,,,
,,,,,,,,,,,,,,
,,,,,,,,,,,,,,
,BIBLIA DE AMERICA,,,,,,,,,,,,,
,,,,,,,,,,,,,,
,Clave:,,QL0013,,,,Existencia:,,0,,,,,
,,,,,,,,,,,,,,
,Departamento:,,ACCESORIOS,,,,Precio:,,$ 149.90,,,,,
,,,,,,,,,,,,,,
,Categoría:,,"LIBROS COMUNION, BAUTIZO, BODA, XV AÑOS",,,,,,,,,,,
,,,,,,,,,,,,,,
,,,,,,,,,,,,,,
,,,,,,,,,,,,,,
,LIBRO NUEVO TESTAMENTO ESTAMPA GRANDE,,,,,,,,,,,,,
,,,,,,,,,,,,,,
,Clave:,,QL0016,,,,Existencia:,,0,,,,,
,,,,,,,,,,,,,,
,Departamento:,,ACCESORIOS,,,,Precio:,,$ 65.00,,,,,
,,,,,,,,,,,,,,
,Categoría:,,"LIBROS COMUNION, BAUTIZO, BODA, XV AÑOS",,,,,,,,,,,
,,,,,,,,,,,,,,
,,,,,,,,,,,,,,
,,,,,,,,,,,,,,
,LIBRO NUEVO TESTAMENTO ESTAMPA CHICO,,,,,,,,,,,,,
,,,,,,,,,,,,,,
,Clave:,,QL0018,,,,Existencia:,,0,,,,,
,,,,,,,,,,,,,,
,Departamento:,,ACCESORIOS,,,,Precio:,,$ 25.90,,,,,
,,,,,,,,,,,,,,
,Categoría:,,"LIBROS COMUNION, BAUTIZO, BODA, XV AÑOS",,,,,,,,,,,
,,,,,,,,,,,,,,
,,,,,,,,,,,,,,
,,,,,,,,,,,,,,
,BIBLIA REPUJADO ECONOMICA GRANDE,,,,,,,,,,,,,
,,,,,,,,,,,,,,
,Clave:,,QL0022,,,,Existencia:,,48,,,,,
,,,,,,,,,,,,,,
,Departamento:,,ACCESORIOS,,,,Precio:,,$ 569.90,,,,,
,,,,,,,,,,,,,,
,Categoría:,,"LIBROS COMUNION, BAUTIZO, BODA, XV AÑOS",,,,,,,,,,,
,,,,,,,,,,,,,,
,,,,,,,,,,,,,,
,,,,,,,,,,,,,,
,BIBLIA REPUJADO ECONOMICA CHICA,,,,,,,,,,,,,
,,,,,,,,,,,,,,
,Clave:,,QL0033,,,,Existencia:,,114,,,,,
,,,,,,,,,,,,,,
,Departamento:,,ACCESORIOS,,,,Precio:,,$ 320.00,,,,,
,,,,,,,,,,,,,,
,Categoría:,,"LIBROS COMUNION, BAUTIZO, BODA, XV AÑOS",,,,,,,,,,,
,,,,,,,,,,,,,,
,,,,,,,,,,,,,,
,,,,,,,,,,,,,,
,BIBLIA GRANDE FORRADA VINIL 3D MDF LATINOAMERICANA,,,,,,,,,,,,,
,,,,,,,,,,,,,,
,Clave:,,QL0043,,,,Existencia:,,0,,,,,
,,,,,,,,,,,,,,
,Departamento:,,ACCESORIOS,,,,Precio:,,$ 969.90,,,,,
,,,,,,,,,,,,,,
,Categoría:,,"LIBROS COMUNION, BAUTIZO, BODA, XV AÑOS",,,,,,,,,,,
,,,,,,,,,,,,,,
,,,,,,,,,,,,,,
,,,,,,,,,,,,,,
,BIBLIA ARTESANAL REPUJADO GRANDE,,,,,,,,,,,,,
,,,,,,,,,,,,,,
,Clave:,,QL0044,,,,Existencia:,,0,,,,,
,,,,,,,,,,,,,,
,Departamento:,,ACCESORIOS,,,,Precio:,,$ 489.90,,,,,
,,,,,,,,,,,,,,
,Categoría:,,"LIBROS COMUNION, BAUTIZO, BODA, XV AÑOS",,,,,,,,,,,
,,,,,,,,,,,,,,
,,,,,,,,,,,,,,
,,,,,,,,,,,,,,
,BIBLIA FORRADA ALCATRAS CHICA LATINOAMERICANA,,,,,,,,,,,,,
,,,,,,,,,,,,,,
,Clave:,,QL0046,,,,Existencia:,,0,,,,,
,,,,,,,,,,,,,,
,Departamento:,,ACCESORIOS,,,,Precio:,,$ 399.90,,,,,
,,,,,,,,,,,,,,
,Categoría:,,"LIBROS COMUNION, BAUTIZO, BODA, XV AÑOS",,,,,,,,,,,
,,,,,,,,,,,,,,
,,,,,,,,,,,,,,
,,,,,,,,,,,,,,
,BIBLIA LATINOMEX,,,,,,,,,,,,,
,,,,,,,,,,,,,,
,Clave:,,QL0047,,,,Existencia:,,0,,,,,
,,,,,,,,,,,,,,
,Departamento:,,ACCESORIOS,,,,Precio:,,$ 135.00,,,,,
,,,,,,,,,,,,,,
,Categoría:,,"LIBROS COMUNION, BAUTIZO, BODA, XV AÑOS",,,,,,,,,,,
,,,,,,,,,,,,,,
,,,,,,,,,,,,,,
,,,,,,,,,,,,,,
,BIBLIA FORRADA AZAHAR GOTA  CHICA LATINOAMERICANA,,,,,,,,,,,,,
,,,,,,,,,,,,,,
,Clave:,,QL0049,,,,Existencia:,,0,,,,,
,,,,,,,,,,,,,,
,Departamento:,,ACCESORIOS,,,,Precio:,,$ 399.90,,,,,
,,,,,,,,,,,,,,
,Categoría:,,"LIBROS COMUNION, BAUTIZO, BODA, XV AÑOS",,,,,,,,,,,
,,,,,,,,,,,,,,
,,,,,,,,,,,,,,
,,,,,,,,,,,,,,
,BIBLIA FORRADA TRINIDAD REPUJADO GRANDE,,,,,,,,,,,,,
,,,,,,,,,,,,,,
,Clave:,,QL1143,,,,Existencia:,,0,,,,,
,,,,,,,,,,,,,,
,Departamento:,,ACCESORIOS,,,,Precio:,,$ 799.90,,,,,
,,,,,,,,,,,,,,
,Categoría:,,"LIBROS COMUNION, BAUTIZO, BODA, XV AÑOS",,,,,,,,,,,
,,,,,,,,,,,,,,
,,,,,,,,,,,,,,
,,,,,,,,,,,,,,
,BIBLIA FORRADA DIVINIDAD BODA GRANDE,,,,,,,,,,,,,
,,,,,,,,,,,,,,
,Clave:,,QL1147,,,,Existencia:,,0,,,,,
,,,,,,,,,,,,,,
,Departamento:,,ACCESORIOS,,,,Precio:,,$ 749.90,,,,,
,,,,,,,,,,,,,,
,Categoría:,,"LIBROS COMUNION, BAUTIZO, BODA, XV AÑOS",,,,,,,,,,,
,,,,,,,,,,,,,,
,,,,,,,,,,,,,,
,,,,,,,,,,,,,,
,BIBLIA FORRADA AZAHAR GOTA BODA GRANDE,,,,,,,,,,,,,
,,,,,,,,,,,,,,
,Clave:,,QL1149,,,,Existencia:,,0,,,,,
,,,,,,,,,,,,,,
,Departamento:,,ACCESORIOS,,,,Precio:,,$ 749.90,,,,,
,,,,,,,,,,,,,,
,Categoría:,,"LIBROS COMUNION, BAUTIZO, BODA, XV AÑOS",,,,,,,,,,,
,,,,,,,,,,,,,,
,,,,,,,,,,,,,,
,,,,,,,,,,,,,,
,BIBLIA MALLA REPUJADO CHICA,,,,,,,,,,,,,
,,,,,,,,,,,,,,
,Clave:,,QL1155,,,,Existencia:,,0,,,,,
,,,,,,,,,,,,,,
,Departamento:,,ACCESORIOS,,,,Precio:,,$ 309.90,,,,,
,,,,,,,,,,,,,,
,Categoría:,,"LIBROS COMUNION, BAUTIZO, BODA, XV AÑOS",,,,,,,,,,,
,,,,,,,,,,,,,,
,,,,,,,,,,,,,,
,,,,,,,,,,,,,,
,BIBLIA MALLA REPUJADO GRANDE,,,,,,,,,,,,,
,,,,,,,,,,,,,,
,Clave:,,QL1177,,,,Existencia:,,0,,,,,
,,,,,,,,,,,,,,
,Departamento:,,ACCESORIOS,,,,Precio:,,$ 569.90,,,,,
,,,,,,,,,,,,,,
,Categoría:,,"LIBROS COMUNION, BAUTIZO, BODA, XV AÑOS",,,,,,,,,,,
,,,,,,,,,,,,,,
,,,,,,,,,,,,,,
,,,,,,,,,,,,,,
,ALBUM CALIZ COMUNION MOD. 752,,,,,,,,,,,,,
,,,,,,,,,,,,,,
,Clave:,,QL9002,,,,Existencia:,,0,,,,,
,,,,,,,,,,,,,,
,Departamento:,,ACCESORIOS,,,,Precio:,,$ 159.90,,,,,
,,,,,,,,,,,,,,
,Categoría:,,"LIBROS COMUNION, BAUTIZO, BODA, XV AÑOS",,,,,,,,,,,
,,,,,,,,,,,,,,
,,,,,,,,,,,,,,
,,,,,,,,,,,,,,
,ALBUM ECO. 40 FOTOS MOD. 186-188-744-747-130,,,,,,,,,,,,,
,,,,,,,,,,,,,,
,Clave:,,QL9004,,,,Existencia:,,0,,,,,
,,,,,,,,,,,,,,
,Departamento:,,ACCESORIOS,,,,Precio:,,$ 95.50,,,,,
,,,,,,,,,,,,,,
,Categoría:,,"LIBROS COMUNION, BAUTIZO, BODA, XV AÑOS",,,,,,,,,,,
,,,,,,,,,,,,,,
,,,,,,,,,,,,,,
,,,,,,,,,,,,,,
,ALBUM PORTADA 100 FOTOS MOD. 180,,,,,,,,,,,,,
,,,,,,,,,,,,,,
,Clave:,,QL9006,,,,Existencia:,,0,,,,,
,,,,,,,,,,,,,,
,Departamento:,,ACCESORIOS,,,,Precio:,,$ 139.90,,,,,
,,,,,,,,,,,,,,
,Categoría:,,"LIBROS COMUNION, BAUTIZO, BODA, XV AÑOS",,,,,,,,,,,
,,,,,,,,,,,,,,
,,,,,,,,,,,,,,
,,,,,,,,,,,,,,
,ROSARIO ECONOMICO CHAQUIRON Ó PERLA,,,,,,,,,,,,,
,,,,,,,,,,,,,,
,Clave:,,QR0011,,,,Existencia:,,720,,,,,
,,,,,,,,,,,,,,
,Departamento:,,ACCESORIOS,,,,Precio:,,$ 19.90,,,,,
,,,,,,,,,,,,,,
,Categoría:,,ROSARIOS,,,,,,,,,,,
,,,,,,,,,,,,,,
,,,,,,,,,,,,,,
,,,,,,,,,,,,,,
,ROSARIO FINA PIEDRA C/CHAQUIRON,,,,,,,,,,,,,
,,,,,,,,,,,,,,
,Clave:,,QR0022,,,,Existencia:,,1642,,,,,
,,,,,,,,,,,,,,
,Departamento:,,ACCESORIOS,,,,Precio:,,$ 45.00,,,,,
,,,,,,,,,,,,,,
,Categoría:,,ROSARIOS,,,,,,,,,,,
,,,,,,,,,,,,,,
,,,,,,,,,,,,,,
,,,,,,,,,,,,,,
,ROSARIO CASCADA,,,,,,,,,,,,,
,,,,,,,,,,,,,,
,Clave:,,QR0033,,,,Existencia:,,207,,,,,
,,,,,,,,,,,,,,
,Departamento:,,ACCESORIOS,,,,Precio:,,$ 55.00,,,,,
,,,,,,,,,,,,,,
,Categoría:,,ROSARIOS,,,,,,,,,,,
,,,,,,,,,,,,,,
,,,,,,,,,,,,,,
,,,,,,,,,,,,,,
,ROSARIO CASQUILLO,,,,,,,,,,,,,
,,,,,,,,,,,,,,
,Clave:,,QR0044,,,,Existencia:,,47,,,,,
,,,,,,,,,,,,,,
,Departamento:,,ACCESORIOS,,,,Precio:,,$ 75.00,,,,,
,,,,,,,,,,,,,,
,Categoría:,,ROSARIOS,,,,,,,,,,,
,,,,,,,,,,,,,,
,,,,,,,,,,,,,,
,,,,,,,,,,,,,,
,ROSARIO CRISTAL CORTADO,,,,,,,,,,,,,
,,,,,,,,,,,,,,
,Clave:,,QR0055,,,,Existencia:,,542,,,,,
,,,,,,,,,,,,,,
,Departamento:,,ACCESORIOS,,,,Precio:,,$ 95.00,,,,,
,,,,,,,,,,,,,,
,Categoría:,,ROSARIOS,,,,,,,,,,,
,,,,,,,,,,,,,,
,,,,,,,,,,,,,,
,,,,,,,,,,,,,,
,ROSARIO SAN PEDRO,,,,,,,,,,,,,
,,,,,,,,,,,,,,
,Clave:,,QR0063,,,,Existencia:,,0,,,,,
,,,,,,,,,,,,,,
,Departamento:,,ACCESORIOS,,,,Precio:,,$ 130.00,,,,,
,,,,,,,,,,,,,,
,Categoría:,,ROSARIOS,,,,,,,,,,,
,,,,,,,,,,,,,,
,,,,,,,,,,,,,,
,,,,,,,,,,,,,,
,ROSARIO DIAMANTE CHISPA CHICA # 6,,,,,,,,,,,,,
,,,,,,,,,,,,,,
,Clave:,,QR0066,,,,Existencia:,,0,,,,,
,,,,,,,,,,,,,,
,Departamento:,,ACCESORIOS,,,,Precio:,,$ 119.90,,,,,
,,,,,,,,,,,,,,
,Categoría:,,ROSARIOS,,,,,,,,,,,
,,,,,,,,,,,,,,
,,,,,,,,,,,,,,
,,,,,,,,,,,,,,
,ROSARIO BALIN,,,,,,,,,,,,,
,,,,,,,,,,,,,,
,Clave:,,QR0077,,,,Existencia:,,0,,,,,
,,,,,,,,,,,,,,
,Departamento:,,ACCESORIOS,,,,Precio:,,$ 60.00,,,,,
,,,,,,,,,,,,,,
,Categoría:,,ROSARIOS,,,,,,,,,,,
,,,,,,,,,,,,,,
,,,,,,,,,,,,,,
,,,,,,,,,,,,,,
,ROSARIO MADERA,,,,,,,,,,,,,
,,,,,,,,,,,,,,
,Clave:,,QR0088,,,,Existencia:,,0,,,,,
,,,,,,,,,,,,,,
,Departamento:,,ACCESORIOS,,,,Precio:,,$ 17.00,,,,,
,,,,,,,,,,,,,,
,Categoría:,,ROSARIOS,,,,,,,,,,,
,,,,,,,,,,,,,,
,,,,,,,,,,,,,,
,,,,,,,,,,,,,,
,ROSARIO OPAL,,,,,,,,,,,,,
,,,,,,,,,,,,,,
,Clave:,,QR0094,,,,Existencia:,,0,,,,,
,,,,,,,,,,,,,,
,Departamento:,,ACCESORIOS,,,,Precio:,,$ 110.00,,,,,
,,,,,,,,,,,,,,
,Categoría:,,ROSARIOS,,,,,,,,,,,
,,,,,,,,,,,,,,
,,,,,,,,,,,,,,
,,,,,,,,,,,,,,
,ROSARIO DIAMANTE CHISPA GRANDE # 8,,,,,,,,,,,,,
,,,,,,,,,,,,,,
,Clave:,,QR0096,,,,Existencia:,,0,,,,,
,,,,,,,,,,,,,,
,Departamento:,,ACCESORIOS,,,,Precio:,,$ 149.90,,,,,
,,,,,,,,,,,,,,
,Categoría:,,ROSARIOS,,,,,,,,,,,
,,,,,,,,,,,,,,
,,,,,,,,,,,,,,
,,,,,,,,,,,,,,
,ROSARIO LUZ,,,,,,,,,,,,,
,,,,,,,,,,,,,,
,Clave:,,QR0099,,,,Existencia:,,0,,,,,
,,,,,,,,,,,,,,
,Departamento:,,ACCESORIOS,,,,Precio:,,$ 90.00,,,,,
,,,,,,,,,,,,,,
,Categoría:,,ROSARIOS,,,,,,,,,,,
,,,,,,,,,,,,,,
,,,,,,,,,,,,,,
,,,,,,,,,,,,,,
,ROSARIO REPUJADO C/CHAQUIRON,,,,,,,,,,,,,
,,,,,,,,,,,,,,
,Clave:,,QR2200,,,,Existencia:,,0,,,,,
,,,,,,,,,,,,,,
,Departamento:,,ACCESORIOS,,,,Precio:,,$ 70.00,,,,,
,,,,,,,,,,,,,,
,Categoría:,,ROSARIOS,,,,,,,,,,,
,,,,,,,,,,,,,,
,,,,,,,,,,,,,,
,,,,,,,,,,,,,,
,TOCADO C/VELO DIAMANTE,,,,,,,,,,,,,
,,,,,,,,,,,,,,
,Clave:,,QT0048,,,,Existencia:,,0,,,,,
,,,,,,,,,,,,,,
,Departamento:,,CORONAS,,,,Precio:,,$ 199.90,,,,,
,,,,,,,,,,,,,,
,Categoría:,,CORONA COMUNION,,,,,,,,,,,
,,,,,,,,,,,,,,
,,,,,,,,,,,,,,
,,,,,,,,,,,,,,
,VELO DOBLE BLANCO COLA DE RATA,,,,,,,,,,,,,
,,,,,,,,,,,,,,
,Clave:,,QV0002,,,,Existencia:,,0,,,,,
,,,,,,,,,,,,,,
,Departamento:,,ACCESORIOS,,,,Precio:,,$ 65.00,,,,,
,,,,,,,,,,,,,,
,Categoría:,,COMUNION,,,,,,,,,,,
,,,,,,,,,,,,,,
,,,,,,,,,,,,,,
,,,,,,,,,,,,,,
,VELO DOBLE BEIGE COLA DE RATA,,,,,,,,,,,,,
,,,,,,,,,,,,,,
,Clave:,,QV0008,,,,Existencia:,,0,,,,,
,,,,,,,,,,,,,,
,Departamento:,,ACCESORIOS,,,,Precio:,,$ 65.00,,,,,
,,,,,,,,,,,,,,
,Categoría:,,COMUNION,,,,,,,,,,,
,,,,,,,,,,,,,,
,,,,,,,,,,,,,,
,,,,,,,,,,,,,,
,CORONA C/VELO PERLAS TEJIDA,,,,,,,,,,,,,
,,,,,,,,,,,,,,
,Clave:,,QV1022,,,,Existencia:,,254,,,,,
,,,,,,,,,,,,,,
,Departamento:,,CORONAS,,,,Precio:,,$ 259.90,,,,,
,,,,,,,,,,,,,,
,Categoría:,,CORONA COMUNION,,,,,,,,,,,
,,,,,,,,,,,,,,
,,,,,,,,,,,,,,
,,,,,,,,,,,,,,
,CORONA C/VELO RUT,,,,,,,,,,,,,
,,,,,,,,,,,,,,
,Clave:,,QV2013,,,,Existencia:,,0,,,,,
,,,,,,,,,,,,,,
,Departamento:,,CORONAS,,,,Precio:,,$ 259.90,,,,,
,,,,,,,,,,,,,,
,Categoría:,,CORONA COMUNION,,,,,,,,,,,
,,,,,,,,,,,,,,
,,,,,,,,,,,,,,
,,,,,,,,,,,,,,
,EQ. BOMBACHO CHAPARRAL CHARRO  O AL 3 CON SOMBRERO,,,,,,,,,,,,,
,,,,,,,,,,,,,,
,Clave:,,RB0205,,,,Existencia:,,0,,,,,
,,,,,,,,,,,,,,
,Departamento:,,BAUTIZO NIÑO,,,,Precio:,,$ 999.90,,,,,
,,,,,,,,,,,,,,
,Categoría:,,TRAJECITO,,,,,,,,,,,
,,,,,,,,,,,,,,
,,,,,,,,,,,,,,
,,,,,,,,,,,,,,
,EQ. BOMBACHO PAÑALERO BEBE MANTA BORDADO,,,,,,,,,,,,,
,,,,,,,,,,,,,,
,Clave:,,RB1901,,,,Existencia:,,0,,,,,
,,,,,,,,,,,,,,
,Departamento:,,BAUTIZO NIÑO,,,,Precio:,,$ 449.90,,,,,
,,,,,,,,,,,,,,
,Categoría:,,BOMBACHO,,,,,,,,,,,
,,,,,,,,,,,,,,
,,,,,,,,,,,,,,
,,,,,,,,,,,,,,
,EQ. NIKER CHARMIN,,,,,,,,,,,,,
,,,,,,,,,,,,,,
,Clave:,,RB5002,,,,Existencia:,,0,,,,,
,,,,,,,,,,,,,,
,Departamento:,,BAUTIZO NIÑO,,,,Precio:,,$ 689.90,,,,,
,,,,,,,,,,,,,,
,Categoría:,,BOMBACHO,,,,,,,,,,,
,,,,,,,,,,,,,,
,,,,,,,,,,,,,,
,,,,,,,,,,,,,,
,EQ. BAMBAM  MOD. 39 BOMBACHO,,,,,,,,,,,,,
,,,,,,,,,,,,,,
,Clave:,,RB5004,,,,Existencia:,,0,,,,,
,,,,,,,,,,,,,,
,Departamento:,,BAUTIZO NIÑO,,,,Precio:,,$ 489.90,,,,,
,,,,,,,,,,,,,,
,Categoría:,,BOMBACHO,,,,,,,,,,,
,,,,,,,,,,,,,,
,,,,,,,,,,,,,,
,,,,,,,,,,,,,,
,EQ. ZIGZAG DIAMANTE BOMBACHO,,,,,,,,,,,,,
,,,,,,,,,,,,,,
,Clave:,,RB5006,,,,Existencia:,,99,,,,,
,,,,,,,,,,,,,,
,Departamento:,,BAUTIZO NIÑO,,,,Precio:,,$ 589.90,,,,,
,,,,,,,,,,,,,,
,Categoría:,,BOMBACHO,,,,,,,,,,,
,,,,,,,,,,,,,,
,,,,,,,,,,,,,,
,,,,,,,,,,,,,,
,EQ. KEVIN BOMBACHO,,,,,,,,,,,,,
,,,,,,,,,,,,,,
,Clave:,,RB5007,,,,Existencia:,,219,,,,,
,,,,,,,,,,,,,,
,Departamento:,,BAUTIZO NIÑO,,,,Precio:,,$ 589.90,,,,,
,,,,,,,,,,,,,,
,Categoría:,,BOMBACHO,,,,,,,,,,,
,,,,,,,,,,,,,,
,,,,,,,,,,,,,,
,,,,,,,,,,,,,,
,EQ. RACIMO BOMBACHO,,,,,,,,,,,,,
,,,,,,,,,,,,,,
,Clave:,,RB5008,,,,Existencia:,,0,,,,,
,,,,,,,,,,,,,,
,Departamento:,,BAUTIZO NIÑO,,,,Precio:,,$ 479.90,,,,,
,,,,,,,,,,,,,,
,Categoría:,,BOMBACHO,,,,,,,,,,,
,,,,,,,,,,,,,,
,,,,,,,,,,,,,,
,,,,,,,,,,,,,,
,EQ. CRUZ UVAS BOMBACHO,,,,,,,,,,,,,
,,,,,,,,,,,,,,
,Clave:,,RB5010,,,,Existencia:,,0,,,,,
,,,,,,,,,,,,,,
,Departamento:,,BAUTIZO NIÑO,,,,Precio:,,$ 479.90,,,,,
,,,,,,,,,,,,,,
,Categoría:,,BOMBACHO,,,,,,,,,,,
,,,,,,,,,,,,,,
,,,,,,,,,,,,,,
,,,,,,,,,,,,,,
,EQ. ESPIRITU SANTO BOMBACHO,,,,,,,,,,,,,
,,,,,,,,,,,,,,
,Clave:,,RB5011,,,,Existencia:,,359,,,,,
,,,,,,,,,,,,,,
,Departamento:,,BAUTIZO NIÑO,,,,Precio:,,$ 599.90,,,,,
,,,,,,,,,,,,,,
,Categoría:,,BOMBACHO,,,,,,,,,,,
,,,,,,,,,,,,,,
,,,,,,,,,,,,,,
,,,,,,,,,,,,,,
,EQ. CRUZ EGIPCIA BOMBACHO,,,,,,,,,,,,,
,,,,,,,,,,,,,,
,Clave:,,RB5012,,,,Existencia:,,0,,,,,
,,,,,,,,,,,,,,
,Departamento:,,BAUTIZO NIÑO,,,,Precio:,,$ 479.90,,,,,
,,,,,,,,,,,,,,
,Categoría:,,BOMBACHO,,,,,,,,,,,
,,,,,,,,,,,,,,
,,,,,,,,,,,,,,
,,,,,,,,,,,,,,
,EQ. LISTON TEJIDO BOMBACHO,,,,,,,,,,,,,
,,,,,,,,,,,,,,
,Clave:,,RB5013,,,,Existencia:,,54,,,,,
,,,,,,,,,,,,,,
,Departamento:,,BAUTIZO NIÑO,,,,Precio:,,$ 559.90,,,,,
,,,,,,,,,,,,,,
,Categoría:,,BOMBACHO,,,,,,,,,,,
,,,,,,,,,,,,,,
,,,,,,,,,,,,,,
,,,,,,,,,,,,,,
,EQ. JONATHAN BOMBACHO,,,,,,,,,,,,,
,,,,,,,,,,,,,,
,Clave:,,RB5014,,,,Existencia:,,0,,,,,
,,,,,,,,,,,,,,
,Departamento:,,BAUTIZO NIÑO,,,,Precio:,,$ 589.90,,,,,
,,,,,,,,,,,,,,
,Categoría:,,BOMBACHO,,,,,,,,,,,
,,,,,,,,,,,,,,
,,,,,,,,,,,,,,
,,,,,,,,,,,,,,
,EQ. EDUARDO´S,,,,,,,,,,,,,
,,,,,,,,,,,,,,
,Clave:,,RB5017,,,,Existencia:,,0,,,,,
,,,,,,,,,,,,,,
,Departamento:,,BAUTIZO NIÑO,,,,Precio:,,$ 549.90,,,,,
,,,,,,,,,,,,,,
,Categoría:,,BOMBACHO,,,,,,,,,,,
,,,,,,,,,,,,,,
,,,,,,,,,,,,,,
,,,,,,,,,,,,,,
,EQ. JULIO BOMBACHO,,,,,,,,,,,,,
,,,,,,,,,,,,,,
,Clave:,,RB5018,,,,Existencia:,,1079,,,,,
,,,,,,,,,,,,,,
,Departamento:,,BAUTIZO NIÑO,,,,Precio:,,$ 655.90,,,,,
,,,,,,,,,,,,,,
,Categoría:,,BOMBACHO,,,,,,,,,,,
,,,,,,,,,,,,,,
,,,,,,,,,,,,,,
,,,,,,,,,,,,,,
,EQ. ELEGANTS BOMBACHO,,,,,,,,,,,,,
,,,,,,,,,,,,,,
,Clave:,,RB5019,,,,Existencia:,,0,,,,,
,,,,,,,,,,,,,,
,Departamento:,,BAUTIZO NIÑO,,,,Precio:,,$ 549.90,,,,,
,,,,,,,,,,,,,,
,Categoría:,,BOMBACHO,,,,,,,,,,,
,,,,,,,,,,,,,,
,,,,,,,,,,,,,,
,,,,,,,,,,,,,,
,EQ. JHS VIRGEN BOMBACHO,,,,,,,,,,,,,
,,,,,,,,,,,,,,
,Clave:,,RB5020,,,,Existencia:,,174,,,,,
,,,,,,,,,,,,,,
,Departamento:,,BAUTIZO NIÑO,,,,Precio:,,$ 589.90,,,,,
,,,,,,,,,,,,,,
,Categoría:,,BOMBACHO,,,,,,,,,,,
,,,,,,,,,,,,,,
,,,,,,,,,,,,,,
,,,,,,,,,,,,,,
,EQ. YAEL BOMBACHO,,,,,,,,,,,,,
,,,,,,,,,,,,,,
,Clave:,,RB5022,,,,Existencia:,,481,,,,,
,,,,,,,,,,,,,,
,Departamento:,,BAUTIZO NIÑO,,,,Precio:,,$ 589.90,,,,,
,,,,,,,,,,,,,,
,Categoría:,,BOMBACHO,,,,,,,,,,,
,,,,,,,,,,,,,,
,,,,,,,,,,,,,,
,,,,,,,,,,,,,,
,EQ. BALTASAR  BOMBACHO ECO.,,,,,,,,,,,,,
,,,,,,,,,,,,,,
,Clave:,,RB5023,,,,Existencia:,,0,,,,,
,,,,,,,,,,,,,,
,Departamento:,,BAUTIZO NIÑO,,,,Precio:,,$ 599.90,,,,,
,,,,,,,,,,,,,,
,Categoría:,,BOMBACHO,,,,,,,,,,,
,,,,,,,,,,,,,,
,,,,,,,,,,,,,,
,,,,,,,,,,,,,,
,EQ. ESPEJO PERLITAS BOMBACHO,,,,,,,,,,,,,
,,,,,,,,,,,,,,
,Clave:,,RB5024,,,,Existencia:,,700,,,,,
,,,,,,,,,,,,,,
,Departamento:,,BAUTIZO NIÑO,,,,Precio:,,$ 655.90,,,,,
,,,,,,,,,,,,,,
,Categoría:,,BOMBACHO,,,,,,,,,,,
,,,,,,,,,,,,,,
,,,,,,,,,,,,,,
,,,,,,,,,,,,,,
,EQ. ALEXIS BOMBACHO C/PORTATRAJE VELA DIFERENCIA 80,,,,,,,,,,,,,
,,,,,,,,,,,,,,
,Clave:,,RB5047,,,,Existencia:,,0,,,,,
,,,,,,,,,,,,,,
,Departamento:,,BAUTIZO NIÑO,,,,Precio:,,$ 849.90,,,,,
,,,,,,,,,,,,,,
,Categoría:,,BOMBACHO,,,,,,,,,,,
,,,,,,,,,,,,,,
,,,,,,,,,,,,,,
,,,,,,,,,,,,,,
,EQ. VICTOR BOMBACHO C/PORTATRAJE VELA DIFERENCIA 80,,,,,,,,,,,,,
,,,,,,,,,,,,,,
,Clave:,,RB5049,,,,Existencia:,,0,,,,,
,,,,,,,,,,,,,,
,Departamento:,,BAUTIZO NIÑO,,,,Precio:,,$ 849.90,,,,,
,,,,,,,,,,,,,,
,Categoría:,,BOMBACHO,,,,,,,,,,,
,,,,,,,,,,,,,,
,,,,,,,,,,,,,,
,,,,,,,,,,,,,,
,EQ. ROPON DESMONTABLE  MOD. 95 BOMBACHO,,,,,,,,,,,,,
,,,,,,,,,,,,,,
,Clave:,,RB5095,,,,Existencia:,,0,,,,,
,,,,,,,,,,,,,,
,Departamento:,,BAUTIZO NIÑO,,,,Precio:,,$ 569.90,,,,,
,,,,,,,,,,,,,,
,Categoría:,,BOMBACHO,,,,,,,,,,,
,,,,,,,,,,,,,,
,,,,,,,,,,,,,,
,,,,,,,,,,,,,,
,EQ. EXODO  MOD. 96 BOMBACHO,,,,,,,,,,,,,
,,,,,,,,,,,,,,
,Clave:,,RB5096,,,,Existencia:,,0,,,,,
,,,,,,,,,,,,,,
,Departamento:,,BAUTIZO NIÑO,,,,Precio:,,$ 529.90,,,,,
,,,,,,,,,,,,,,
,Categoría:,,BOMBACHO,,,,,,,,,,,
,,,,,,,,,,,,,,
,,,,,,,,,,,,,,
,,,,,,,,,,,,,,
,EQ. BOMBACHO  OBISPO C/CAPA PT,,,,,,,,,,,,,
,,,,,,,,,,,,,,
,Clave:,,RB9117,,,,Existencia:,,0,,,,,
,,,,,,,,,,,,,,
,Departamento:,,BAUTIZO NIÑO,,,,Precio:,,$ 999.90,,,,,
,,,,,,,,,,,,,,
,Categoría:,,BOMBACHO,,,,,,,,,,,
,,,,,,,,,,,,,,
,,,,,,,,,,,,,,
,,,,,,,,,,,,,,
,EQ. BOMBACHO PICUETA ROMBO PERLAS,,,,,,,,,,,,,
,,,,,,,,,,,,,,
,Clave:,,RB9121,,,,Existencia:,,0,,,,,
,,,,,,,,,,,,,,
,Departamento:,,BAUTIZO NIÑO,,,,Precio:,,$ 999.90,,,,,
,,,,,,,,,,,,,,
,Categoría:,,BOMBACHO,,,,,,,,,,,
,,,,,,,,,,,,,,
,,,,,,,,,,,,,,
,,,,,,,,,,,,,,
,EQ. CHARRO BOMBACHO CON SOMBRERO,,,,,,,,,,,,,
,,,,,,,,,,,,,,
,Clave:,,RB9947,,,,Existencia:,,0,,,,,
,,,,,,,,,,,,,,
,Departamento:,,BAUTIZO NIÑO,,,,Precio:,,"$ 1,869.90",,,,,
,,,,,,,,,,,,,,
,Categoría:,,BOMBACHO,,,,,,,,,,,
,,,,,,,,,,,,,,
,,,,,,,,,,,,,,
,,,,,,,,,,,,,,
,EQ. FRAC BROCADO RAZO,,,,,,,,,,,,,
,,,,,,,,,,,,,,
,Clave:,,RC1002,,,,Existencia:,,0,,,,,
,,,,,,,,,,,,,,
,Departamento:,,BAUTIZO NIÑO,,,,Precio:,,$ 349.90,,,,,
,,,,,,,,,,,,,,
,Categoría:,,TRAJECITO,,,,,,,,,,,
,,,,,,,,,,,,,,
,,,,,,,,,,,,,,
,,,,,,,,,,,,,,
,EQ. FRAC JUAN DIEGO RAZO,,,,,,,,,,,,,
,,,,,,,,,,,,,,
,Clave:,,RC1004,,,,Existencia:,,0,,,,,
,,,,,,,,,,,,,,
,Departamento:,,BAUTIZO NIÑO,,,,Precio:,,$ 389.90,,,,,
,,,,,,,,,,,,,,
,Categoría:,,TRAJECITO,,,,,,,,,,,
,,,,,,,,,,,,,,
,,,,,,,,,,,,,,
,,,,,,,,,,,,,,
,EQ. FRAC VIRGEN RAZO,,,,,,,,,,,,,
,,,,,,,,,,,,,,
,Clave:,,RC1006,,,,Existencia:,,0,,,,,
,,,,,,,,,,,,,,
,Departamento:,,BAUTIZO NIÑO,,,,Precio:,,$ 389.90,,,,,
,,,,,,,,,,,,,,
,Categoría:,,TRAJECITO,,,,,,,,,,,
,,,,,,,,,,,,,,
,,,,,,,,,,,,,,
,,,,,,,,,,,,,,
,EQ. TRAJE SEBASTIANNY RECTO BORDADO BEBE 0 Al 6,,,,,,,,,,,,,
,,,,,,,,,,,,,,
,Clave:,,RC3102,,,,Existencia:,,0,,,,,
,,,,,,,,,,,,,,
,Departamento:,,TRAJES,,,,Precio:,,$ 669.90,,,,,
,,,,,,,,,,,,,,
,Categoría:,,TRAJES DE GALA,,,,,,,,,,,
,,,,,,,,,,,,,,
,,,,,,,,,,,,,,
,,,,,,,,,,,,,,
,EQ. MARINERO  0 AL 4,,,,,,,,,,,,,
,,,,,,,,,,,,,,
,Clave:,,RC9947,,,,Existencia:,,495,,,,,
,,,,,,,,,,,,,,
,Departamento:,,BAUTIZO NIÑO,,,,Precio:,,$ 420.00,,,,,
,,,,,,,,,,,,,,
,Categoría:,,TRAJECITO,,,,,,,,,,,
,,,,,,,,,,,,,,
,,,,,,,,,,,,,,
,,,,,,,,,,,,,,
,EQ. MOD. 203 ROPON UVAS ECO.,,,,,,,,,,,,,
,,,,,,,,,,,,,,
,Clave:,,RE0203,,,,Existencia:,,0,,,,,
,,,,,,,,,,,,,,
,Departamento:,,BAUTIZO NIÑO,,,,Precio:,,$ 549.90,,,,,
,,,,,,,,,,,,,,
,Categoría:,,ROPON,,,,,,,,,,,
,,,,,,,,,,,,,,
,,,,,,,,,,,,,,
,,,,,,,,,,,,,,
,EQ. MOD. 403 ROPON SOTANA ESTOLA GUAYABERA,,,,,,,,,,,,,
,,,,,,,,,,,,,,
,Clave:,,RE0403,,,,Existencia:,,0,,,,,
,,,,,,,,,,,,,,
,Departamento:,,BAUTIZO NIÑO,,,,Precio:,,$ 599.90,,,,,
,,,,,,,,,,,,,,
,Categoría:,,ROPON,,,,,,,,,,,
,,,,,,,,,,,,,,
,,,,,,,,,,,,,,
,,,,,,,,,,,,,,
,EQ. MOD. 407 ROPON PONTIFICE,,,,,,,,,,,,,
,,,,,,,,,,,,,,
,Clave:,,RE0407,,,,Existencia:,,0,,,,,
,,,,,,,,,,,,,,
,Departamento:,,BAUTIZO NIÑO,,,,Precio:,,$ 619.90,,,,,
,,,,,,,,,,,,,,
,Categoría:,,ROPON,,,,,,,,,,,
,,,,,,,,,,,,,,
,,,,,,,,,,,,,,
,,,,,,,,,,,,,,
,EQ. MOD. 424 ROPON MONAGUILLO CORBATA,,,,,,,,,,,,,
,,,,,,,,,,,,,,
,Clave:,,RE0424,,,,Existencia:,,0,,,,,
,,,,,,,,,,,,,,
,Departamento:,,BAUTIZO NIÑO,,,,Precio:,,$ 539.90,,,,,
,,,,,,,,,,,,,,
,Categoría:,,ROPON,,,,,,,,,,,
,,,,,,,,,,,,,,
,,,,,,,,,,,,,,
,,,,,,,,,,,,,,
,EQ. FLAME GUAYABERA LINO 0 AL 6,,,,,,,,,,,,,
,,,,,,,,,,,,,,
,Clave:,,RG2002,,,,Existencia:,,0,,,,,
,,,,,,,,,,,,,,
,Departamento:,,BAUTIZO NIÑO,,,,Precio:,,$ 449.90,,,,,
,,,,,,,,,,,,,,
,Categoría:,,TRAJECITO,,,,,,,,,,,
,,,,,,,,,,,,,,
,,,,,,,,,,,,,,
,,,,,,,,,,,,,,
,EQ. GUAYABERA LINO PICUE 0 AL 4 M107,,,,,,,,,,,,,
,,,,,,,,,,,,,,
,Clave:,,RG2107,,,,Existencia:,,150,,,,,
,,,,,,,,,,,,,,
,Departamento:,,GUAYABERA,,,,Precio:,,$ 569.90,,,,,
,,,,,,,,,,,,,,
,Categoría:,,CONJUNTOS,,,,,,,,,,,
,,,,,,,,,,,,,,
,,,,,,,,,,,,,,
,,,,,,,,,,,,,,
,EQ. MOD. M115 GUAYABERA LINO BRINQUITOS MAYA 0 AL 4 XM0115,,,,,,,,,,,,,
,,,,,,,,,,,,,,
,Clave:,,RG2115,,,,Existencia:,,0,,,,,
,,,,,,,,,,,,,,
,Departamento:,,GUAYABERA,,,,Precio:,,$ 589.90,,,,,
,,,,,,,,,,,,,,
,Categoría:,,CONJUNTOS,,,,,,,,,,,
,,,,,,,,,,,,,,
,,,,,,,,,,,,,,
,,,,,,,,,,,,,,
,EQ. LINO TIRANTES 0 AL 4 M117,,,,,,,,,,,,,
,,,,,,,,,,,,,,
,Clave:,,RG2117,,,,Existencia:,,120,,,,,
,,,,,,,,,,,,,,
,Departamento:,,GUAYABERA,,,,Precio:,,$ 569.90,,,,,
,,,,,,,,,,,,,,
,Categoría:,,CONJUNTOS,,,,,,,,,,,
,,,,,,,,,,,,,,
,,,,,,,,,,,,,,
,,,,,,,,,,,,,,
,EQ. MEDIEVAL CHALECO LINO 0 AL 4 M532,,,,,,,,,,,,,
,,,,,,,,,,,,,,
,Clave:,,RG2532,,,,Existencia:,,0,,,,,
,,,,,,,,,,,,,,
,Departamento:,,GUAYABERA,,,,Precio:,,$ 679.90,,,,,
,,,,,,,,,,,,,,
,Categoría:,,CONJUNTOS,,,,,,,,,,,
,,,,,,,,,,,,,,
,,,,,,,,,,,,,,
,,,,,,,,,,,,,,
,EQ. ESCOCES CHALECO LINO 0 AL 4 M533,,,,,,,,,,,,,
,,,,,,,,,,,,,,
,Clave:,,RG2533,,,,Existencia:,,0,,,,,
,,,,,,,,,,,,,,
,Departamento:,,GUAYABERA,,,,Precio:,,$ 679.90,,,,,
,,,,,,,,,,,,,,
,Categoría:,,CONJUNTOS,,,,,,,,,,,
,,,,,,,,,,,,,,
,,,,,,,,,,,,,,
,,,,,,,,,,,,,,
,EQ. MAU TIRANTES LINO 0 AL 4 M534,,,,,,,,,,,,,
,,,,,,,,,,,,,,
,Clave:,,RG2534,,,,Existencia:,,0,,,,,
,,,,,,,,,,,,,,
,Departamento:,,GUAYABERA,,,,Precio:,,$ 679.90,,,,,
,,,,,,,,,,,,,,
,Categoría:,,CONJUNTOS,,,,,,,,,,,
,,,,,,,,,,,,,,
,,,,,,,,,,,,,,
,,,,,,,,,,,,,,
,EQ. GUAYABERA LINO KARINA 0 AL 4,,,,,,,,,,,,,
,,,,,,,,,,,,,,
,Clave:,,RG2910,,,,Existencia:,,0,,,,,
,,,,,,,,,,,,,,
,Departamento:,,BAUTIZO NIÑO,,,,Precio:,,$ 435.90,,,,,
,,,,,,,,,,,,,,
,Categoría:,,TRAJECITO,,,,,,,,,,,
,,,,,,,,,,,,,,
,,,,,,,,,,,,,,
,,,,,,,,,,,,,,
,EQ. GUAYABERA LINO MAYA KARINA 0 AL 4,,,,,,,,,,,,,
,,,,,,,,,,,,,,
,Clave:,,RG2919,,,,Existencia:,,0,,,,,
,,,,,,,,,,,,,,
,Departamento:,,BAUTIZO NIÑO,,,,Precio:,,$ 439.90,,,,,
,,,,,,,,,,,,,,
,Categoría:,,TRAJECITO,,,,,,,,,,,
,,,,,,,,,,,,,,
,,,,,,,,,,,,,,
,,,,,,,,,,,,,,
,EQ. MANTA GUAYABERA 0 AL 6,,,,,,,,,,,,,
,,,,,,,,,,,,,,
,Clave:,,RG3002,,,,Existencia:,,0,,,,,
,,,,,,,,,,,,,,
,Departamento:,,BAUTIZO NIÑO,,,,Precio:,,$ 395.90,,,,,
,,,,,,,,,,,,,,
,Categoría:,,TRAJECITO,,,,,,,,,,,
,,,,,,,,,,,,,,
,,,,,,,,,,,,,,
,,,,,,,,,,,,,,
,EQ. ALFORZA MOD. 53 GUAYABERA MANTA 0 AL 04 RG5002,,,,,,,,,,,,,
,,,,,,,,,,,,,,
,Clave:,,RG3053,,,,Existencia:,,615,,,,,
,,,,,,,,,,,,,,
,Departamento:,,BAUTIZO NIÑO,,,,Precio:,,$ 439.90,,,,,
,,,,,,,,,,,,,,
,Categoría:,,TRAJECITO,,,,,,,,,,,
,,,,,,,,,,,,,,
,,,,,,,,,,,,,,
,,,,,,,,,,,,,,
,EQ. PICUETA MOD. 107 GUAYABERA MANTA 0 AL 4,,,,,,,,,,,,,
,,,,,,,,,,,,,,
,Clave:,,RG3107,,,,Existencia:,,965,,,,,
,,,,,,,,,,,,,,
,Departamento:,,BAUTIZO NIÑO,,,,Precio:,,$ 439.90,,,,,
,,,,,,,,,,,,,,
,Categoría:,,TRAJECITO,,,,,,,,,,,
,,,,,,,,,,,,,,
,,,,,,,,,,,,,,
,,,,,,,,,,,,,,
,EQ. ATENAS MOD. 108 GUAYABERA MANTA 0 AL 4,,,,,,,,,,,,,
,,,,,,,,,,,,,,
,Clave:,,RG3108,,,,Existencia:,,0,,,,,
,,,,,,,,,,,,,,
,Departamento:,,BAUTIZO NIÑO,,,,Precio:,,$ 289.90,,,,,
,,,,,,,,,,,,,,
,Categoría:,,TRAJECITO,,,,,,,,,,,
,,,,,,,,,,,,,,
,,,,,,,,,,,,,,
,,,,,,,,,,,,,,
,EQ. GUAYABERA MANTA KARINA 0 AL 4,,,,,,,,,,,,,
,,,,,,,,,,,,,,
,Clave:,,RG3911,,,,Existencia:,,0,,,,,
,,,,,,,,,,,,,,
,Departamento:,,BAUTIZO NIÑO,,,,Precio:,,$ 415.90,,,,,
,,,,,,,,,,,,,,
,Categoría:,,TRAJECITO,,,,,,,,,,,
,,,,,,,,,,,,,,
,,,,,,,,,,,,,,
,,,,,,,,,,,,,,
,EQ. DACRON GUAYABERA 0 AL 6,,,,,,,,,,,,,
,,,,,,,,,,,,,,
,Clave:,,RG4002,,,,Existencia:,,0,,,,,
,,,,,,,,,,,,,,
,Departamento:,,BAUTIZO NIÑO,,,,Precio:,,$ 349.90,,,,,
,,,,,,,,,,,,,,
,Categoría:,,TRAJECITO,,,,,,,,,,,
,,,,,,,,,,,,,,
,,,,,,,,,,,,,,
,,,,,,,,,,,,,,
,GUAYABERA LINO PICUE 6 AL 8 M107,,,,,,,,,,,,,
,,,,,,,,,,,,,,
,Clave:,,RG6107,,,,Existencia:,,0,,,,,
,,,,,,,,,,,,,,
,Departamento:,,GUAYABERA,,,,Precio:,,$ 469.90,,,,,
,,,,,,,,,,,,,,
,Categoría:,,CONJUNTOS,,,,,,,,,,,
,,,,,,,,,,,,,,
,,,,,,,,,,,,,,
,,,,,,,,,,,,,,
,GUAYABERA LINO BRINQUITOS MAYA TALLA 6 AL 8 MOD. M115,,,,,,,,,,,,,
,,,,,,,,,,,,,,
,Clave:,,RG6115,,,,Existencia:,,0,,,,,
,,,,,,,,,,,,,,
,Departamento:,,GUAYABERA,,,,Precio:,,$ 489.90,,,,,
,,,,,,,,,,,,,,
,Categoría:,,CONJUNTOS,,,,,,,,,,,
,,,,,,,,,,,,,,
,,,,,,,,,,,,,,
,,,,,,,,,,,,,,
,LINO TIRANTES 6 AL 8 M117,,,,,,,,,,,,,
,,,,,,,,,,,,,,
,Clave:,,RG6117,,,,Existencia:,,0,,,,,
,,,,,,,,,,,,,,
,Departamento:,,GUAYABERA,,,,Precio:,,$ 490.00,,,,,
,,,,,,,,,,,,,,
,Categoría:,,CONJUNTOS,,,,,,,,,,,
,,,,,,,,,,,,,,
,,,,,,,,,,,,,,
,,,,,,,,,,,,,,
,EQ. MEDALLON NIKER,,,,,,,,,,,,,
,,,,,,,,,,,,,,
,Clave:,,RN0011,,,,Existencia:,,0,,,,,
,,,,,,,,,,,,,,
,Departamento:,,BAUTIZO NIÑO,,,,Precio:,,$ 709.90,,,,,
,,,,,,,,,,,,,,
,Categoría:,,BOMBACHO,,,,,,,,,,,
,,,,,,,,,,,,,,
,,,,,,,,,,,,,,
,,,,,,,,,,,,,,
,EQ. ROMBEADA NIKER,,,,,,,,,,,,,
,,,,,,,,,,,,,,
,Clave:,,RN0013,,,,Existencia:,,0,,,,,
,,,,,,,,,,,,,,
,Departamento:,,BAUTIZO NIÑO,,,,Precio:,,$ 709.90,,,,,
,,,,,,,,,,,,,,
,Categoría:,,BOMBACHO,,,,,,,,,,,
,,,,,,,,,,,,,,
,,,,,,,,,,,,,,
,,,,,,,,,,,,,,
,EQ. MANDIL NIKER,,,,,,,,,,,,,
,,,,,,,,,,,,,,
,Clave:,,RN0015,,,,Existencia:,,0,,,,,
,,,,,,,,,,,,,,
,Departamento:,,BAUTIZO NIÑO,,,,Precio:,,$ 709.90,,,,,
,,,,,,,,,,,,,,
,Categoría:,,BOMBACHO,,,,,,,,,,,
,,,,,,,,,,,,,,
,,,,,,,,,,,,,,
,,,,,,,,,,,,,,
,EQ. DIAMANTE NIKER,,,,,,,,,,,,,
,,,,,,,,,,,,,,
,Clave:,,RN0017,,,,Existencia:,,0,,,,,
,,,,,,,,,,,,,,
,Departamento:,,BAUTIZO NIÑO,,,,Precio:,,$ 709.90,,,,,
,,,,,,,,,,,,,,
,Categoría:,,BOMBACHO,,,,,,,,,,,
,,,,,,,,,,,,,,
,,,,,,,,,,,,,,
,,,,,,,,,,,,,,
,EQ. RUEDITAS NIKER,,,,,,,,,,,,,
,,,,,,,,,,,,,,
,Clave:,,RN0019,,,,Existencia:,,0,,,,,
,,,,,,,,,,,,,,
,Departamento:,,BAUTIZO NIÑO,,,,Precio:,,$ 709.90,,,,,
,,,,,,,,,,,,,,
,Categoría:,,BOMBACHO,,,,,,,,,,,
,,,,,,,,,,,,,,
,,,,,,,,,,,,,,
,,,,,,,,,,,,,,
,EQ. EDEN CRISTAL TEJIDO NIKER CON VELA CIRIO,,,,,,,,,,,,,
,,,,,,,,,,,,,,
,Clave:,,RN0127,,,,Existencia:,,0,,,,,
,,,,,,,,,,,,,,
,Departamento:,,BAUTIZO NIÑO,,,,Precio:,,$ 889.90,,,,,
,,,,,,,,,,,,,,
,Categoría:,,BOMBACHO,,,,,,,,,,,
,,,,,,,,,,,,,,
,,,,,,,,,,,,,,
,,,,,,,,,,,,,,
,EQ. NIKER MATIAS PERLAS CON VELA CIRIO,,,,,,,,,,,,,
,,,,,,,,,,,,,,
,Clave:,,RN0131,,,,Existencia:,,0,,,,,
,,,,,,,,,,,,,,
,Departamento:,,BAUTIZO NIÑO,,,,Precio:,,$ 859.90,,,,,
,,,,,,,,,,,,,,
,Categoría:,,BOMBACHO,,,,,,,,,,,
,,,,,,,,,,,,,,
,,,,,,,,,,,,,,
,,,,,,,,,,,,,,
,EQ. PAYASITO CHAMPAGNE NIKER CON VELA CIRIO,,,,,,,,,,,,,
,,,,,,,,,,,,,,
,Clave:,,RN0140,,,,Existencia:,,0,,,,,
,,,,,,,,,,,,,,
,Departamento:,,BAUTIZO NIÑO,,,,Precio:,,$ 579.90,,,,,
,,,,,,,,,,,,,,
,Categoría:,,BOMBACHO,,,,,,,,,,,
,,,,,,,,,,,,,,
,,,,,,,,,,,,,,
,,,,,,,,,,,,,,
,EQ. NIKER OMAR CRUZ PALOMA CON VELA CIRIO,,,,,,,,,,,,,
,,,,,,,,,,,,,,
,Clave:,,RN0144,,,,Existencia:,,0,,,,,
,,,,,,,,,,,,,,
,Departamento:,,BAUTIZO NIÑO,,,,Precio:,,$ 889.90,,,,,
,,,,,,,,,,,,,,
,Categoría:,,BOMBACHO,,,,,,,,,,,
,,,,,,,,,,,,,,
,,,,,,,,,,,,,,
,,,,,,,,,,,,,,
,EQ. NIKER HASAN CRUZ JHS CON VELA CIRIO,,,,,,,,,,,,,
,,,,,,,,,,,,,,
,Clave:,,RN0147,,,,Existencia:,,0,,,,,
,,,,,,,,,,,,,,
,Departamento:,,BAUTIZO NIÑO,,,,Precio:,,$ 889.90,,,,,
,,,,,,,,,,,,,,
,Categoría:,,BOMBACHO,,,,,,,,,,,
,,,,,,,,,,,,,,
,,,,,,,,,,,,,,
,,,,,,,,,,,,,,
,EQ. PAYASO CAQUI NIKER C/PORTATRAJE VELA DIFERENCIA 80,,,,,,,,,,,,,
,,,,,,,,,,,,,,
,Clave:,,RN0164,,,,Existencia:,,0,,,,,
,,,,,,,,,,,,,,
,Departamento:,,BAUTIZO NIÑO,,,,Precio:,,$ 649.90,,,,,
,,,,,,,,,,,,,,
,Categoría:,,BOMBACHO,,,,,,,,,,,
,,,,,,,,,,,,,,
,,,,,,,,,,,,,,
,,,,,,,,,,,,,,
,EQ. PALOMA NIKER,,,,,,,,,,,,,
,,,,,,,,,,,,,,
,Clave:,,RN5461,,,,Existencia:,,0,,,,,
,,,,,,,,,,,,,,
,Departamento:,,BAUTIZO NIÑO,,,,Precio:,,$ 709.90,,,,,
,,,,,,,,,,,,,,
,Categoría:,,BOMBACHO,,,,,,,,,,,
,,,,,,,,,,,,,,
,,,,,,,,,,,,,,
,,,,,,,,,,,,,,
,EQ. AURA NIKER,,,,,,,,,,,,,
,,,,,,,,,,,,,,
,Clave:,,RN5463,,,,Existencia:,,0,,,,,
,,,,,,,,,,,,,,
,Departamento:,,BAUTIZO NIÑO,,,,Precio:,,$ 789.90,,,,,
,,,,,,,,,,,,,,
,Categoría:,,BOMBACHO,,,,,,,,,,,
,,,,,,,,,,,,,,
,,,,,,,,,,,,,,
,,,,,,,,,,,,,,
,EQ. VIRGEN DE GUADALUPE DIAMANTE NIKER,,,,,,,,,,,,,
,,,,,,,,,,,,,,
,Clave:,,RN5465,,,,Existencia:,,0,,,,,
,,,,,,,,,,,,,,
,Departamento:,,BAUTIZO NIÑO,,,,Precio:,,$ 719.90,,,,,
,,,,,,,,,,,,,,
,Categoría:,,BOMBACHO,,,,,,,,,,,
,,,,,,,,,,,,,,
,,,,,,,,,,,,,,
,,,,,,,,,,,,,,
,EQ. RENACER DIAMANTE NIKER,,,,,,,,,,,,,
,,,,,,,,,,,,,,
,Clave:,,RN5466,,,,Existencia:,,0,,,,,
,,,,,,,,,,,,,,
,Departamento:,,BAUTIZO NIÑO,,,,Precio:,,$ 649.90,,,,,
,,,,,,,,,,,,,,
,Categoría:,,BOMBACHO,,,,,,,,,,,
,,,,,,,,,,,,,,
,,,,,,,,,,,,,,
,,,,,,,,,,,,,,
,EQ. BOMBACHO PAPAL SILIUS NIKER,,,,,,,,,,,,,
,,,,,,,,,,,,,,
,Clave:,,RN5901,,,,Existencia:,,0,,,,,
,,,,,,,,,,,,,,
,Departamento:,,BAUTIZO NIÑO,,,,Precio:,,"$ 1,139.90",,,,,
,,,,,,,,,,,,,,
,Categoría:,,BOMBACHO,,,,,,,,,,,
,,,,,,,,,,,,,,
,,,,,,,,,,,,,,
,,,,,,,,,,,,,,
,EQ. PRINCIPITO GALA IVORY NIKER,,,,,,,,,,,,,
,,,,,,,,,,,,,,
,Clave:,,RN5903,,,,Existencia:,,0,,,,,
,,,,,,,,,,,,,,
,Departamento:,,BAUTIZO NIÑO,,,,Precio:,,"$ 1,399.90",,,,,
,,,,,,,,,,,,,,
,Categoría:,,BOMBACHO,,,,,,,,,,,
,,,,,,,,,,,,,,
,,,,,,,,,,,,,,
,,,,,,,,,,,,,,
,EQ. PRINCIPITO SULTAN NIKER,,,,,,,,,,,,,
,,,,,,,,,,,,,,
,Clave:,,RN5905,,,,Existencia:,,0,,,,,
,,,,,,,,,,,,,,
,Departamento:,,BAUTIZO NIÑO,,,,Precio:,,"$ 1,399.90",,,,,
,,,,,,,,,,,,,,
,Categoría:,,BOMBACHO,,,,,,,,,,,
,,,,,,,,,,,,,,
,,,,,,,,,,,,,,
,,,,,,,,,,,,,,
,EQ. BOMBACHO CRUZ SANTIAGO NIKER,,,,,,,,,,,,,
,,,,,,,,,,,,,,
,Clave:,,RN5907,,,,Existencia:,,0,,,,,
,,,,,,,,,,,,,,
,Departamento:,,BAUTIZO NIÑO,,,,Precio:,,"$ 1,139.90",,,,,
,,,,,,,,,,,,,,
,Categoría:,,BOMBACHO,,,,,,,,,,,
,,,,,,,,,,,,,,
,,,,,,,,,,,,,,
,,,,,,,,,,,,,,
,EQ. BOMBACHO CRUZ CELESTIAL NIKER,,,,,,,,,,,,,
,,,,,,,,,,,,,,
,Clave:,,RN5909,,,,Existencia:,,0,,,,,
,,,,,,,,,,,,,,
,Departamento:,,BAUTIZO NIÑO,,,,Precio:,,"$ 1,199.90",,,,,
,,,,,,,,,,,,,,
,Categoría:,,BOMBACHO,,,,,,,,,,,
,,,,,,,,,,,,,,
,,,,,,,,,,,,,,
,,,,,,,,,,,,,,
,EQ. BOMBACHO  CRUZ SAN ANDRES NIKER,,,,,,,,,,,,,
,,,,,,,,,,,,,,
,Clave:,,RN5911,,,,Existencia:,,0,,,,,
,,,,,,,,,,,,,,
,Departamento:,,BAUTIZO NIÑO,,,,Precio:,,"$ 1,139.90",,,,,
,,,,,,,,,,,,,,
,Categoría:,,BOMBACHO,,,,,,,,,,,
,,,,,,,,,,,,,,
,,,,,,,,,,,,,,
,,,,,,,,,,,,,,
,EQ. BOMBACHO CRUZ JACOB NIKER,,,,,,,,,,,,,
,,,,,,,,,,,,,,
,Clave:,,RN5913,,,,Existencia:,,0,,,,,
,,,,,,,,,,,,,,
,Departamento:,,BAUTIZO NIÑO,,,,Precio:,,"$ 1,269.90",,,,,
,,,,,,,,,,,,,,
,Categoría:,,BOMBACHO,,,,,,,,,,,
,,,,,,,,,,,,,,
,,,,,,,,,,,,,,
,,,,,,,,,,,,,,
,EQ. BOMBACHO CRUZ JULIAN NIKER,,,,,,,,,,,,,
,,,,,,,,,,,,,,
,Clave:,,RN5915,,,,Existencia:,,0,,,,,
,,,,,,,,,,,,,,
,Departamento:,,BAUTIZO NIÑO,,,,Precio:,,"$ 1,269.90",,,,,
,,,,,,,,,,,,,,
,Categoría:,,BOMBACHO,,,,,,,,,,,
,,,,,,,,,,,,,,
,,,,,,,,,,,,,,
,,,,,,,,,,,,,,
,EQ. BOMBACHO CRUZ SIMON NIKER,,,,,,,,,,,,,
,,,,,,,,,,,,,,
,Clave:,,RN5916,,,,Existencia:,,0,,,,,
,,,,,,,,,,,,,,
,Departamento:,,BAUTIZO NIÑO,,,,Precio:,,"$ 1,199.90",,,,,
,,,,,,,,,,,,,,
,Categoría:,,BOMBACHO,,,,,,,,,,,
,,,,,,,,,,,,,,
,,,,,,,,,,,,,,
,,,,,,,,,,,,,,
,EQ. PRINCIPITO BARON NIKER,,,,,,,,,,,,,
,,,,,,,,,,,,,,
,Clave:,,RN5917,,,,Existencia:,,0,,,,,
,,,,,,,,,,,,,,
,Departamento:,,BAUTIZO NIÑO,,,,Precio:,,"$ 1,439.90",,,,,
,,,,,,,,,,,,,,
,Categoría:,,BOMBACHO,,,,,,,,,,,
,,,,,,,,,,,,,,
,,,,,,,,,,,,,,
,,,,,,,,,,,,,,
,EQ. PRINCIPITO CONDE NIKER,,,,,,,,,,,,,
,,,,,,,,,,,,,,
,Clave:,,RN5919,,,,Existencia:,,0,,,,,
,,,,,,,,,,,,,,
,Departamento:,,BAUTIZO NIÑO,,,,Precio:,,"$ 1,439.90",,,,,
,,,,,,,,,,,,,,
,Categoría:,,BOMBACHO,,,,,,,,,,,
,,,,,,,,,,,,,,
,,,,,,,,,,,,,,
,,,,,,,,,,,,,,
,EQ. BOMBACHO CRUZ ESTOLA MALLA NIKER,,,,,,,,,,,,,
,,,,,,,,,,,,,,
,Clave:,,RN5989,,,,Existencia:,,0,,,,,
,,,,,,,,,,,,,,
,Departamento:,,BAUTIZO NIÑO,,,,Precio:,,"$ 1,369.90",,,,,
,,,,,,,,,,,,,,
,Categoría:,,BOMBACHO,,,,,,,,,,,
,,,,,,,,,,,,,,
,,,,,,,,,,,,,,
,,,,,,,,,,,,,,
,EQ. BOMBACHO CRUZ SAUL GALON DIAGONAL NIKER,,,,,,,,,,,,,
,,,,,,,,,,,,,,
,Clave:,,RN5990,,,,Existencia:,,0,,,,,
,,,,,,,,,,,,,,
,Departamento:,,BAUTIZO NIÑO,,,,Precio:,,"$ 1,369.90",,,,,
,,,,,,,,,,,,,,
,Categoría:,,BOMBACHO,,,,,,,,,,,
,,,,,,,,,,,,,,
,,,,,,,,,,,,,,
,,,,,,,,,,,,,,
,EQ. BOMBACHO CRUZ ZACARIAS 3 GALONES NIKER,,,,,,,,,,,,,
,,,,,,,,,,,,,,
,Clave:,,RN5992,,,,Existencia:,,0,,,,,
,,,,,,,,,,,,,,
,Departamento:,,BAUTIZO NIÑO,,,,Precio:,,"$ 1,369.90",,,,,
,,,,,,,,,,,,,,
,Categoría:,,BOMBACHO,,,,,,,,,,,
,,,,,,,,,,,,,,
,,,,,,,,,,,,,,
,,,,,,,,,,,,,,
,EQ. NIL NIKER TUNICA CRUZ DIAMANTE,,,,,,,,,,,,,
,,,,,,,,,,,,,,
,Clave:,,RN5994,,,,Existencia:,,0,,,,,
,,,,,,,,,,,,,,
,Departamento:,,BAUTIZO NIÑO,,,,Precio:,,$ 559.90,,,,,
,,,,,,,,,,,,,,
,Categoría:,,BOMBACHO,,,,,,,,,,,
,,,,,,,,,,,,,,
,,,,,,,,,,,,,,
,,,,,,,,,,,,,,
,EQ. URIEL NIKER TUNICA ROMBOS,,,,,,,,,,,,,
,,,,,,,,,,,,,,
,Clave:,,RN5996,,,,Existencia:,,0,,,,,
,,,,,,,,,,,,,,
,Departamento:,,BAUTIZO NIÑO,,,,Precio:,,$ 559.90,,,,,
,,,,,,,,,,,,,,
,Categoría:,,BOMBACHO,,,,,,,,,,,
,,,,,,,,,,,,,,
,,,,,,,,,,,,,,
,,,,,,,,,,,,,,
,EQ. OTTO NIKER ESTOLAS,,,,,,,,,,,,,
,,,,,,,,,,,,,,
,Clave:,,RN5998,,,,Existencia:,,0,,,,,
,,,,,,,,,,,,,,
,Departamento:,,BAUTIZO NIÑO,,,,Precio:,,$ 559.90,,,,,
,,,,,,,,,,,,,,
,Categoría:,,BOMBACHO,,,,,,,,,,,
,,,,,,,,,,,,,,
,,,,,,,,,,,,,,
,,,,,,,,,,,,,,
,EQ. ROPON NIKER PAPAL GALA C/CAPA,,,,,,,,,,,,,
,,,,,,,,,,,,,,
,Clave:,,RN5999,,,,Existencia:,,0,,,,,
,,,,,,,,,,,,,,
,Departamento:,,BAUTIZO NIÑO,,,,Precio:,,"$ 2,999.90",,,,,
,,,,,,,,,,,,,,
,Categoría:,,BOMBACHO,,,,,,,,,,,
,,,,,,,,,,,,,,
,,,,,,,,,,,,,,
,,,,,,,,,,,,,,
,EQ. TURCO NIKER LINO TIRANTES 0 AL 4 M136,,,,,,,,,,,,,
,,,,,,,,,,,,,,
,Clave:,,RN9136,,,,Existencia:,,0,,,,,
,,,,,,,,,,,,,,
,Departamento:,,GUAYABERA,,,,Precio:,,$ 649.90,,,,,
,,,,,,,,,,,,,,
,Categoría:,,CONJUNTOS,,,,,,,,,,,
,,,,,,,,,,,,,,
,,,,,,,,,,,,,,
,,,,,,,,,,,,,,
,EQ. KARIM NIKER C/PORTATRAJE C/VELA PAÑALERO Y TRUZA,,,,,,,,,,,,,
,,,,,,,,,,,,,,
,Clave:,,RN9163,,,,Existencia:,,0,,,,,
,,,,,,,,,,,,,,
,Departamento:,,BAUTIZO NIÑO,,,,Precio:,,"$ 1,169.90",,,,,
,,,,,,,,,,,,,,
,Categoría:,,BOMBACHO,,,,,,,,,,,
,,,,,,,,,,,,,,
,,,,,,,,,,,,,,
,,,,,,,,,,,,,,
,EQ. HASSA NIKER C/PORTATRAJE C/VELA PAÑALERO Y TRUZA,,,,,,,,,,,,,
,,,,,,,,,,,,,,
,Clave:,,RN9165,,,,Existencia:,,0,,,,,
,,,,,,,,,,,,,,
,Departamento:,,BAUTIZO NIÑO,,,,Precio:,,"$ 1,149.90",,,,,
,,,,,,,,,,,,,,
,Categoría:,,BOMBACHO,,,,,,,,,,,
,,,,,,,,,,,,,,
,,,,,,,,,,,,,,
,,,,,,,,,,,,,,
,EQ. PRINCIPE VICTORIANO MEDIAVAL,,,,,,,,,,,,,
,,,,,,,,,,,,,,
,Clave:,,RN9515,,,,Existencia:,,0,,,,,
,,,,,,,,,,,,,,
,Departamento:,,BAUTIZO NIÑO,,,,Precio:,,"$ 2,199.90",,,,,
,,,,,,,,,,,,,,
,Categoría:,,BOMBACHO,,,,,,,,,,,
,,,,,,,,,,,,,,
,,,,,,,,,,,,,,
,,,,,,,,,,,,,,
,EQ. ROPON BAUTIZMAL,,,,,,,,,,,,,
,,,,,,,,,,,,,,
,Clave:,,RR0002,,,,Existencia:,,0,,,,,
,,,,,,,,,,,,,,
,Departamento:,,BAUTIZO NIÑO,,,,Precio:,,$ 299.90,,,,,
,,,,,,,,,,,,,,
,Categoría:,,ROPON,,,,,,,,,,,
,,,,,,,,,,,,,,
,,,,,,,,,,,,,,
,,,,,,,,,,,,,,
,EQ. ROPON MONAGUILLO,,,,,,,,,,,,,
,,,,,,,,,,,,,,
,Clave:,,RR0004,,,,Existencia:,,150,,,,,
,,,,,,,,,,,,,,
,Departamento:,,BAUTIZO NIÑO,,,,Precio:,,$ 549.90,,,,,
,,,,,,,,,,,,,,
,Categoría:,,ROPON,,,,,,,,,,,
,,,,,,,,,,,,,,
,,,,,,,,,,,,,,
,,,,,,,,,,,,,,
,EQ. DOBLE CRUZ BOMBACHO,,,,,,,,,,,,,
,,,,,,,,,,,,,,
,Clave:,,RU0001,,,,Existencia:,,0,,,,,
,,,,,,,,,,,,,,
,Departamento:,,BAUTIZO NIÑO,,,,Precio:,,$ 499.90,,,,,
,,,,,,,,,,,,,,
,Categoría:,,BOMBACHO,,,,,,,,,,,
,,,,,,,,,,,,,,
,,,,,,,,,,,,,,
,,,,,,,,,,,,,,
,EQ.CRUZ PERLA DIAMANTE BOMBACHO,,,,,,,,,,,,,
,,,,,,,,,,,,,,
,Clave:,,RU0007,,,,Existencia:,,0,,,,,
,,,,,,,,,,,,,,
,Departamento:,,BAUTIZO NIÑO,,,,Precio:,,$ 499.90,,,,,
,,,,,,,,,,,,,,
,Categoría:,,BOMBACHO,,,,,,,,,,,
,,,,,,,,,,,,,,
,,,,,,,,,,,,,,
,,,,,,,,,,,,,,
,EQ. CUATRO CRUCES PERLA NIKER,,,,,,,,,,,,,
,,,,,,,,,,,,,,
,Clave:,,RU0009,,,,Existencia:,,0,,,,,
,,,,,,,,,,,,,,
,Departamento:,,BAUTIZO NIÑO,,,,Precio:,,$ 519.90,,,,,
,,,,,,,,,,,,,,
,Categoría:,,BOMBACHO,,,,,,,,,,,
,,,,,,,,,,,,,,
,,,,,,,,,,,,,,
,,,,,,,,,,,,,,
,EQ. GALO CRUZ PERLA NIKER,,,,,,,,,,,,,
,,,,,,,,,,,,,,
,Clave:,,RU0011,,,,Existencia:,,0,,,,,
,,,,,,,,,,,,,,
,Departamento:,,BAUTIZO NIÑO,,,,Precio:,,$ 519.90,,,,,
,,,,,,,,,,,,,,
,Categoría:,,BOMBACHO,,,,,,,,,,,
,,,,,,,,,,,,,,
,,,,,,,,,,,,,,
,,,,,,,,,,,,,,
,EQ. ROPON PECHERA CRUZ BOMBACHO CON VELA FINA,,,,,,,,,,,,,
,,,,,,,,,,,,,,
,Clave:,,RU0061,,,,Existencia:,,0,,,,,
,,,,,,,,,,,,,,
,Departamento:,,BAUTIZO NIÑO,,,,Precio:,,"$ 1,419.90",,,,,
,,,,,,,,,,,,,,
,Categoría:,,BOMBACHO,,,,,,,,,,,
,,,,,,,,,,,,,,
,,,,,,,,,,,,,,
,,,,,,,,,,,,,,
,EQ. ROPON MEDALLON CRUZ BOMBACHO CON VELA FINA,,,,,,,,,,,,,
,,,,,,,,,,,,,,
,Clave:,,RU0074,,,,Existencia:,,0,,,,,
,,,,,,,,,,,,,,
,Departamento:,,BAUTIZO NIÑO,,,,Precio:,,"$ 1,799.90",,,,,
,,,,,,,,,,,,,,
,Categoría:,,BOMBACHO,,,,,,,,,,,
,,,,,,,,,,,,,,
,,,,,,,,,,,,,,
,,,,,,,,,,,,,,
,EQ. ROPON ESTOLA CUADROS CRUZ BOMBACHO CON SABANITA Y VELA FINA,,,,,,,,,,,,,
,,,,,,,,,,,,,,
,Clave:,,RU0075,,,,Existencia:,,0,,,,,
,,,,,,,,,,,,,,
,Departamento:,,BAUTIZO NIÑO,,,,Precio:,,"$ 2,099.90",,,,,
,,,,,,,,,,,,,,
,Categoría:,,BOMBACHO,,,,,,,,,,,
,,,,,,,,,,,,,,
,,,,,,,,,,,,,,
,,,,,,,,,,,,,,
,EQ. CRUCES DIAMANTE BOMBACHO CON VELA FINA,,,,,,,,,,,,,
,,,,,,,,,,,,,,
,Clave:,,RU0079,,,,Existencia:,,0,,,,,
,,,,,,,,,,,,,,
,Departamento:,,BAUTIZO NIÑO,,,,Precio:,,"$ 1,299.90",,,,,
,,,,,,,,,,,,,,
,Categoría:,,BOMBACHO,,,,,,,,,,,
,,,,,,,,,,,,,,
,,,,,,,,,,,,,,
,,,,,,,,,,,,,,
,EQ. ROPON ESTOLA CRUZ BOMBACHO CON SABANITA Y VELA FINA,,,,,,,,,,,,,
,,,,,,,,,,,,,,
,Clave:,,RU0080,,,,Existencia:,,0,,,,,
,,,,,,,,,,,,,,
,Departamento:,,BAUTIZO NIÑO,,,,Precio:,,"$ 2,099.90",,,,,
,,,,,,,,,,,,,,
,Categoría:,,BOMBACHO,,,,,,,,,,,
,,,,,,,,,,,,,,
,,,,,,,,,,,,,,
,,,,,,,,,,,,,,
,EQ. SOTANA CRUZ GALON BOMBACHO,,,,,,,,,,,,,
,,,,,,,,,,,,,,
,Clave:,,RV0038,,,,Existencia:,,0,,,,,
,,,,,,,,,,,,,,
,Departamento:,,BAUTIZO NIÑO,,,,Precio:,,$ 979.90,,,,,
,,,,,,,,,,,,,,
,Categoría:,,BOMBACHO,,,,,,,,,,,
,,,,,,,,,,,,,,
,,,,,,,,,,,,,,
,,,,,,,,,,,,,,
,EQ. ESTOLA CRUZ GALON BOMBACHO,,,,,,,,,,,,,
,,,,,,,,,,,,,,
,Clave:,,RV0066,,,,Existencia:,,0,,,,,
,,,,,,,,,,,,,,
,Departamento:,,BAUTIZO NIÑO,,,,Precio:,,$ 979.90,,,,,
,,,,,,,,,,,,,,
,Categoría:,,BOMBACHO,,,,,,,,,,,
,,,,,,,,,,,,,,
,,,,,,,,,,,,,,
,,,,,,,,,,,,,,
,EQ. BROCADO ESTOLAS 0 AL 4,,,,,,,,,,,,,
,,,,,,,,,,,,,,
,Clave:,,RX1002,,,,Existencia:,,0,,,,,
,,,,,,,,,,,,,,
,Departamento:,,BAUTIZO NIÑO,,,,Precio:,,$ 349.90,,,,,
,,,,,,,,,,,,,,
,Categoría:,,TRAJECITO,,,,,,,,,,,
,,,,,,,,,,,,,,
,,,,,,,,,,,,,,
,,,,,,,,,,,,,,
,EQ. BROCADO PALOMITAS,,,,,,,,,,,,,
,,,,,,,,,,,,,,
,Clave:,,RX1006,,,,Existencia:,,0,,,,,
,,,,,,,,,,,,,,
,Departamento:,,BAUTIZO NIÑO,,,,Precio:,,$ 339.90,,,,,
,,,,,,,,,,,,,,
,Categoría:,,TRAJECITO,,,,,,,,,,,
,,,,,,,,,,,,,,
,,,,,,,,,,,,,,
,,,,,,,,,,,,,,
,EQ. GRECAS 0 AL 4,,,,,,,,,,,,,
,,,,,,,,,,,,,,
,Clave:,,RX1013,,,,Existencia:,,0,,,,,
,,,,,,,,,,,,,,
,Departamento:,,BAUTIZO NIÑO,,,,Precio:,,$ 319.90,,,,,
,,,,,,,,,,,,,,
,Categoría:,,TRAJECITO,,,,,,,,,,,
,,,,,,,,,,,,,,
,,,,,,,,,,,,,,
,,,,,,,,,,,,,,
,EQ. LINO CHALECO RETRO 0 AL 4 M118,,,,,,,,,,,,,
,,,,,,,,,,,,,,
,Clave:,,RX2118,,,,Existencia:,,0,,,,,
,,,,,,,,,,,,,,
,Departamento:,,GUAYABERA,,,,Precio:,,$ 569.90,,,,,
,,,,,,,,,,,,,,
,Categoría:,,CONJUNTOS,,,,,,,,,,,
,,,,,,,,,,,,,,
,,,,,,,,,,,,,,
,,,,,,,,,,,,,,
,EQ. TERGAL ESTOLAS 0 AL 3,,,,,,,,,,,,,
,,,,,,,,,,,,,,
,Clave:,,RX3002,,,,Existencia:,,264,,,,,
,,,,,,,,,,,,,,
,Departamento:,,BAUTIZO NIÑO,,,,Precio:,,$ 499.90,,,,,
,,,,,,,,,,,,,,
,Categoría:,,TRAJECITO,,,,,,,,,,,
,,,,,,,,,,,,,,
,,,,,,,,,,,,,,
,,,,,,,,,,,,,,
,EQ. TERGAL ESTOLAS 4 AL 6,,,,,,,,,,,,,
,,,,,,,,,,,,,,
,Clave:,,RX3004,,,,Existencia:,,127,,,,,
,,,,,,,,,,,,,,
,Departamento:,,BAUTIZO NIÑO,,,,Precio:,,$ 499.90,,,,,
,,,,,,,,,,,,,,
,Categoría:,,TRAJECITO,,,,,,,,,,,
,,,,,,,,,,,,,,
,,,,,,,,,,,,,,
,,,,,,,,,,,,,,
,EQ. TRAJE CHALECO CRUZADO 0 AL 3,,,,,,,,,,,,,
,,,,,,,,,,,,,,
,Clave:,,RX3172,,,,Existencia:,,0,,,,,
,,,,,,,,,,,,,,
,Departamento:,,BAUTIZO NIÑO,,,,Precio:,,$ 349.90,,,,,
,,,,,,,,,,,,,,
,Categoría:,,TRAJECITO,,,,,,,,,,,
,,,,,,,,,,,,,,
,,,,,,,,,,,,,,
,,,,,,,,,,,,,,
,EQ. TRAJE CHALECO CRUZADO 4 AL 6,,,,,,,,,,,,,
,,,,,,,,,,,,,,
,Clave:,,RX3174,,,,Existencia:,,0,,,,,
,,,,,,,,,,,,,,
,Departamento:,,BAUTIZO NIÑO,,,,Precio:,,$ 349.90,,,,,
,,,,,,,,,,,,,,
,Categoría:,,TRAJECITO,,,,,,,,,,,
,,,,,,,,,,,,,,
,,,,,,,,,,,,,,
,,,,,,,,,,,,,,
,EQ. FRAC CHALECO 0 AL 4 MOD. 439,,,,,,,,,,,,,
,,,,,,,,,,,,,,
,Clave:,,RX3439,,,,Existencia:,,506,,,,,
,,,,,,,,,,,,,,
,Departamento:,,BAUTIZO NIÑO,,,,Precio:,,$ 569.90,,,,,
,,,,,,,,,,,,,,
,Categoría:,,TRAJECITO,,,,,,,,,,,
,,,,,,,,,,,,,,
,,,,,,,,,,,,,,
,,,,,,,,,,,,,,
,EQ. MAU TAFETAN MOD. 497 0 AL 4,,,,,,,,,,,,,
,,,,,,,,,,,,,,
,Clave:,,RX3497,,,,Existencia:,,475,,,,,
,,,,,,,,,,,,,,
,Departamento:,,BAUTIZO NIÑO,,,,Precio:,,$ 549.90,,,,,
,,,,,,,,,,,,,,
,Categoría:,,TRAJECITO,,,,,,,,,,,
,,,,,,,,,,,,,,
,,,,,,,,,,,,,,
,,,,,,,,,,,,,,
,EQ. PIQUE 0 AL 4 MOD. 506,,,,,,,,,,,,,
,,,,,,,,,,,,,,
,Clave:,,RX3506,,,,Existencia:,,685,,,,,
,,,,,,,,,,,,,,
,Departamento:,,BAUTIZO NIÑO,,,,Precio:,,$ 569.90,,,,,
,,,,,,,,,,,,,,
,Categoría:,,TRAJECITO,,,,,,,,,,,
,,,,,,,,,,,,,,
,,,,,,,,,,,,,,
,,,,,,,,,,,,,,
,EQ. RAY GENUINE 0 AL 4 MOD. 511,,,,,,,,,,,,,
,,,,,,,,,,,,,,
,Clave:,,RX3511,,,,Existencia:,,0,,,,,
,,,,,,,,,,,,,,
,Departamento:,,BAUTIZO NIÑO,,,,Precio:,,$ 549.90,,,,,
,,,,,,,,,,,,,,
,Categoría:,,TRAJECITO,,,,,,,,,,,
,,,,,,,,,,,,,,
,,,,,,,,,,,,,,
,,,,,,,,,,,,,,
,EQ. MARCUS TIRANTES 0 AL 4 MOD. 513,,,,,,,,,,,,,
,,,,,,,,,,,,,,
,Clave:,,RX3513,,,,Existencia:,,0,,,,,
,,,,,,,,,,,,,,
,Departamento:,,BAUTIZO NIÑO,,,,Precio:,,$ 549.90,,,,,
,,,,,,,,,,,,,,
,Categoría:,,TRAJECITO,,,,,,,,,,,
,,,,,,,,,,,,,,
,,,,,,,,,,,,,,
,,,,,,,,,,,,,,
,EQ. OWEN SOLAPA REDONDA 0 AL 4 MOD. 514,,,,,,,,,,,,,
,,,,,,,,,,,,,,
,Clave:,,RX3514,,,,Existencia:,,0,,,,,
,,,,,,,,,,,,,,
,Departamento:,,BAUTIZO NIÑO,,,,Precio:,,$ 549.90,,,,,
,,,,,,,,,,,,,,
,Categoría:,,TRAJECITO,,,,,,,,,,,
,,,,,,,,,,,,,,
,,,,,,,,,,,,,,
,,,,,,,,,,,,,,
,EQ. JOHNNY 0 AL 4 MOD. 520,,,,,,,,,,,,,
,,,,,,,,,,,,,,
,Clave:,,RX3520,,,,Existencia:,,0,,,,,
,,,,,,,,,,,,,,
,Departamento:,,BAUTIZO NIÑO,,,,Precio:,,$ 609.90,,,,,
,,,,,,,,,,,,,,
,Categoría:,,TRAJECITO,,,,,,,,,,,
,,,,,,,,,,,,,,
,,,,,,,,,,,,,,
,,,,,,,,,,,,,,
,EQ. DUQUE ESTOLAS 0 AL 4 MOD. 522,,,,,,,,,,,,,
,,,,,,,,,,,,,,
,Clave:,,RX3522,,,,Existencia:,,0,,,,,
,,,,,,,,,,,,,,
,Departamento:,,BAUTIZO NIÑO,,,,Precio:,,$ 549.90,,,,,
,,,,,,,,,,,,,,
,Categoría:,,TRAJECITO,,,,,,,,,,,
,,,,,,,,,,,,,,
,,,,,,,,,,,,,,
,,,,,,,,,,,,,,
,EQ. PRINCIPE ESTOLAS 0 AL 4 MOD. 80-3    RX3022,,,,,,,,,,,,,
,,,,,,,,,,,,,,
,Clave:,,RX3803,,,,Existencia:,,1345,,,,,
,,,,,,,,,,,,,,
,Departamento:,,BAUTIZO NIÑO,,,,Precio:,,$ 599.90,,,,,
,,,,,,,,,,,,,,
,Categoría:,,TRAJECITO,,,,,,,,,,,
,,,,,,,,,,,,,,
,,,,,,,,,,,,,,
,,,,,,,,,,,,,,
,EQ. ESTOLA SIPER 0 AL 4 KARINA,,,,,,,,,,,,,
,,,,,,,,,,,,,,
,Clave:,,RX4004,,,,Existencia:,,1072,,,,,
,,,,,,,,,,,,,,
,Departamento:,,BAUTIZO NIÑO,,,,Precio:,,$ 549.90,,,,,
,,,,,,,,,,,,,,
,Categoría:,,TRAJECITO,,,,,,,,,,,
,,,,,,,,,,,,,,
,,,,,,,,,,,,,,
,,,,,,,,,,,,,,
,ESTOLA SIPER 6 KARINA,,,,,,,,,,,,,
,,,,,,,,,,,,,,
,Clave:,,RX4006,,,,Existencia:,,65,,,,,
,,,,,,,,,,,,,,
,Departamento:,,BAUTIZO NIÑO,,,,Precio:,,$ 599.90,,,,,
,,,,,,,,,,,,,,
,Categoría:,,TRAJECITO,,,,,,,,,,,
,,,,,,,,,,,,,,
,,,,,,,,,,,,,,
,,,,,,,,,,,,,,
,EQ. SHANTU ESTOLAS 0 AL 3,,,,,,,,,,,,,
,,,,,,,,,,,,,,
,Clave:,,RX4447,,,,Existencia:,,0,,,,,
,,,,,,,,,,,,,,
,Departamento:,,BAUTIZO NIÑO,,,,Precio:,,$ 519.90,,,,,
,,,,,,,,,,,,,,
,Categoría:,,TRAJECITO,,,,,,,,,,,
,,,,,,,,,,,,,,
,,,,,,,,,,,,,,
,,,,,,,,,,,,,,
,EQ. SHANTU ESTOLAS 4 AL 6,,,,,,,,,,,,,
,,,,,,,,,,,,,,
,Clave:,,RX4449,,,,Existencia:,,0,,,,,
,,,,,,,,,,,,,,
,Departamento:,,BAUTIZO NIÑO,,,,Precio:,,$ 519.90,,,,,
,,,,,,,,,,,,,,
,Categoría:,,TRAJECITO,,,,,,,,,,,
,,,,,,,,,,,,,,
,,,,,,,,,,,,,,
,,,,,,,,,,,,,,
,LINO CHALECO RETRO 6 AL 8 M118,,,,,,,,,,,,,
,,,,,,,,,,,,,,
,Clave:,,RX6118,,,,Existencia:,,0,,,,,
,,,,,,,,,,,,,,
,Departamento:,,GUAYABERA,,,,Precio:,,$ 469.90,,,,,
,,,,,,,,,,,,,,
,Categoría:,,CONJUNTOS,,,,,,,,,,,
,,,,,,,,,,,,,,
,,,,,,,,,,,,,,
,,,,,,,,,,,,,,
,FRAC CHALECO 6 AL 8 MOD. 439,,,,,,,,,,,,,
,,,,,,,,,,,,,,
,Clave:,,RX7439,,,,Existencia:,,75,,,,,
,,,,,,,,,,,,,,
,Departamento:,,BAUTIZO NIÑO,,,,Precio:,,$ 469.90,,,,,
,,,,,,,,,,,,,,
,Categoría:,,TRAJECITO,,,,,,,,,,,
,,,,,,,,,,,,,,
,,,,,,,,,,,,,,
,,,,,,,,,,,,,,
,PIQUE 6 AL 8 MOD. 506,,,,,,,,,,,,,
,,,,,,,,,,,,,,
,Clave:,,RX7506,,,,Existencia:,,75,,,,,
,,,,,,,,,,,,,,
,Departamento:,,BAUTIZO NIÑO,,,,Precio:,,$ 469.90,,,,,
,,,,,,,,,,,,,,
,Categoría:,,TRAJECITO,,,,,,,,,,,
,,,,,,,,,,,,,,
,,,,,,,,,,,,,,
,,,,,,,,,,,,,,
,RAY GENUINE 6 AL 8 MOD. 511,,,,,,,,,,,,,
,,,,,,,,,,,,,,
,Clave:,,RX7511,,,,Existencia:,,0,,,,,
,,,,,,,,,,,,,,
,Departamento:,,BAUTIZO NIÑO,,,,Precio:,,$ 399.90,,,,,
,,,,,,,,,,,,,,
,Categoría:,,TRAJECITO,,,,,,,,,,,
,,,,,,,,,,,,,,
,,,,,,,,,,,,,,
,,,,,,,,,,,,,,
,MARCUS TIRANTES 6 AL 8 MOD. 513,,,,,,,,,,,,,
,,,,,,,,,,,,,,
,Clave:,,RX7513,,,,Existencia:,,0,,,,,
,,,,,,,,,,,,,,
,Departamento:,,BAUTIZO NIÑO,,,,Precio:,,$ 399.90,,,,,
,,,,,,,,,,,,,,
,Categoría:,,TRAJECITO,,,,,,,,,,,
,,,,,,,,,,,,,,
,,,,,,,,,,,,,,
,,,,,,,,,,,,,,
,OWEN SOLAPA REDONDA 6 AL 8 MOD. 514,,,,,,,,,,,,,
,,,,,,,,,,,,,,
,Clave:,,RX7514,,,,Existencia:,,0,,,,,
,,,,,,,,,,,,,,
,Departamento:,,BAUTIZO NIÑO,,,,Precio:,,$ 399.90,,,,,
,,,,,,,,,,,,,,
,Categoría:,,TRAJECITO,,,,,,,,,,,
,,,,,,,,,,,,,,
,,,,,,,,,,,,,,
,,,,,,,,,,,,,,
,JOHNNY TERGAL 6 AL 8 MOD. 520,,,,,,,,,,,,,
,,,,,,,,,,,,,,
,Clave:,,RX7520,,,,Existencia:,,0,,,,,
,,,,,,,,,,,,,,
,Departamento:,,BAUTIZO NIÑO,,,,Precio:,,$ 509.90,,,,,
,,,,,,,,,,,,,,
,Categoría:,,TRAJECITO,,,,,,,,,,,
,,,,,,,,,,,,,,
,,,,,,,,,,,,,,
,,,,,,,,,,,,,,
,PRINCIPE ESTOLAS 6 AL 8 MOD. 80-3,,,,,,,,,,,,,
,,,,,,,,,,,,,,
,Clave:,,RX7803,,,,Existencia:,,225,,,,,
,,,,,,,,,,,,,,
,Departamento:,,BAUTIZO NIÑO,,,,Precio:,,$ 499.90,,,,,
,,,,,,,,,,,,,,
,Categoría:,,TRAJECITO,,,,,,,,,,,
,,,,,,,,,,,,,,
,,,,,,,,,,,,,,
,,,,,,,,,,,,,,
,EQ. FRAC CHALECO CHARMIN MOD. 439,,,,,,,,,,,,,
,,,,,,,,,,,,,,
,Clave:,,RX9439,,,,Existencia:,,0,,,,,
,,,,,,,,,,,,,,
,Departamento:,,BAUTIZO NIÑO,,,,Precio:,,$ 459.90,,,,,
,,,,,,,,,,,,,,
,Categoría:,,TRAJECITO,,,,,,,,,,,
,,,,,,,,,,,,,,
,,,,,,,,,,,,,,
,,,,,,,,,,,,,,
,EQ. MAU CHARMIN MOD. 497,,,,,,,,,,,,,
,,,,,,,,,,,,,,
,Clave:,,RX9497,,,,Existencia:,,0,,,,,
,,,,,,,,,,,,,,
,Departamento:,,BAUTIZO NIÑO,,,,Precio:,,$ 439.90,,,,,
,,,,,,,,,,,,,,
,Categoría:,,TRAJECITO,,,,,,,,,,,
,,,,,,,,,,,,,,
,,,,,,,,,,,,,,
,,,,,,,,,,,,,,
,EQ. PIQUE CHARMIN 0 AL 4 MOD. 506,,,,,,,,,,,,,
,,,,,,,,,,,,,,
,Clave:,,RX9506,,,,Existencia:,,0,,,,,
,,,,,,,,,,,,,,
,Departamento:,,BAUTIZO NIÑO,,,,Precio:,,$ 439.90,,,,,
,,,,,,,,,,,,,,
,Categoría:,,TRAJECITO,,,,,,,,,,,
,,,,,,,,,,,,,,
,,,,,,,,,,,,,,
,,,,,,,,,,,,,,
,SACO LINO MOHAMED  0 AL 4 C/PORTATRAJE,,,,,,,,,,,,,
,,,,,,,,,,,,,,
,Clave:,,SB0013,,,,Existencia:,,0,,,,,
,,,,,,,,,,,,,,
,Departamento:,,TRAJES,,,,Precio:,,$ 479.90,,,,,
,,,,,,,,,,,,,,
,Categoría:,,TRAJES DE GALA,,,,,,,,,,,
,,,,,,,,,,,,,,
,,,,,,,,,,,,,,
,,,,,,,,,,,,,,
,CHALECO NIÑO 0 AL 18 ECONOMICO,,,,,,,,,,,,,
,,,,,,,,,,,,,,
,Clave:,,SC0011,,,,Existencia:,,329,,,,,
,,,,,,,,,,,,,,
,Departamento:,,PANTALON,,,,Precio:,,$ 145.00,,,,,
,,,,,,,,,,,,,,
,Categoría:,,PANTALON VESTIR,,,,,,,,,,,
,,,,,,,,,,,,,,
,,,,,,,,,,,,,,
,,,,,,,,,,,,,,
,CHALECO CABALLERO 32 AL 50 ECONOMICO,,,,,,,,,,,,,
,,,,,,,,,,,,,,
,Clave:,,SC0013,,,,Existencia:,,287,,,,,
,,,,,,,,,,,,,,
,Departamento:,,ACCESORIOS,,,,Precio:,,$ 180.00,,,,,
,,,,,,,,,,,,,,
,Categoría:,,CHALECOS,,,,,,,,,,,
,,,,,,,,,,,,,,
,,,,,,,,,,,,,,
,,,,,,,,,,,,,,
,CORBATA ZARGA ELASTICO  NIÑO ESCOLAR,,,,,,,,,,,,,
,,,,,,,,,,,,,,
,Clave:,,SC0017,,,,Existencia:,,0,,,,,
,,,,,,,,,,,,,,
,Departamento:,,ACCESORIOS,,,,Precio:,,$ 50.00,,,,,
,,,,,,,,,,,,,,
,Categoría:,,"MOÑOS, CORBATA, MOÑO CON FAJA",,,,,,,,,,,
,,,,,,,,,,,,,,
,,,,,,,,,,,,,,
,,,,,,,,,,,,,,
,CORBATA ZARGA JUVENIL ESCOLAR,,,,,,,,,,,,,
,,,,,,,,,,,,,,
,Clave:,,SC0019,,,,Existencia:,,0,,,,,
,,,,,,,,,,,,,,
,Departamento:,,ACCESORIOS,,,,Precio:,,$ 70.00,,,,,
,,,,,,,,,,,,,,
,Categoría:,,"MOÑOS, CORBATA, MOÑO CON FAJA",,,,,,,,,,,
,,,,,,,,,,,,,,
,,,,,,,,,,,,,,
,,,,,,,,,,,,,,
,CHALECO Y GAZNE CEREMONIA 6 AL 16,,,,,,,,,,,,,
,,,,,,,,,,,,,,
,Clave:,,SC0022,,,,Existencia:,,0,,,,,
,,,,,,,,,,,,,,
,Departamento:,,ACCESORIOS,,,,Precio:,,$ 179.90,,,,,
,,,,,,,,,,,,,,
,Categoría:,,CHALECOS,,,,,,,,,,,
,,,,,,,,,,,,,,
,,,,,,,,,,,,,,
,,,,,,,,,,,,,,
,CHALECO GALES C/MOÑO 6 AL 18,,,,,,,,,,,,,
,,,,,,,,,,,,,,
,Clave:,,SC0099,,,,Existencia:,,0,,,,,
,,,,,,,,,,,,,,
,Departamento:,,ACCESORIOS,,,,Precio:,,$ 130.00,,,,,
,,,,,,,,,,,,,,
,Categoría:,,CHALECOS,,,,,,,,,,,
,,,,,,,,,,,,,,
,,,,,,,,,,,,,,
,,,,,,,,,,,,,,
,CHALECO GALES C/MOÑO 20 AL 22,,,,,,,,,,,,,
,,,,,,,,,,,,,,
,Clave:,,SC0100,,,,Existencia:,,0,,,,,
,,,,,,,,,,,,,,
,Departamento:,,ACCESORIOS,,,,Precio:,,$ 140.00,,,,,
,,,,,,,,,,,,,,
,Categoría:,,CHALECOS,,,,,,,,,,,
,,,,,,,,,,,,,,
,,,,,,,,,,,,,,
,,,,,,,,,,,,,,
,CHALECO LIVERTY NIÑO 00 AL 18 COLORES,,,,,,,,,,,,,
,,,,,,,,,,,,,,
,Clave:,,SC0363,,,,Existencia:,,0,,,,,
,,,,,,,,,,,,,,
,Departamento:,,ACCESORIOS,,,,Precio:,,$ 190.00,,,,,
,,,,,,,,,,,,,,
,Categoría:,,CHALECOS,,,,,,,,,,,
,,,,,,,,,,,,,,
,,,,,,,,,,,,,,
,,,,,,,,,,,,,,
,CHALECO LIVERTY CABALLERO 32 AL 50 COLORES,,,,,,,,,,,,,
,,,,,,,,,,,,,,
,Clave:,,SC0369,,,,Existencia:,,0,,,,,
,,,,,,,,,,,,,,
,Departamento:,,ACCESORIOS,,,,Precio:,,$ 240.00,,,,,
,,,,,,,,,,,,,,
,Categoría:,,CHALECOS,,,,,,,,,,,
,,,,,,,,,,,,,,
,,,,,,,,,,,,,,
,,,,,,,,,,,,,,
,CORBATA NIÑO JACQUARD Ó ESTAMPADA GANCHO PLASTICO,,,,,,,,,,,,,
,,,,,,,,,,,,,,
,Clave:,,SC1102,,,,Existencia:,,6885,,,,,
,,,,,,,,,,,,,,
,Departamento:,,ACCESORIOS,,,,Precio:,,$ 50.00,,,,,
,,,,,,,,,,,,,,
,Categoría:,,"MOÑOS, CORBATA, MOÑO CON FAJA",,,,,,,,,,,
,,,,,,,,,,,,,,
,,,,,,,,,,,,,,
,,,,,,,,,,,,,,
,CORBATA JUVENIL JACQUARD Ó ESTAMPADA GANCHO PLASTICO,,,,,,,,,,,,,
,,,,,,,,,,,,,,
,Clave:,,SC1103,,,,Existencia:,,640,,,,,
,,,,,,,,,,,,,,
,Departamento:,,ACCESORIOS,,,,Precio:,,$ 60.00,,,,,
,,,,,,,,,,,,,,
,Categoría:,,"MOÑOS, CORBATA, MOÑO CON FAJA",,,,,,,,,,,
,,,,,,,,,,,,,,
,,,,,,,,,,,,,,
,,,,,,,,,,,,,,
,CORBATA CABALLERO JACQUARD,,,,,,,,,,,,,
,,,,,,,,,,,,,,
,Clave:,,SC1104,,,,Existencia:,,3191,,,,,
,,,,,,,,,,,,,,
,Departamento:,,ACCESORIOS,,,,Precio:,,$ 100.00,,,,,
,,,,,,,,,,,,,,
,Categoría:,,"MOÑOS, CORBATA, MOÑO CON FAJA",,,,,,,,,,,
,,,,,,,,,,,,,,
,,,,,,,,,,,,,,
,,,,,,,,,,,,,,
,CORBATA NIÑO RAZO LISO,,,,,,,,,,,,,
,,,,,,,,,,,,,,
,Clave:,,SC2202,,,,Existencia:,,3758,,,,,
,,,,,,,,,,,,,,
,Departamento:,,ACCESORIOS,,,,Precio:,,$ 40.00,,,,,
,,,,,,,,,,,,,,
,Categoría:,,"MOÑOS, CORBATA, MOÑO CON FAJA",,,,,,,,,,,
,,,,,,,,,,,,,,
,,,,,,,,,,,,,,
,,,,,,,,,,,,,,
,CORBATA JUVENIL RAZO LISA 7cm Y 5 cm,,,,,,,,,,,,,
,,,,,,,,,,,,,,
,Clave:,,SC2203,,,,Existencia:,,783,,,,,
,,,,,,,,,,,,,,
,Departamento:,,ACCESORIOS,,,,Precio:,,$ 60.00,,,,,
,,,,,,,,,,,,,,
,Categoría:,,"MOÑOS, CORBATA, MOÑO CON FAJA",,,,,,,,,,,
,,,,,,,,,,,,,,
,,,,,,,,,,,,,,
,,,,,,,,,,,,,,
,CORBATA CABALLERO RAZO LISA 9cm,,,,,,,,,,,,,
,,,,,,,,,,,,,,
,Clave:,,SC2204,,,,Existencia:,,3978,,,,,
,,,,,,,,,,,,,,
,Departamento:,,ACCESORIOS,,,,Precio:,,$ 60.00,,,,,
,,,,,,,,,,,,,,
,Categoría:,,"MOÑOS, CORBATA, MOÑO CON FAJA",,,,,,,,,,,
,,,,,,,,,,,,,,
,,,,,,,,,,,,,,
,,,,,,,,,,,,,,
,CORBATA NIÑO METALICA ORO Ó PLATA,,,,,,,,,,,,,
,,,,,,,,,,,,,,
,Clave:,,SC2302,,,,Existencia:,,483,,,,,
,,,,,,,,,,,,,,
,Departamento:,,ACCESORIOS,,,,Precio:,,$ 60.00,,,,,
,,,,,,,,,,,,,,
,Categoría:,,"MOÑOS, CORBATA, MOÑO CON FAJA",,,,,,,,,,,
,,,,,,,,,,,,,,
,,,,,,,,,,,,,,
,,,,,,,,,,,,,,
,CORBATA CABALLERO METALICA ORO Ó PLATA,,,,,,,,,,,,,
,,,,,,,,,,,,,,
,Clave:,,SC2304,,,,Existencia:,,0,,,,,
,,,,,,,,,,,,,,
,Departamento:,,ACCESORIOS,,,,Precio:,,$ 80.00,,,,,
,,,,,,,,,,,,,,
,Categoría:,,"MOÑOS, CORBATA, MOÑO CON FAJA",,,,,,,,,,,
,,,,,,,,,,,,,,
,,,,,,,,,,,,,,
,,,,,,,,,,,,,,
,CORBATA NIÑO CEREMONIA,,,,,,,,,,,,,
,,,,,,,,,,,,,,
,Clave:,,SC2402,,,,Existencia:,,0,,,,,
,,,,,,,,,,,,,,
,Departamento:,,ACCESORIOS,,,,Precio:,,$ 39.90,,,,,
,,,,,,,,,,,,,,
,Categoría:,,"MOÑOS, CORBATA, MOÑO CON FAJA",,,,,,,,,,,
,,,,,,,,,,,,,,
,,,,,,,,,,,,,,
,,,,,,,,,,,,,,
,CORBATA JUVENIL Ó CABALLERO CEREMONIA,,,,,,,,,,,,,
,,,,,,,,,,,,,,
,Clave:,,SC2404,,,,Existencia:,,0,,,,,
,,,,,,,,,,,,,,
,Departamento:,,ACCESORIOS,,,,Precio:,,$ 59.90,,,,,
,,,,,,,,,,,,,,
,Categoría:,,"MOÑOS, CORBATA, MOÑO CON FAJA",,,,,,,,,,,
,,,,,,,,,,,,,,
,,,,,,,,,,,,,,
,,,,,,,,,,,,,,
,CORBATA GANCHO METALICO NIÑO JACQUARD Ó ESTAMPADA,,,,,,,,,,,,,
,,,,,,,,,,,,,,
,Clave:,,SC9913,,,,Existencia:,,0,,,,,
,,,,,,,,,,,,,,
,Departamento:,,ACCESORIOS,,,,Precio:,,$ 60.00,,,,,
,,,,,,,,,,,,,,
,Categoría:,,"MOÑOS, CORBATA, MOÑO CON FAJA",,,,,,,,,,,
,,,,,,,,,,,,,,
,,,,,,,,,,,,,,
,,,,,,,,,,,,,,
,CHALECO LINO NIÑO 0 AL 18,,,,,,,,,,,,,
,,,,,,,,,,,,,,
,Clave:,,SC9933,,,,Existencia:,,0,,,,,
,,,,,,,,,,,,,,
,Departamento:,,ACCESORIOS,,,,Precio:,,$ 224.90,,,,,
,,,,,,,,,,,,,,
,Categoría:,,CHALECOS,,,,,,,,,,,
,,,,,,,,,,,,,,
,,,,,,,,,,,,,,
,,,,,,,,,,,,,,
,CHALECO LINO NIÑO 32 AL 36,,,,,,,,,,,,,
,,,,,,,,,,,,,,
,Clave:,,SC9935,,,,Existencia:,,0,,,,,
,,,,,,,,,,,,,,
,Departamento:,,ACCESORIOS,,,,Precio:,,$ 249.90,,,,,
,,,,,,,,,,,,,,
,Categoría:,,CHALECOS,,,,,,,,,,,
,,,,,,,,,,,,,,
,,,,,,,,,,,,,,
,,,,,,,,,,,,,,
,SACO BABY BLUE  02 AL 16 D´LAIZOR,,,,,,,,,,,,,
,,,,,,,,,,,,,,
,Clave:,,SD1888,,,,Existencia:,,0,,,,,
,,,,,,,,,,,,,,
,Departamento:,,TRAJES,,,,Precio:,,$ 689.90,,,,,
,,,,,,,,,,,,,,
,Categoría:,,TRAJES DE GALA,,,,,,,,,,,
,,,,,,,,,,,,,,
,,,,,,,,,,,,,,
,,,,,,,,,,,,,,
,SACO BABY BLUE  18 D´LAIZOR,,,,,,,,,,,,,
,,,,,,,,,,,,,,
,Clave:,,SD1899,,,,Existencia:,,0,,,,,
,,,,,,,,,,,,,,
,Departamento:,,TRAJES,,,,Precio:,,$ 749.90,,,,,
,,,,,,,,,,,,,,
,Categoría:,,TRAJES DE GALA,,,,,,,,,,,
,,,,,,,,,,,,,,
,,,,,,,,,,,,,,
,,,,,,,,,,,,,,
,A CUENTA DE SEPARADO,,,,,,,,,,,,,
,,,,,,,,,,,,,,
,Clave:,,SEPARADO,,,,Existencia:,,0,,,,,
,,,,,,,,,,,,,,
,Departamento:,,SEPARADO,,,,Precio:,,$ 1.00,,,,,
,,,,,,,,,,,,,,
,Categoría:,,SEPARADO,,,,,,,,,,,
,,,,,,,,,,,,,,
,,,,,,,,,,,,,,
,,,,,,,,,,,,,,
,FAJA Y MOÑO CHICA COLOR,,,,,,,,,,,,,
,,,,,,,,,,,,,,
,Clave:,,SF0002,,,,Existencia:,,0,,,,,
,,,,,,,,,,,,,,
,Departamento:,,ACCESORIOS,,,,Precio:,,$ 120.00,,,,,
,,,,,,,,,,,,,,
,Categoría:,,"MOÑOS, CORBATA, MOÑO CON FAJA",,,,,,,,,,,
,,,,,,,,,,,,,,
,,,,,,,,,,,,,,
,,,,,,,,,,,,,,
,FAJA Y MOÑO CHICA METALICA,,,,,,,,,,,,,
,,,,,,,,,,,,,,
,Clave:,,SF0004,,,,Existencia:,,0,,,,,
,,,,,,,,,,,,,,
,Departamento:,,ACCESORIOS,,,,Precio:,,$ 150.00,,,,,
,,,,,,,,,,,,,,
,Categoría:,,"MOÑOS, CORBATA, MOÑO CON FAJA",,,,,,,,,,,
,,,,,,,,,,,,,,
,,,,,,,,,,,,,,
,,,,,,,,,,,,,,
,FAJA Y MOÑO GRANDE COLOR,,,,,,,,,,,,,
,,,,,,,,,,,,,,
,Clave:,,SF0006,,,,Existencia:,,0,,,,,
,,,,,,,,,,,,,,
,Departamento:,,ACCESORIOS,,,,Precio:,,$ 140.00,,,,,
,,,,,,,,,,,,,,
,Categoría:,,"MOÑOS, CORBATA, MOÑO CON FAJA",,,,,,,,,,,
,,,,,,,,,,,,,,
,,,,,,,,,,,,,,
,,,,,,,,,,,,,,
,FAJA Y MOÑO GRANDE METALICA,,,,,,,,,,,,,
,,,,,,,,,,,,,,
,Clave:,,SF0008,,,,Existencia:,,0,,,,,
,,,,,,,,,,,,,,
,Departamento:,,ACCESORIOS,,,,Precio:,,$ 170.00,,,,,
,,,,,,,,,,,,,,
,Categoría:,,"MOÑOS, CORBATA, MOÑO CON FAJA",,,,,,,,,,,
,,,,,,,,,,,,,,
,,,,,,,,,,,,,,
,,,,,,,,,,,,,,
,SACO ANGELO ROSSI 02 AL 16 D´LAIZOR,,,,,,,,,,,,,
,,,,,,,,,,,,,,
,Clave:,,SJ0366,,,,Existencia:,,0,,,,,
,,,,,,,,,,,,,,
,Departamento:,,TRAJES,,,,Precio:,,$ 399.90,,,,,
,,,,,,,,,,,,,,
,Categoría:,,TRAJES DE GALA,,,,,,,,,,,
,,,,,,,,,,,,,,
,,,,,,,,,,,,,,
,,,,,,,,,,,,,,
,MOÑO NIÑO COLOR,,,,,,,,,,,,,
,,,,,,,,,,,,,,
,Clave:,,SM0002,,,,Existencia:,,4225,,,,,
,,,,,,,,,,,,,,
,Departamento:,,ACCESORIOS,,,,Precio:,,$ 45.00,,,,,
,,,,,,,,,,,,,,
,Categoría:,,"MOÑOS, CORBATA, MOÑO CON FAJA",,,,,,,,,,,
,,,,,,,,,,,,,,
,,,,,,,,,,,,,,
,,,,,,,,,,,,,,
,MOÑO CABALLERO COLOR,,,,,,,,,,,,,
,,,,,,,,,,,,,,
,Clave:,,SM0004,,,,Existencia:,,4208,,,,,
,,,,,,,,,,,,,,
,Departamento:,,ACCESORIOS,,,,Precio:,,$ 55.00,,,,,
,,,,,,,,,,,,,,
,Categoría:,,"MOÑOS, CORBATA, MOÑO CON FAJA",,,,,,,,,,,
,,,,,,,,,,,,,,
,,,,,,,,,,,,,,
,,,,,,,,,,,,,,
,MOÑO NIÑO METALICO,,,,,,,,,,,,,
,,,,,,,,,,,,,,
,Clave:,,SM0006,,,,Existencia:,,889,,,,,
,,,,,,,,,,,,,,
,Departamento:,,ACCESORIOS,,,,Precio:,,$ 65.00,,,,,
,,,,,,,,,,,,,,
,Categoría:,,"MOÑOS, CORBATA, MOÑO CON FAJA",,,,,,,,,,,
,,,,,,,,,,,,,,
,,,,,,,,,,,,,,
,,,,,,,,,,,,,,
,MOÑO CABALLERO METALICO,,,,,,,,,,,,,
,,,,,,,,,,,,,,
,Clave:,,SM0008,,,,Existencia:,,610,,,,,
,,,,,,,,,,,,,,
,Departamento:,,ACCESORIOS,,,,Precio:,,$ 75.00,,,,,
,,,,,,,,,,,,,,
,Categoría:,,"MOÑOS, CORBATA, MOÑO CON FAJA",,,,,,,,,,,
,,,,,,,,,,,,,,
,,,,,,,,,,,,,,
,,,,,,,,,,,,,,
,MOÑO TUXEDO NIÑO COLOR,,,,,,,,,,,,,
,,,,,,,,,,,,,,
,Clave:,,SM9111,,,,Existencia:,,0,,,,,
,,,,,,,,,,,,,,
,Departamento:,,ACCESORIOS,,,,Precio:,,$ 55.00,,,,,
,,,,,,,,,,,,,,
,Categoría:,,"MOÑOS, CORBATA, MOÑO CON FAJA",,,,,,,,,,,
,,,,,,,,,,,,,,
,,,,,,,,,,,,,,
,,,,,,,,,,,,,,
,MOÑO TUXEDO CABALLERO COLOR,,,,,,,,,,,,,
,,,,,,,,,,,,,,
,Clave:,,SM9113,,,,Existencia:,,0,,,,,
,,,,,,,,,,,,,,
,Departamento:,,ACCESORIOS,,,,Precio:,,$ 65.00,,,,,
,,,,,,,,,,,,,,
,Categoría:,,"MOÑOS, CORBATA, MOÑO CON FAJA",,,,,,,,,,,
,,,,,,,,,,,,,,
,,,,,,,,,,,,,,
,,,,,,,,,,,,,,
,PECHERA BROCADA NIÑO,,,,,,,,,,,,,
,,,,,,,,,,,,,,
,Clave:,,SP0002,,,,Existencia:,,0,,,,,
,,,,,,,,,,,,,,
,Departamento:,,ACCESORIOS,,,,Precio:,,$ 139.90,,,,,
,,,,,,,,,,,,,,
,Categoría:,,CHALECOS,,,,,,,,,,,
,,,,,,,,,,,,,,
,,,,,,,,,,,,,,
,,,,,,,,,,,,,,
,PECHERA JACQUARD NIÑO GAZNE,,,,,,,,,,,,,
,,,,,,,,,,,,,,
,Clave:,,SP1002,,,,Existencia:,,0,,,,,
,,,,,,,,,,,,,,
,Departamento:,,ACCESORIOS,,,,Precio:,,$ 129.90,,,,,
,,,,,,,,,,,,,,
,Categoría:,,CHALECOS,,,,,,,,,,,
,,,,,,,,,,,,,,
,,,,,,,,,,,,,,
,,,,,,,,,,,,,,
,PECHERA JAQUARD CABALLERO GAZNE,,,,,,,,,,,,,
,,,,,,,,,,,,,,
,Clave:,,SP1004,,,,Existencia:,,0,,,,,
,,,,,,,,,,,,,,
,Departamento:,,ACCESORIOS,,,,Precio:,,$ 149.90,,,,,
,,,,,,,,,,,,,,
,Categoría:,,CHALECOS,,,,,,,,,,,
,,,,,,,,,,,,,,
,,,,,,,,,,,,,,
,,,,,,,,,,,,,,
,TIRANTES CABALLERO,,,,,,,,,,,,,
,,,,,,,,,,,,,,
,Clave:,,ST0002,,,,Existencia:,,0,,,,,
,,,,,,,,,,,,,,
,Departamento:,,ACCESORIOS,,,,Precio:,,$ 99.90,,,,,
,,,,,,,,,,,,,,
,Categoría:,,TIRANTES Y CINTOS,,,,,,,,,,,
,,,,,,,,,,,,,,
,,,,,,,,,,,,,,
,,,,,,,,,,,,,,
,TIRANTES DE NIÑO,,,,,,,,,,,,,
,,,,,,,,,,,,,,
,Clave:,,ST0004,,,,Existencia:,,0,,,,,
,,,,,,,,,,,,,,
,Departamento:,,ACCESORIOS,,,,Precio:,,$ 79.90,,,,,
,,,,,,,,,,,,,,
,Categoría:,,TIRANTES Y CINTOS,,,,,,,,,,,
,,,,,,,,,,,,,,
,,,,,,,,,,,,,,
,,,,,,,,,,,,,,
,TIRANTES MEX CABALLERO,,,,,,,,,,,,,
,,,,,,,,,,,,,,
,Clave:,,ST6111,,,,Existencia:,,0,,,,,
,,,,,,,,,,,,,,
,Departamento:,,ACCESORIOS,,,,Precio:,,$ 89.90,,,,,
,,,,,,,,,,,,,,
,Categoría:,,TIRANTES Y CINTOS,,,,,,,,,,,
,,,,,,,,,,,,,,
,,,,,,,,,,,,,,
,,,,,,,,,,,,,,
,TIRANTES MEX DE NIÑO,,,,,,,,,,,,,
,,,,,,,,,,,,,,
,Clave:,,ST6113,,,,Existencia:,,0,,,,,
,,,,,,,,,,,,,,
,Departamento:,,ACCESORIOS,,,,Precio:,,$ 69.90,,,,,
,,,,,,,,,,,,,,
,Categoría:,,TIRANTES Y CINTOS,,,,,,,,,,,
,,,,,,,,,,,,,,
,,,,,,,,,,,,,,
,,,,,,,,,,,,,,
,TIRANTES METALICO DE NIÑO,,,,,,,,,,,,,
,,,,,,,,,,,,,,
,Clave:,,ST9001,,,,Existencia:,,0,,,,,
,,,,,,,,,,,,,,
,Departamento:,,ACCESORIOS,,,,Precio:,,$ 119.90,,,,,
,,,,,,,,,,,,,,
,Categoría:,,TIRANTES Y CINTOS,,,,,,,,,,,
,,,,,,,,,,,,,,
,,,,,,,,,,,,,,
,,,,,,,,,,,,,,
,TIRANTES METALICOS CABALLERO,,,,,,,,,,,,,
,,,,,,,,,,,,,,
,Clave:,,ST9003,,,,Existencia:,,0,,,,,
,,,,,,,,,,,,,,
,Departamento:,,ACCESORIOS,,,,Precio:,,$ 139.90,,,,,
,,,,,,,,,,,,,,
,Categoría:,,TIRANTES Y CINTOS,,,,,,,,,,,
,,,,,,,,,,,,,,
,,,,,,,,,,,,,,
,,,,,,,,,,,,,,
,EQ. TRAJE VIRGEN CHARRO O AL 4 CON SOMBRERO,,,,,,,,,,,,,
,,,,,,,,,,,,,,
,Clave:,,TC0011,,,,Existencia:,,0,,,,,
,,,,,,,,,,,,,,
,Departamento:,,BAUTIZO NIÑO,,,,Precio:,,"$ 1,599.90",,,,,
,,,,,,,,,,,,,,
,Categoría:,,TRAJECITO,,,,,,,,,,,
,,,,,,,,,,,,,,
,,,,,,,,,,,,,,
,,,,,,,,,,,,,,
,EQ. TRAJE CHARRO O AL 4 CON SOMBRERO,,,,,,,,,,,,,
,,,,,,,,,,,,,,
,Clave:,,TC0022,,,,Existencia:,,207,,,,,
,,,,,,,,,,,,,,
,Departamento:,,BAUTIZO NIÑO,,,,Precio:,,"$ 1,499.90",,,,,
,,,,,,,,,,,,,,
,Categoría:,,TRAJECITO,,,,,,,,,,,
,,,,,,,,,,,,,,
,,,,,,,,,,,,,,
,,,,,,,,,,,,,,
,EQ. TRAJE CHARRO 6 AL 8 CON SOMBRERO,,,,,,,,,,,,,
,,,,,,,,,,,,,,
,Clave:,,TC0023,,,,Existencia:,,0,,,,,
,,,,,,,,,,,,,,
,Departamento:,,BAUTIZO NIÑO,,,,Precio:,,"$ 1,499.90",,,,,
,,,,,,,,,,,,,,
,Categoría:,,TRAJECITO,,,,,,,,,,,
,,,,,,,,,,,,,,
,,,,,,,,,,,,,,
,,,,,,,,,,,,,,
,EQ. TRAJE CHAPARRAL CHARRO  O AL 6 CON SOMBRERO,,,,,,,,,,,,,
,,,,,,,,,,,,,,
,Clave:,,TC0204,,,,Existencia:,,0,,,,,
,,,,,,,,,,,,,,
,Departamento:,,BAUTIZO NIÑO,,,,Precio:,,"$ 1,379.90",,,,,
,,,,,,,,,,,,,,
,Categoría:,,TRAJECITO,,,,,,,,,,,
,,,,,,,,,,,,,,
,,,,,,,,,,,,,,
,,,,,,,,,,,,,,
,EQ. TRAJE CAPORAL CHARRO  O AL 6 CON SOMBRERO,,,,,,,,,,,,,
,,,,,,,,,,,,,,
,Clave:,,TC0369,,,,Existencia:,,0,,,,,
,,,,,,,,,,,,,,
,Departamento:,,BAUTIZO NIÑO,,,,Precio:,,"$ 1,739.90",,,,,
,,,,,,,,,,,,,,
,Categoría:,,TRAJECITO,,,,,,,,,,,
,,,,,,,,,,,,,,
,,,,,,,,,,,,,,
,,,,,,,,,,,,,,
,EQ. VESTIDO  CHARRO NIÑA O AL 4 CON SOMBRERO,,,,,,,,,,,,,
,,,,,,,,,,,,,,
,Clave:,,TC0897,,,,Existencia:,,0,,,,,
,,,,,,,,,,,,,,
,Departamento:,,BAUTIZO NIÑO,,,,Precio:,,"$ 1,499.90",,,,,
,,,,,,,,,,,,,,
,Categoría:,,TRAJECITO,,,,,,,,,,,
,,,,,,,,,,,,,,
,,,,,,,,,,,,,,
,,,,,,,,,,,,,,
,CONJUNTO TIRANTES 0 al 16,,,,,,,,,,,,,
,,,,,,,,,,,,,,
,Clave:,,TC1313,,,,Existencia:,,N/A,,,,,
,,,,,,,,,,,,,,
,Departamento:,,CONJUNTOS,,,,Precio:,,$ 425.00,,,,,
,,,,,,,,,,,,,,
,Categoría:,,NIÑO,,,,,,,,,,,
,,,,,,,,,,,,,,
,,,,,,,,,,,,,,
,,,,,,,,,,,,,,
,CONJUNTO TIRANTES 18 al 20,,,,,,,,,,,,,
,,,,,,,,,,,,,,
,Clave:,,TC1315,,,,Existencia:,,N/A,,,,,
,,,,,,,,,,,,,,
,Departamento:,,CONJUNTOS,,,,Precio:,,$ 475.00,,,,,
,,,,,,,,,,,,,,
,Categoría:,,NIÑO,,,,,,,,,,,
,,,,,,,,,,,,,,
,,,,,,,,,,,,,,
,,,,,,,,,,,,,,
,CONJUNTO GALES 0 al 16,,,,,,,,,,,,,
,,,,,,,,,,,,,,
,Clave:,,TC1323,,,,Existencia:,,N/A,,,,,
,,,,,,,,,,,,,,
,Departamento:,,CONJUNTOS,,,,Precio:,,$ 429.90,,,,,
,,,,,,,,,,,,,,
,Categoría:,,NIÑO,,,,,,,,,,,
,,,,,,,,,,,,,,
,,,,,,,,,,,,,,
,,,,,,,,,,,,,,
,CONJUNTO GALES 18 al 22,,,,,,,,,,,,,
,,,,,,,,,,,,,,
,Clave:,,TC1325,,,,Existencia:,,N/A,,,,,
,,,,,,,,,,,,,,
,Departamento:,,CONJUNTOS,,,,Precio:,,$ 479.90,,,,,
,,,,,,,,,,,,,,
,Categoría:,,NIÑO,,,,,,,,,,,
,,,,,,,,,,,,,,
,,,,,,,,,,,,,,
,,,,,,,,,,,,,,
,CONJUNTO CHALECO 0 AL 16 ECO,,,,,,,,,,,,,
,,,,,,,,,,,,,,
,Clave:,,TC1347,,,,Existencia:,,N/A,,,,,
,,,,,,,,,,,,,,
,Departamento:,,CONJUNTOS,,,,Precio:,,$ 490.00,,,,,
,,,,,,,,,,,,,,
,Categoría:,,NIÑO,,,,,,,,,,,
,,,,,,,,,,,,,,
,,,,,,,,,,,,,,
,,,,,,,,,,,,,,
,CONJUNTO CHALECO 18 ECO,,,,,,,,,,,,,
,,,,,,,,,,,,,,
,Clave:,,TC1349,,,,Existencia:,,N/A,,,,,
,,,,,,,,,,,,,,
,Departamento:,,CONJUNTOS,,,,Precio:,,$ 510.00,,,,,
,,,,,,,,,,,,,,
,Categoría:,,NIÑO,,,,,,,,,,,
,,,,,,,,,,,,,,
,,,,,,,,,,,,,,
,,,,,,,,,,,,,,
,CONJUNTO BEBE CHALECO GALES 1 AL 3,,,,,,,,,,,,,
,,,,,,,,,,,,,,
,Clave:,,TC1399,,,,Existencia:,,0,,,,,
,,,,,,,,,,,,,,
,Departamento:,,TRAJES,,,,Precio:,,$ 249.90,,,,,
,,,,,,,,,,,,,,
,Categoría:,,TRAJES DE GALA,,,,,,,,,,,
,,,,,,,,,,,,,,
,,,,,,,,,,,,,,
,,,,,,,,,,,,,,
,CONJUNTO METALICO TIRANTES 0 al 16,,,,,,,,,,,,,
,,,,,,,,,,,,,,
,Clave:,,TC1913,,,,Existencia:,,N/A,,,,,
,,,,,,,,,,,,,,
,Departamento:,,CONJUNTOS,,,,Precio:,,$ 475.00,,,,,
,,,,,,,,,,,,,,
,Categoría:,,NIÑO,,,,,,,,,,,
,,,,,,,,,,,,,,
,,,,,,,,,,,,,,
,,,,,,,,,,,,,,
,CONJUNTO METALICO TIRANTES 18 al 20,,,,,,,,,,,,,
,,,,,,,,,,,,,,
,Clave:,,TC1915,,,,Existencia:,,N/A,,,,,
,,,,,,,,,,,,,,
,Departamento:,,CONJUNTOS,,,,Precio:,,$ 525.00,,,,,
,,,,,,,,,,,,,,
,Categoría:,,NIÑO,,,,,,,,,,,
,,,,,,,,,,,,,,
,,,,,,,,,,,,,,
,,,,,,,,,,,,,,
,TRAJE CELESTIAL 6 A 16 AÑOS,,,,,,,,,,,,,
,,,,,,,,,,,,,,
,Clave:,,TC2223,,,,Existencia:,,N/A,,,,,
,,,,,,,,,,,,,,
,Departamento:,,TRAJES,,,,Precio:,,"$ 1,039.00",,,,,
,,,,,,,,,,,,,,
,Categoría:,,TRAJES DE GALA,,,,,,,,,,,
,,,,,,,,,,,,,,
,,,,,,,,,,,,,,
,,,,,,,,,,,,,,
,TRAJE CELESTIAL 18 AÑOS,,,,,,,,,,,,,
,,,,,,,,,,,,,,
,Clave:,,TC2226,,,,Existencia:,,N/A,,,,,
,,,,,,,,,,,,,,
,Departamento:,,TRAJES,,,,Precio:,,"$ 1,139.90",,,,,
,,,,,,,,,,,,,,
,Categoría:,,TRAJES DE GALA,,,,,,,,,,,
,,,,,,,,,,,,,,
,,,,,,,,,,,,,,
,,,,,,,,,,,,,,
,CONJUNTO MERIDA 06 AL 18,,,,,,,,,,,,,
,,,,,,,,,,,,,,
,Clave:,,TC3609,,,,Existencia:,,N/A,,,,,
,,,,,,,,,,,,,,
,Departamento:,,CONJUNTOS,,,,Precio:,,$ 549.90,,,,,
,,,,,,,,,,,,,,
,Categoría:,,NIÑO,,,,,,,,,,,
,,,,,,,,,,,,,,
,,,,,,,,,,,,,,
,,,,,,,,,,,,,,
,EQ. CHARRO POTRO O AL 4 CON SOMBRERO Y PORTATRAJE,,,,,,,,,,,,,
,,,,,,,,,,,,,,
,Clave:,,TC5302,,,,Existencia:,,0,,,,,
,,,,,,,,,,,,,,
,Departamento:,,BAUTIZO NIÑO,,,,Precio:,,"$ 1,699.90",,,,,
,,,,,,,,,,,,,,
,Categoría:,,TRAJECITO,,,,,,,,,,,
,,,,,,,,,,,,,,
,,,,,,,,,,,,,,
,,,,,,,,,,,,,,
,TRAJE CHARRO POTRO 6 AL 8 CON SOMBRERO Y PORTATRAJE,,,,,,,,,,,,,
,,,,,,,,,,,,,,
,Clave:,,TC5303,,,,Existencia:,,0,,,,,
,,,,,,,,,,,,,,
,Departamento:,,BAUTIZO NIÑO,,,,Precio:,,"$ 1,469.90",,,,,
,,,,,,,,,,,,,,
,Categoría:,,TRAJECITO,,,,,,,,,,,
,,,,,,,,,,,,,,
,,,,,,,,,,,,,,
,,,,,,,,,,,,,,
,CONJUNTO RETRO CHALECO OXFORD 0 AL 4,,,,,,,,,,,,,
,,,,,,,,,,,,,,
,Clave:,,TC7118,,,,Existencia:,,0,,,,,
,,,,,,,,,,,,,,
,Departamento:,,TRAJES,,,,Precio:,,$ 359.90,,,,,
,,,,,,,,,,,,,,
,Categoría:,,TRAJES DE GALA,,,,,,,,,,,
,,,,,,,,,,,,,,
,,,,,,,,,,,,,,
,,,,,,,,,,,,,,
,CONJUNTO CHALECO LINO 06 AL 16,,,,,,,,,,,,,
,,,,,,,,,,,,,,
,Clave:,,TC9036,,,,Existencia:,,N/A,,,,,
,,,,,,,,,,,,,,
,Departamento:,,CONJUNTOS,,,,Precio:,,$ 649.90,,,,,
,,,,,,,,,,,,,,
,Categoría:,,NIÑO,,,,,,,,,,,
,,,,,,,,,,,,,,
,,,,,,,,,,,,,,
,,,,,,,,,,,,,,
,CONJUNTO CHALECO LINO 18,,,,,,,,,,,,,
,,,,,,,,,,,,,,
,Clave:,,TC9038,,,,Existencia:,,N/A,,,,,
,,,,,,,,,,,,,,
,Departamento:,,CONJUNTOS,,,,Precio:,,$ 699.90,,,,,
,,,,,,,,,,,,,,
,Categoría:,,NIÑO,,,,,,,,,,,
,,,,,,,,,,,,,,
,,,,,,,,,,,,,,
,,,,,,,,,,,,,,
,CONJUNTO RETRO CHALECO OXFORD 6 AL 8,,,,,,,,,,,,,
,,,,,,,,,,,,,,
,Clave:,,TC9118,,,,Existencia:,,0,,,,,
,,,,,,,,,,,,,,
,Departamento:,,TRAJES,,,,Precio:,,$ 449.90,,,,,
,,,,,,,,,,,,,,
,Categoría:,,TRAJES DE GALA,,,,,,,,,,,
,,,,,,,,,,,,,,
,,,,,,,,,,,,,,
,,,,,,,,,,,,,,
,CONJUNTO CHALECO LIVERTY 0 AL 16,,,,,,,,,,,,,
,,,,,,,,,,,,,,
,Clave:,,TC9951,,,,Existencia:,,N/A,,,,,
,,,,,,,,,,,,,,
,Departamento:,,CONJUNTOS,,,,Precio:,,$ 525.00,,,,,
,,,,,,,,,,,,,,
,Categoría:,,NIÑO,,,,,,,,,,,
,,,,,,,,,,,,,,
,,,,,,,,,,,,,,
,,,,,,,,,,,,,,
,CONJUNTO CHALECO LIVERTY 18,,,,,,,,,,,,,
,,,,,,,,,,,,,,
,Clave:,,TC9953,,,,Existencia:,,N/A,,,,,
,,,,,,,,,,,,,,
,Departamento:,,CONJUNTOS,,,,Precio:,,$ 555.00,,,,,
,,,,,,,,,,,,,,
,Categoría:,,NIÑO,,,,,,,,,,,
,,,,,,,,,,,,,,
,,,,,,,,,,,,,,
,,,,,,,,,,,,,,
,TRAJE ESPECTACULAR 02 AL 16 D´LAIZOR,,,,,,,,,,,,,
,,,,,,,,,,,,,,
,Clave:,,TD1007,,,,Existencia:,,0,,,,,
,,,,,,,,,,,,,,
,Departamento:,,TRAJES,,,,Precio:,,"$ 1,099.90",,,,,
,,,,,,,,,,,,,,
,Categoría:,,TRAJES DE GALA,,,,,,,,,,,
,,,,,,,,,,,,,,
,,,,,,,,,,,,,,
,,,,,,,,,,,,,,
,TRAJE SAN LUIS 02 AL 16 D´LAIZOR,,,,,,,,,,,,,
,,,,,,,,,,,,,,
,Clave:,,TD1013,,,,Existencia:,,90,,,,,
,,,,,,,,,,,,,,
,Departamento:,,TRAJES,,,,Precio:,,"$ 1,589.90",,,,,
,,,,,,,,,,,,,,
,Categoría:,,TRAJES DE GALA,,,,,,,,,,,
,,,,,,,,,,,,,,
,,,,,,,,,,,,,,
,,,,,,,,,,,,,,
,TRAJE BALBOA 02 AL 16 D´LAIZOR,,,,,,,,,,,,,
,,,,,,,,,,,,,,
,Clave:,,TD1022,,,,Existencia:,,0,,,,,
,,,,,,,,,,,,,,
,Departamento:,,TRAJES,,,,Precio:,,"$ 1,099.90",,,,,
,,,,,,,,,,,,,,
,Categoría:,,TRAJES DE GALA,,,,,,,,,,,
,,,,,,,,,,,,,,
,,,,,,,,,,,,,,
,,,,,,,,,,,,,,
,TRAJE FIERA 02 AL 16 D´LAIZOR,,,,,,,,,,,,,
,,,,,,,,,,,,,,
,Clave:,,TD1033,,,,Existencia:,,0,,,,,
,,,,,,,,,,,,,,
,Departamento:,,TRAJES,,,,Precio:,,"$ 1,099.90",,,,,
,,,,,,,,,,,,,,
,Categoría:,,TRAJES DE GALA,,,,,,,,,,,
,,,,,,,,,,,,,,
,,,,,,,,,,,,,,
,,,,,,,,,,,,,,
,TRAJE FERRARI 02 AL 16 D´LAIZOR,,,,,,,,,,,,,
,,,,,,,,,,,,,,
,Clave:,,TD1044,,,,Existencia:,,0,,,,,
,,,,,,,,,,,,,,
,Departamento:,,TRAJES,,,,Precio:,,"$ 1,099.90",,,,,
,,,,,,,,,,,,,,
,Categoría:,,TRAJES DE GALA,,,,,,,,,,,
,,,,,,,,,,,,,,
,,,,,,,,,,,,,,
,,,,,,,,,,,,,,
,TRAJE ROMANTICO 02 AL 16 D´LAIZOR,,,,,,,,,,,,,
,,,,,,,,,,,,,,
,Clave:,,TD1047,,,,Existencia:,,50,,,,,
,,,,,,,,,,,,,,
,Departamento:,,TRAJES,,,,Precio:,,"$ 1,199.90",,,,,
,,,,,,,,,,,,,,
,Categoría:,,TRAJES DE GALA,,,,,,,,,,,
,,,,,,,,,,,,,,
,,,,,,,,,,,,,,
,,,,,,,,,,,,,,
,TRAJE LUNA PARK 02 AL 16 D´LAIZOR,,,,,,,,,,,,,
,,,,,,,,,,,,,,
,Clave:,,TD1055,,,,Existencia:,,0,,,,,
,,,,,,,,,,,,,,
,Departamento:,,TRAJES,,,,Precio:,,"$ 1,099.90",,,,,
,,,,,,,,,,,,,,
,Categoría:,,TRAJES DE GALA,,,,,,,,,,,
,,,,,,,,,,,,,,
,,,,,,,,,,,,,,
,,,,,,,,,,,,,,
,TRAJE BAMBOLA 02 AL 16 D´LAIZOR,,,,,,,,,,,,,
,,,,,,,,,,,,,,
,Clave:,,TD1066,,,,Existencia:,,0,,,,,
,,,,,,,,,,,,,,
,Departamento:,,TRAJES,,,,Precio:,,"$ 1,099.90",,,,,
,,,,,,,,,,,,,,
,Categoría:,,TRAJES DE GALA,,,,,,,,,,,
,,,,,,,,,,,,,,
,,,,,,,,,,,,,,
,,,,,,,,,,,,,,
,TRAJE SOBERBIO 02 AL 16 D´LAIZOR,,,,,,,,,,,,,
,,,,,,,,,,,,,,
,Clave:,,TD1077,,,,Existencia:,,0,,,,,
,,,,,,,,,,,,,,
,Departamento:,,TRAJES,,,,Precio:,,"$ 1,099.90",,,,,
,,,,,,,,,,,,,,
,Categoría:,,TRAJES DE GALA,,,,,,,,,,,
,,,,,,,,,,,,,,
,,,,,,,,,,,,,,
,,,,,,,,,,,,,,
,TRAJE MONT BLANC LINO 02 AL 16 D´LAIZOR,,,,,,,,,,,,,
,,,,,,,,,,,,,,
,Clave:,,TD1079,,,,Existencia:,,60,,,,,
,,,,,,,,,,,,,,
,Departamento:,,TRAJES,,,,Precio:,,"$ 1,349.90",,,,,
,,,,,,,,,,,,,,
,Categoría:,,TRAJES DE GALA,,,,,,,,,,,
,,,,,,,,,,,,,,
,,,,,,,,,,,,,,
,,,,,,,,,,,,,,
,TRAJE EXITOSO 02 AL 16 D´LAIZOR,,,,,,,,,,,,,
,,,,,,,,,,,,,,
,Clave:,,TD1088,,,,Existencia:,,0,,,,,
,,,,,,,,,,,,,,
,Departamento:,,TRAJES,,,,Precio:,,"$ 1,099.90",,,,,
,,,,,,,,,,,,,,
,Categoría:,,TRAJES DE GALA,,,,,,,,,,,
,,,,,,,,,,,,,,
,,,,,,,,,,,,,,
,,,,,,,,,,,,,,
,TRAJE GENIAL 02 AL 16 D´LAIZOR,,,,,,,,,,,,,
,,,,,,,,,,,,,,
,Clave:,,TD1099,,,,Existencia:,,0,,,,,
,,,,,,,,,,,,,,
,Departamento:,,TRAJES,,,,Precio:,,"$ 1,199.90",,,,,
,,,,,,,,,,,,,,
,Categoría:,,TRAJES DE GALA,,,,,,,,,,,
,,,,,,,,,,,,,,
,,,,,,,,,,,,,,
,,,,,,,,,,,,,,
,TRAJE LIDER 02 AL 16 D´LAIZOR,,,,,,,,,,,,,
,,,,,,,,,,,,,,
,Clave:,,TD1111,,,,Existencia:,,0,,,,,
,,,,,,,,,,,,,,
,Departamento:,,TRAJES,,,,Precio:,,"$ 1,199.90",,,,,
,,,,,,,,,,,,,,
,Categoría:,,TRAJES DE GALA,,,,,,,,,,,
,,,,,,,,,,,,,,
,,,,,,,,,,,,,,
,,,,,,,,,,,,,,
,TRAJE ETERNITY 02 AL 16 D´LAIZOR,,,,,,,,,,,,,
,,,,,,,,,,,,,,
,Clave:,,TD1148,,,,Existencia:,,0,,,,,
,,,,,,,,,,,,,,
,Departamento:,,TRAJES,,,,Precio:,,"$ 1,349.90",,,,,
,,,,,,,,,,,,,,
,Categoría:,,TRAJES DE GALA,,,,,,,,,,,
,,,,,,,,,,,,,,
,,,,,,,,,,,,,,
,,,,,,,,,,,,,,
,TRAJE ESTRELLA 02 AL 16 D´LAIZOR,,,,,,,,,,,,,
,,,,,,,,,,,,,,
,Clave:,,TD1222,,,,Existencia:,,0,,,,,
,,,,,,,,,,,,,,
,Departamento:,,TRAJES,,,,Precio:,,"$ 1,249.90",,,,,
,,,,,,,,,,,,,,
,Categoría:,,TRAJES DE GALA,,,,,,,,,,,
,,,,,,,,,,,,,,
,,,,,,,,,,,,,,
,,,,,,,,,,,,,,
,TRAJE CARISMA 02 AL 16 D´LAIZOR,,,,,,,,,,,,,
,,,,,,,,,,,,,,
,Clave:,,TD1746,,,,Existencia:,,0,,,,,
,,,,,,,,,,,,,,
,Departamento:,,TRAJES,,,,Precio:,,"$ 1,399.90",,,,,
,,,,,,,,,,,,,,
,Categoría:,,TRAJES DE GALA,,,,,,,,,,,
,,,,,,,,,,,,,,
,,,,,,,,,,,,,,
,,,,,,,,,,,,,,
,TRAJE CARTAGENA 02 AL 16 D´LAIZOR,,,,,,,,,,,,,
,,,,,,,,,,,,,,
,Clave:,,TD1773,,,,Existencia:,,0,,,,,
,,,,,,,,,,,,,,
,Departamento:,,TRAJES,,,,Precio:,,"$ 1,589.90",,,,,
,,,,,,,,,,,,,,
,Categoría:,,TRAJES DE GALA,,,,,,,,,,,
,,,,,,,,,,,,,,
,,,,,,,,,,,,,,
,,,,,,,,,,,,,,
,TRAJE TENTACION 02 AL 16 D´LAIZOR,,,,,,,,,,,,,
,,,,,,,,,,,,,,
,Clave:,,TD1947,,,,Existencia:,,0,,,,,
,,,,,,,,,,,,,,
,Departamento:,,TRAJES,,,,Precio:,,"$ 1,199.90",,,,,
,,,,,,,,,,,,,,
,Categoría:,,TRAJES DE GALA,,,,,,,,,,,
,,,,,,,,,,,,,,
,,,,,,,,,,,,,,
,,,,,,,,,,,,,,
,TRAJE ESPECTACULAR 18 D´LAIZOR,,,,,,,,,,,,,
,,,,,,,,,,,,,,
,Clave:,,TD2007,,,,Existencia:,,0,,,,,
,,,,,,,,,,,,,,
,Departamento:,,TRAJES,,,,Precio:,,"$ 1,199.90",,,,,
,,,,,,,,,,,,,,
,Categoría:,,TRAJES DE GALA,,,,,,,,,,,
,,,,,,,,,,,,,,
,,,,,,,,,,,,,,
,,,,,,,,,,,,,,
,TRAJE SAN LUIS 18 D´LAIZOR,,,,,,,,,,,,,
,,,,,,,,,,,,,,
,Clave:,,TD2013,,,,Existencia:,,0,,,,,
,,,,,,,,,,,,,,
,Departamento:,,TRAJES,,,,Precio:,,"$ 1,719.90",,,,,
,,,,,,,,,,,,,,
,Categoría:,,TRAJES DE GALA,,,,,,,,,,,
,,,,,,,,,,,,,,
,,,,,,,,,,,,,,
,,,,,,,,,,,,,,
,TRAJE BALBOA 18 D´LAIZOR,,,,,,,,,,,,,
,,,,,,,,,,,,,,
,Clave:,,TD2022,,,,Existencia:,,0,,,,,
,,,,,,,,,,,,,,
,Departamento:,,TRAJES,,,,Precio:,,"$ 1,199.00",,,,,
,,,,,,,,,,,,,,
,Categoría:,,TRAJES DE GALA,,,,,,,,,,,
,,,,,,,,,,,,,,
,,,,,,,,,,,,,,
,,,,,,,,,,,,,,
,TRAJE FIERA 18 D´LAIZOR,,,,,,,,,,,,,
,,,,,,,,,,,,,,
,Clave:,,TD2033,,,,Existencia:,,0,,,,,
,,,,,,,,,,,,,,
,Departamento:,,TRAJES,,,,Precio:,,"$ 1,199.90",,,,,
,,,,,,,,,,,,,,
,Categoría:,,TRAJES DE GALA,,,,,,,,,,,
,,,,,,,,,,,,,,
,,,,,,,,,,,,,,
,,,,,,,,,,,,,,
,TRAJE FERRARI 18 D´LAIZOR,,,,,,,,,,,,,
,,,,,,,,,,,,,,
,Clave:,,TD2044,,,,Existencia:,,0,,,,,
,,,,,,,,,,,,,,
,Departamento:,,TRAJES,,,,Precio:,,"$ 1,199.90",,,,,
,,,,,,,,,,,,,,
,Categoría:,,TRAJES DE GALA,,,,,,,,,,,
,,,,,,,,,,,,,,
,,,,,,,,,,,,,,
,,,,,,,,,,,,,,
,TRAJE ROMANTICO 18 D´LAIZOR,,,,,,,,,,,,,
,,,,,,,,,,,,,,
,Clave:,,TD2047,,,,Existencia:,,12,,,,,
,,,,,,,,,,,,,,
,Departamento:,,TRAJES,,,,Precio:,,"$ 1,299.90",,,,,
,,,,,,,,,,,,,,
,Categoría:,,TRAJES DE GALA,,,,,,,,,,,
,,,,,,,,,,,,,,
,,,,,,,,,,,,,,
,,,,,,,,,,,,,,
,TRAJE LUNA PARK 18 D´LAIZOR,,,,,,,,,,,,,
,,,,,,,,,,,,,,
,Clave:,,TD2055,,,,Existencia:,,0,,,,,
,,,,,,,,,,,,,,
,Departamento:,,TRAJES,,,,Precio:,,"$ 1,199.90",,,,,
,,,,,,,,,,,,,,
,Categoría:,,TRAJES DE GALA,,,,,,,,,,,
,,,,,,,,,,,,,,
,,,,,,,,,,,,,,
,,,,,,,,,,,,,,
,TRAJE BAMBOLA 18 D´LAIZOR,,,,,,,,,,,,,
,,,,,,,,,,,,,,
,Clave:,,TD2066,,,,Existencia:,,0,,,,,
,,,,,,,,,,,,,,
,Departamento:,,TRAJES,,,,Precio:,,"$ 1,199.90",,,,,
,,,,,,,,,,,,,,
,Categoría:,,TRAJES DE GALA,,,,,,,,,,,
,,,,,,,,,,,,,,
,,,,,,,,,,,,,,
,,,,,,,,,,,,,,
,TRAJE SOBERBIO 18 D´LAIZOR,,,,,,,,,,,,,
,,,,,,,,,,,,,,
,Clave:,,TD2077,,,,Existencia:,,0,,,,,
,,,,,,,,,,,,,,
,Departamento:,,TRAJES,,,,Precio:,,"$ 1,199.90",,,,,
,,,,,,,,,,,,,,
,Categoría:,,TRAJES DE GALA,,,,,,,,,,,
,,,,,,,,,,,,,,
,,,,,,,,,,,,,,
,,,,,,,,,,,,,,
,TRAJE MONT BLANC LINO 18 D´LAIZOR,,,,,,,,,,,,,
,,,,,,,,,,,,,,
,Clave:,,TD2079,,,,Existencia:,,9,,,,,
,,,,,,,,,,,,,,
,Departamento:,,TRAJES,,,,Precio:,,"$ 1,479.90",,,,,
,,,,,,,,,,,,,,
,Categoría:,,TRAJES DE GALA,,,,,,,,,,,
,,,,,,,,,,,,,,
,,,,,,,,,,,,,,
,,,,,,,,,,,,,,
,TRAJE EXITOSO 18 D´LAIZOR,,,,,,,,,,,,,
,,,,,,,,,,,,,,
,Clave:,,TD2088,,,,Existencia:,,0,,,,,
,,,,,,,,,,,,,,
,Departamento:,,TRAJES,,,,Precio:,,"$ 1,199.90",,,,,
,,,,,,,,,,,,,,
,Categoría:,,TRAJES DE GALA,,,,,,,,,,,
,,,,,,,,,,,,,,
,,,,,,,,,,,,,,
,,,,,,,,,,,,,,
,TRAJE GENIAL 18 D´LAIZOR,,,,,,,,,,,,,
,,,,,,,,,,,,,,
,Clave:,,TD2099,,,,Existencia:,,0,,,,,
,,,,,,,,,,,,,,
,Departamento:,,TRAJES,,,,Precio:,,"$ 1,299.90",,,,,
,,,,,,,,,,,,,,
,Categoría:,,TRAJES DE GALA,,,,,,,,,,,
,,,,,,,,,,,,,,
,,,,,,,,,,,,,,
,,,,,,,,,,,,,,
,TRAJE LIDER 18 D´LAIZOR,,,,,,,,,,,,,
,,,,,,,,,,,,,,
,Clave:,,TD2111,,,,Existencia:,,0,,,,,
,,,,,,,,,,,,,,
,Departamento:,,TRAJES,,,,Precio:,,"$ 1,299.90",,,,,
,,,,,,,,,,,,,,
,Categoría:,,TRAJES DE GALA,,,,,,,,,,,
,,,,,,,,,,,,,,
,,,,,,,,,,,,,,
,,,,,,,,,,,,,,
,TRAJE ETERNITY 18 D´LAIZOR,,,,,,,,,,,,,
,,,,,,,,,,,,,,
,Clave:,,TD2148,,,,Existencia:,,0,,,,,
,,,,,,,,,,,,,,
,Departamento:,,TRAJES,,,,Precio:,,"$ 1,479.90",,,,,
,,,,,,,,,,,,,,
,Categoría:,,TRAJES DE GALA,,,,,,,,,,,
,,,,,,,,,,,,,,
,,,,,,,,,,,,,,
,,,,,,,,,,,,,,
,TRAJE ESTRELLA 18 D´LAIZOR,,,,,,,,,,,,,
,,,,,,,,,,,,,,
,Clave:,,TD2222,,,,Existencia:,,0,,,,,
,,,,,,,,,,,,,,
,Departamento:,,TRAJES,,,,Precio:,,"$ 1,349.90",,,,,
,,,,,,,,,,,,,,
,Categoría:,,TRAJES DE GALA,,,,,,,,,,,
,,,,,,,,,,,,,,
,,,,,,,,,,,,,,
,,,,,,,,,,,,,,
,TRAJE CARISMA 18 D´LAIZOR,,,,,,,,,,,,,
,,,,,,,,,,,,,,
,Clave:,,TD2746,,,,Existencia:,,0,,,,,
,,,,,,,,,,,,,,
,Departamento:,,TRAJES,,,,Precio:,,"$ 1,529.90",,,,,
,,,,,,,,,,,,,,
,Categoría:,,TRAJES DE GALA,,,,,,,,,,,
,,,,,,,,,,,,,,
,,,,,,,,,,,,,,
,,,,,,,,,,,,,,
,TRAJE CARTAGENA 18 D´LAIZOR,,,,,,,,,,,,,
,,,,,,,,,,,,,,
,Clave:,,TD2773,,,,Existencia:,,0,,,,,
,,,,,,,,,,,,,,
,Departamento:,,TRAJES,,,,Precio:,,"$ 1,719.90",,,,,
,,,,,,,,,,,,,,
,Categoría:,,TRAJES DE GALA,,,,,,,,,,,
,,,,,,,,,,,,,,
,,,,,,,,,,,,,,
,,,,,,,,,,,,,,
,TRAJE TENTACION 18 D´LAIZOR,,,,,,,,,,,,,
,,,,,,,,,,,,,,
,Clave:,,TD2947,,,,Existencia:,,0,,,,,
,,,,,,,,,,,,,,
,Departamento:,,TRAJES,,,,Precio:,,"$ 1,299.90",,,,,
,,,,,,,,,,,,,,
,Categoría:,,TRAJES DE GALA,,,,,,,,,,,
,,,,,,,,,,,,,,
,,,,,,,,,,,,,,
,,,,,,,,,,,,,,
,TRAJE ESPECTACULAR 36 AL 42 D´LAIZOR,,,,,,,,,,,,,
,,,,,,,,,,,,,,
,Clave:,,TD3007,,,,Existencia:,,0,,,,,
,,,,,,,,,,,,,,
,Departamento:,,TRAJES,,,,Precio:,,"$ 1,799.90",,,,,
,,,,,,,,,,,,,,
,Categoría:,,TRAJES DE GALA,,,,,,,,,,,
,,,,,,,,,,,,,,
,,,,,,,,,,,,,,
,,,,,,,,,,,,,,
,TRAJE SAN LUIS 34 AL 44 D´LAIZOR,,,,,,,,,,,,,
,,,,,,,,,,,,,,
,Clave:,,TD3013,,,,Existencia:,,0,,,,,
,,,,,,,,,,,,,,
,Departamento:,,TRAJES,,,,Precio:,,"$ 2,899.90",,,,,
,,,,,,,,,,,,,,
,Categoría:,,TRAJES DE GALA,,,,,,,,,,,
,,,,,,,,,,,,,,
,,,,,,,,,,,,,,
,,,,,,,,,,,,,,
,TRAJE ROMANTICO 36 AL 42 D´LAIZOR,,,,,,,,,,,,,
,,,,,,,,,,,,,,
,Clave:,,TD3047,,,,Existencia:,,25,,,,,
,,,,,,,,,,,,,,
,Departamento:,,TRAJES,,,,Precio:,,"$ 1,799.90",,,,,
,,,,,,,,,,,,,,
,Categoría:,,TRAJES DE GALA,,,,,,,,,,,
,,,,,,,,,,,,,,
,,,,,,,,,,,,,,
,,,,,,,,,,,,,,
,TRAJE LUNA PARK 36 AL 42 D´LAIZOR,,,,,,,,,,,,,
,,,,,,,,,,,,,,
,Clave:,,TD3055,,,,Existencia:,,0,,,,,
,,,,,,,,,,,,,,
,Departamento:,,TRAJES,,,,Precio:,,"$ 1,799.90",,,,,
,,,,,,,,,,,,,,
,Categoría:,,TRAJES DE GALA,,,,,,,,,,,
,,,,,,,,,,,,,,
,,,,,,,,,,,,,,
,,,,,,,,,,,,,,
,TRAJE MONT BLANC LINO 34 AL 42 D´LAIZOR,,,,,,,,,,,,,
,,,,,,,,,,,,,,
,Clave:,,TD3079,,,,Existencia:,,0,,,,,
,,,,,,,,,,,,,,
,Departamento:,,TRAJES,,,,Precio:,,"$ 1,799.90",,,,,
,,,,,,,,,,,,,,
,Categoría:,,TRAJES DE GALA,,,,,,,,,,,
,,,,,,,,,,,,,,
,,,,,,,,,,,,,,
,,,,,,,,,,,,,,
,TRAJE RECTO SATINADO FERCY,,,,,,,,,,,,,
,,,,,,,,,,,,,,
,Clave:,,TF0902,,,,Existencia:,,0,,,,,
,,,,,,,,,,,,,,
,Departamento:,,TRAJES,,,,Precio:,,"$ 1,199.90",,,,,
,,,,,,,,,,,,,,
,Categoría:,,TRAJES DE GALA,,,,,,,,,,,
,,,,,,,,,,,,,,
,,,,,,,,,,,,,,
,,,,,,,,,,,,,,
,"TRAJE FRATELO RECTO Y SMOKING 1 AL 16 ENZO, POLO",,,,,,,,,,,,,
,,,,,,,,,,,,,,
,Clave:,,TF1201,,,,Existencia:,,0,,,,,
,,,,,,,,,,,,,,
,Departamento:,,TRAJES,,,,Precio:,,$ 679.90,,,,,
,,,,,,,,,,,,,,
,Categoría:,,TRAJES DE GALA,,,,,,,,,,,
,,,,,,,,,,,,,,
,,,,,,,,,,,,,,
,,,,,,,,,,,,,,
,TRAJE FRATELO CASIMIR 01 AL 16 MOD. 205,,,,,,,,,,,,,
,,,,,,,,,,,,,,
,Clave:,,TF1205,,,,Existencia:,,0,,,,,
,,,,,,,,,,,,,,
,Departamento:,,TRAJES,,,,Precio:,,$ 659.90,,,,,
,,,,,,,,,,,,,,
,Categoría:,,TRAJES DE GALA,,,,,,,,,,,
,,,,,,,,,,,,,,
,,,,,,,,,,,,,,
,,,,,,,,,,,,,,
,TRAJE FRATELO POLIESTER 01 AL 16 MOD. 275,,,,,,,,,,,,,
,,,,,,,,,,,,,,
,Clave:,,TF1275,,,,Existencia:,,0,,,,,
,,,,,,,,,,,,,,
,Departamento:,,TRAJES,,,,Precio:,,$ 659.90,,,,,
,,,,,,,,,,,,,,
,Categoría:,,TRAJES DE GALA,,,,,,,,,,,
,,,,,,,,,,,,,,
,,,,,,,,,,,,,,
,,,,,,,,,,,,,,
,TRAJE FRATELO FANTACIA 01 AL 16 MOD. 276,,,,,,,,,,,,,
,,,,,,,,,,,,,,
,Clave:,,TF1276,,,,Existencia:,,0,,,,,
,,,,,,,,,,,,,,
,Departamento:,,TRAJES,,,,Precio:,,$ 529.90,,,,,
,,,,,,,,,,,,,,
,Categoría:,,TRAJES DE GALA,,,,,,,,,,,
,,,,,,,,,,,,,,
,,,,,,,,,,,,,,
,,,,,,,,,,,,,,
,TRAJE FRATELO SATINADO 01 AL 16 MOD.701 POLO,,,,,,,,,,,,,
,,,,,,,,,,,,,,
,Clave:,,TF1701,,,,Existencia:,,0,,,,,
,,,,,,,,,,,,,,
,Departamento:,,TRAJES,,,,Precio:,,$ 779.90,,,,,
,,,,,,,,,,,,,,
,Categoría:,,TRAJES DE GALA,,,,,,,,,,,
,,,,,,,,,,,,,,
,,,,,,,,,,,,,,
,,,,,,,,,,,,,,
,"TRAJE FRATELO RECTO Y SMOKING 18 AL 20 ENZO, POLO",,,,,,,,,,,,,
,,,,,,,,,,,,,,
,Clave:,,TF2201,,,,Existencia:,,0,,,,,
,,,,,,,,,,,,,,
,Departamento:,,TRAJES,,,,Precio:,,$ 789.90,,,,,
,,,,,,,,,,,,,,
,Categoría:,,TRAJES DE GALA,,,,,,,,,,,
,,,,,,,,,,,,,,
,,,,,,,,,,,,,,
,,,,,,,,,,,,,,
,TRAJE FRATELO CASIMIR 18 AL 20 MOD. 205,,,,,,,,,,,,,
,,,,,,,,,,,,,,
,Clave:,,TF2202,,,,Existencia:,,0,,,,,
,,,,,,,,,,,,,,
,Departamento:,,TRAJES,,,,Precio:,,$ 759.90,,,,,
,,,,,,,,,,,,,,
,Categoría:,,TRAJES DE GALA,,,,,,,,,,,
,,,,,,,,,,,,,,
,,,,,,,,,,,,,,
,,,,,,,,,,,,,,
,TRAJE FRATELO POLIESTER 18 AL 20 MOD. 275,,,,,,,,,,,,,
,,,,,,,,,,,,,,
,Clave:,,TF2275,,,,Existencia:,,0,,,,,
,,,,,,,,,,,,,,
,Departamento:,,TRAJES,,,,Precio:,,$ 759.90,,,,,
,,,,,,,,,,,,,,
,Categoría:,,TRAJES DE GALA,,,,,,,,,,,
,,,,,,,,,,,,,,
,,,,,,,,,,,,,,
,,,,,,,,,,,,,,
,TRAJE FRATELO FANTACIA 18 AL 20 MOD. 276,,,,,,,,,,,,,
,,,,,,,,,,,,,,
,Clave:,,TF2276,,,,Existencia:,,0,,,,,
,,,,,,,,,,,,,,
,Departamento:,,TRAJES,,,,Precio:,,$ 569.90,,,,,
,,,,,,,,,,,,,,
,Categoría:,,TRAJES DE GALA,,,,,,,,,,,
,,,,,,,,,,,,,,
,,,,,,,,,,,,,,
,,,,,,,,,,,,,,
,TRAJE FRATELO SATINADO 18 AL 20 MOD.701 POLO,,,,,,,,,,,,,
,,,,,,,,,,,,,,
,Clave:,,TF2701,,,,Existencia:,,0,,,,,
,,,,,,,,,,,,,,
,Departamento:,,TRAJES,,,,Precio:,,$ 879.90,,,,,
,,,,,,,,,,,,,,
,Categoría:,,TRAJES DE GALA,,,,,,,,,,,
,,,,,,,,,,,,,,
,,,,,,,,,,,,,,
,,,,,,,,,,,,,,
,TRAJE FRATELO SATINADO 36 AL 44 MOD.7001 POLO,,,,,,,,,,,,,
,,,,,,,,,,,,,,
,Clave:,,TF7001,,,,Existencia:,,0,,,,,
,,,,,,,,,,,,,,
,Departamento:,,TRAJES,,,,Precio:,,"$ 1,199.90",,,,,
,,,,,,,,,,,,,,
,Categoría:,,TRAJES DE GALA,,,,,,,,,,,
,,,,,,,,,,,,,,
,,,,,,,,,,,,,,
,,,,,,,,,,,,,,
,TIRA ARREGLO CAMELIA 20X5 LARGO 20CM Y FLOR 5 CM,,,,,,,,,,,,,
,,,,,,,,,,,,,,
,Clave:,,TI0001,,,,Existencia:,,0,,,,,
,,,,,,,,,,,,,,
,Departamento:,,ARREGLOS Y FLORES,,,,Precio:,,$ 150.00,,,,,
,,,,,,,,,,,,,,
,Categoría:,,FLORES,,,,,,,,,,,
,,,,,,,,,,,,,,
,,,,,,,,,,,,,,
,,,,,,,,,,,,,,
,TRAJE POLIESTER SLIM 34 AL 46 MOD. 155 ANGELO ROSSI,,,,,,,,,,,,,
,,,,,,,,,,,,,,
,Clave:,,TJ0155,,,,Existencia:,,80,,,,,
,,,,,,,,,,,,,,
,Departamento:,,TRAJES,,,,Precio:,,"$ 1,539.90",,,,,
,,,,,,,,,,,,,,
,Categoría:,,TRAJES DE GALA,,,,,,,,,,,
,,,,,,,,,,,,,,
,,,,,,,,,,,,,,
,,,,,,,,,,,,,,
,EQ. TRAJE MARINERO JOS. 02 AL 16 MOD. 3372,,,,,,,,,,,,,
,,,,,,,,,,,,,,
,Clave:,,TJ0202,,,,Existencia:,,220,,,,,
,,,,,,,,,,,,,,
,Departamento:,,TRAJES,,,,Precio:,,$ 899.90,,,,,
,,,,,,,,,,,,,,
,Categoría:,,COMUNION,,,,,,,,,,,
,,,,,,,,,,,,,,
,,,,,,,,,,,,,,
,,,,,,,,,,,,,,
,EQ. TRAJE MARINERO JOS. 18 AL 20 MOD. 3372,,,,,,,,,,,,,
,,,,,,,,,,,,,,
,Clave:,,TJ0204,,,,Existencia:,,62,,,,,
,,,,,,,,,,,,,,
,Departamento:,,TRAJES,,,,Precio:,,"$ 1,089.90",,,,,
,,,,,,,,,,,,,,
,Categoría:,,COMUNION,,,,,,,,,,,
,,,,,,,,,,,,,,
,,,,,,,,,,,,,,
,,,,,,,,,,,,,,
,TRAJE RECTO JOS. 2 AL 16 MOD. 3366 - 3339,,,,,,,,,,,,,
,,,,,,,,,,,,,,
,Clave:,,TJ0302,,,,Existencia:,,1462,,,,,
,,,,,,,,,,,,,,
,Departamento:,,TRAJES,,,,Precio:,,$ 679.90,,,,,
,,,,,,,,,,,,,,
,Categoría:,,TRAJES DE GALA,,,,,,,,,,,
,,,,,,,,,,,,,,
,,,,,,,,,,,,,,
,,,,,,,,,,,,,,
,TRAJE RECTO JOS. 18 AL 20 MOD. 3366 - 3339,,,,,,,,,,,,,
,,,,,,,,,,,,,,
,Clave:,,TJ0304,,,,Existencia:,,403,,,,,
,,,,,,,,,,,,,,
,Departamento:,,TRAJES,,,,Precio:,,$ 789.90,,,,,
,,,,,,,,,,,,,,
,Categoría:,,TRAJES DE GALA,,,,,,,,,,,
,,,,,,,,,,,,,,
,,,,,,,,,,,,,,
,,,,,,,,,,,,,,
,TRAJE RECTO JOS. 34 AL 42 MOD. 1366 - 1339,,,,,,,,,,,,,
,,,,,,,,,,,,,,
,Clave:,,TJ0306,,,,Existencia:,,875,,,,,
,,,,,,,,,,,,,,
,Departamento:,,TRAJES,,,,Precio:,,$ 969.90,,,,,
,,,,,,,,,,,,,,
,Categoría:,,TRAJES DE GALA,,,,,,,,,,,
,,,,,,,,,,,,,,
,,,,,,,,,,,,,,
,,,,,,,,,,,,,,
,TRAJE RECTO JOS. 44 AL 48 MOD. 1366 - 1339,,,,,,,,,,,,,
,,,,,,,,,,,,,,
,Clave:,,TJ0308,,,,Existencia:,,366,,,,,
,,,,,,,,,,,,,,
,Departamento:,,TRAJES,,,,Precio:,,"$ 1,039.90",,,,,
,,,,,,,,,,,,,,
,Categoría:,,TRAJES DE GALA,,,,,,,,,,,
,,,,,,,,,,,,,,
,,,,,,,,,,,,,,
,,,,,,,,,,,,,,
,TRAJE RECTO JOS. 50 AL 52 MOD. 1366 - 1339,,,,,,,,,,,,,
,,,,,,,,,,,,,,
,Clave:,,TJ0310,,,,Existencia:,,95,,,,,
,,,,,,,,,,,,,,
,Departamento:,,TRAJES,,,,Precio:,,"$ 1,089.90",,,,,
,,,,,,,,,,,,,,
,Categoría:,,TRAJES DE GALA,,,,,,,,,,,
,,,,,,,,,,,,,,
,,,,,,,,,,,,,,
,,,,,,,,,,,,,,
,TRAJE FRAC JOS. 2 AL 16 MOD. 3348,,,,,,,,,,,,,
,,,,,,,,,,,,,,
,Clave:,,TJ0402,,,,Existencia:,,0,,,,,
,,,,,,,,,,,,,,
,Departamento:,,TRAJES,,,,Precio:,,$ 509.90,,,,,
,,,,,,,,,,,,,,
,Categoría:,,TRAJES DE GALA,,,,,,,,,,,
,,,,,,,,,,,,,,
,,,,,,,,,,,,,,
,,,,,,,,,,,,,,
,TRAJE FRAC JOS. 18 AL 20 MOD. 3348,,,,,,,,,,,,,
,,,,,,,,,,,,,,
,Clave:,,TJ0404,,,,Existencia:,,0,,,,,
,,,,,,,,,,,,,,
,Departamento:,,TRAJES,,,,Precio:,,$ 599.90,,,,,
,,,,,,,,,,,,,,
,Categoría:,,TRAJES DE GALA,,,,,,,,,,,
,,,,,,,,,,,,,,
,,,,,,,,,,,,,,
,,,,,,,,,,,,,,
,TRAJE FRAC JOS. 34 AL 42 MOD. 3348,,,,,,,,,,,,,
,,,,,,,,,,,,,,
,Clave:,,TJ0406,,,,Existencia:,,0,,,,,
,,,,,,,,,,,,,,
,Departamento:,,TRAJES,,,,Precio:,,$ 759.90,,,,,
,,,,,,,,,,,,,,
,Categoría:,,TRAJES DE GALA,,,,,,,,,,,
,,,,,,,,,,,,,,
,,,,,,,,,,,,,,
,,,,,,,,,,,,,,
,TRAJE FRAC JOS. 44 AL 48 MOD. 3348,,,,,,,,,,,,,
,,,,,,,,,,,,,,
,Clave:,,TJ0408,,,,Existencia:,,0,,,,,
,,,,,,,,,,,,,,
,Departamento:,,TRAJES,,,,Precio:,,$ 799.90,,,,,
,,,,,,,,,,,,,,
,Categoría:,,TRAJES DE GALA,,,,,,,,,,,
,,,,,,,,,,,,,,
,,,,,,,,,,,,,,
,,,,,,,,,,,,,,
,TRAJE SM-1000 SMOKING SLIM 34 AL 44 ANGELO ROSSI,,,,,,,,,,,,,
,,,,,,,,,,,,,,
,Clave:,,TJ1000,,,,Existencia:,,0,,,,,
,,,,,,,,,,,,,,
,Departamento:,,TRAJES,,,,Precio:,,"$ 1,549.90",,,,,
,,,,,,,,,,,,,,
,Categoría:,,TRAJES DE GALA,,,,,,,,,,,
,,,,,,,,,,,,,,
,,,,,,,,,,,,,,
,,,,,,,,,,,,,,
,TRAJE SATINADO SLIM 2 AL 16 ANGELO ROSSI,,,,,,,,,,,,,
,,,,,,,,,,,,,,
,Clave:,,TJ1100,,,,Existencia:,,0,,,,,
,,,,,,,,,,,,,,
,Departamento:,,TRAJES,,,,Precio:,,"$ 1,099.90",,,,,
,,,,,,,,,,,,,,
,Categoría:,,TRAJES DE GALA,,,,,,,,,,,
,,,,,,,,,,,,,,
,,,,,,,,,,,,,,
,,,,,,,,,,,,,,
,TRAJE SATINADO SLIM 18 ANGELO ROSSI,,,,,,,,,,,,,
,,,,,,,,,,,,,,
,Clave:,,TJ1111,,,,Existencia:,,0,,,,,
,,,,,,,,,,,,,,
,Departamento:,,TRAJES,,,,Precio:,,"$ 1,199.90",,,,,
,,,,,,,,,,,,,,
,Categoría:,,TRAJES DE GALA,,,,,,,,,,,
,,,,,,,,,,,,,,
,,,,,,,,,,,,,,
,,,,,,,,,,,,,,
,TRAJE SATINADO SLIM  34 AL 46 ANGELO ROSSI,,,,,,,,,,,,,
,,,,,,,,,,,,,,
,Clave:,,TJ1122,,,,Existencia:,,0,,,,,
,,,,,,,,,,,,,,
,Departamento:,,TRAJES,,,,Precio:,,"$ 1,499.90",,,,,
,,,,,,,,,,,,,,
,Categoría:,,TRAJES DE GALA,,,,,,,,,,,
,,,,,,,,,,,,,,
,,,,,,,,,,,,,,
,,,,,,,,,,,,,,
,TRAJE POLIESTER SLIM 02 AL 16 MOD. 155 ANGELO ROSSI,,,,,,,,,,,,,
,,,,,,,,,,,,,,
,Clave:,,TJ1155,,,,Existencia:,,0,,,,,
,,,,,,,,,,,,,,
,Departamento:,,TRAJES,,,,Precio:,,$ 929.90,,,,,
,,,,,,,,,,,,,,
,Categoría:,,TRAJES DE GALA,,,,,,,,,,,
,,,,,,,,,,,,,,
,,,,,,,,,,,,,,
,,,,,,,,,,,,,,
,TRAJE POLIESTER SLIM 18 AL 20 MOD. 155 ANGELO ROSSI,,,,,,,,,,,,,
,,,,,,,,,,,,,,
,Clave:,,TJ2155,,,,Existencia:,,0,,,,,
,,,,,,,,,,,,,,
,Departamento:,,TRAJES,,,,Precio:,,"$ 1,029.90",,,,,
,,,,,,,,,,,,,,
,Categoría:,,TRAJES DE GALA,,,,,,,,,,,
,,,,,,,,,,,,,,
,,,,,,,,,,,,,,
,,,,,,,,,,,,,,
,TRAJE CORTE INGLES JOS. 2 AL 16 MOD. 3368 - 3369,,,,,,,,,,,,,
,,,,,,,,,,,,,,
,Clave:,,TJ9982,,,,Existencia:,,97,,,,,
,,,,,,,,,,,,,,
,Departamento:,,TRAJES,,,,Precio:,,$ 719.90,,,,,
,,,,,,,,,,,,,,
,Categoría:,,TRAJES DE GALA,,,,,,,,,,,
,,,,,,,,,,,,,,
,,,,,,,,,,,,,,
,,,,,,,,,,,,,,
,TRAJE CORTE INGLES JOS. 18 AL 20 MOD. 3368 - 3369,,,,,,,,,,,,,
,,,,,,,,,,,,,,
,Clave:,,TJ9984,,,,Existencia:,,25,,,,,
,,,,,,,,,,,,,,
,Departamento:,,TRAJES,,,,Precio:,,$ 829.90,,,,,
,,,,,,,,,,,,,,
,Categoría:,,TRAJES DE GALA,,,,,,,,,,,
,,,,,,,,,,,,,,
,,,,,,,,,,,,,,
,,,,,,,,,,,,,,
,TRAJE CORTE INGLES JOS. 34 AL 42 MOD. 1368 - 1369,,,,,,,,,,,,,
,,,,,,,,,,,,,,
,Clave:,,TJ9986,,,,Existencia:,,105,,,,,
,,,,,,,,,,,,,,
,Departamento:,,TRAJES,,,,Precio:,,"$ 1,039.90",,,,,
,,,,,,,,,,,,,,
,Categoría:,,TRAJES DE GALA,,,,,,,,,,,
,,,,,,,,,,,,,,
,,,,,,,,,,,,,,
,,,,,,,,,,,,,,
,TRAJE CORTE INGLES JOS. 44 AL 48 MOD. 1368 - 1369,,,,,,,,,,,,,
,,,,,,,,,,,,,,
,Clave:,,TJ9988,,,,Existencia:,,45,,,,,
,,,,,,,,,,,,,,
,Departamento:,,TRAJES,,,,Precio:,,"$ 1,099.90",,,,,
,,,,,,,,,,,,,,
,Categoría:,,TRAJES DE GALA,,,,,,,,,,,
,,,,,,,,,,,,,,
,,,,,,,,,,,,,,
,,,,,,,,,,,,,,
,TRAJE CORTE INGLES JOS. 50 AL 52 MOD. 1368 - 1369,,,,,,,,,,,,,
,,,,,,,,,,,,,,
,Clave:,,TJ9990,,,,Existencia:,,10,,,,,
,,,,,,,,,,,,,,
,Departamento:,,TRAJES,,,,Precio:,,"$ 1,199.90",,,,,
,,,,,,,,,,,,,,
,Categoría:,,TRAJES DE GALA,,,,,,,,,,,
,,,,,,,,,,,,,,
,,,,,,,,,,,,,,
,,,,,,,,,,,,,,
,TRAJE NORMAN FANTACIA 01 AL 16 MOD. 590,,,,,,,,,,,,,
,,,,,,,,,,,,,,
,Clave:,,TN0102,,,,Existencia:,,0,,,,,
,,,,,,,,,,,,,,
,Departamento:,,TRAJES,,,,Precio:,,$ 599.90,,,,,
,,,,,,,,,,,,,,
,Categoría:,,TRAJES DE GALA,,,,,,,,,,,
,,,,,,,,,,,,,,
,,,,,,,,,,,,,,
,,,,,,,,,,,,,,
,TRAJE NORMAN FANTACIA 18 AL 20 MOD. 590,,,,,,,,,,,,,
,,,,,,,,,,,,,,
,Clave:,,TN0104,,,,Existencia:,,0,,,,,
,,,,,,,,,,,,,,
,Departamento:,,TRAJES,,,,Precio:,,$ 679.90,,,,,
,,,,,,,,,,,,,,
,Categoría:,,TRAJES DE GALA,,,,,,,,,,,
,,,,,,,,,,,,,,
,,,,,,,,,,,,,,
,,,,,,,,,,,,,,
,"TRAJE NORMAN FANTACIA 34 AL 42 MOD. 590, 8008",,,,,,,,,,,,,
,,,,,,,,,,,,,,
,Clave:,,TN0106,,,,Existencia:,,0,,,,,
,,,,,,,,,,,,,,
,Departamento:,,TRAJES,,,,Precio:,,$ 799.90,,,,,
,,,,,,,,,,,,,,
,Categoría:,,TRAJES DE GALA,,,,,,,,,,,
,,,,,,,,,,,,,,
,,,,,,,,,,,,,,
,,,,,,,,,,,,,,
,"TRAJE NORMAN FANTACIA 44 AL 46 MOD. 590, 8008",,,,,,,,,,,,,
,,,,,,,,,,,,,,
,Clave:,,TN0108,,,,Existencia:,,0,,,,,
,,,,,,,,,,,,,,
,Departamento:,,TRAJES,,,,Precio:,,$ 849.90,,,,,
,,,,,,,,,,,,,,
,Categoría:,,TRAJES DE GALA,,,,,,,,,,,
,,,,,,,,,,,,,,
,,,,,,,,,,,,,,
,,,,,,,,,,,,,,
,EQ. TRAJE NORMAN MARINERO 2 AL 16,,,,,,,,,,,,,
,,,,,,,,,,,,,,
,Clave:,,TN0202,,,,Existencia:,,300,,,,,
,,,,,,,,,,,,,,
,Departamento:,,TRAJES,,,,Precio:,,$ 819.90,,,,,
,,,,,,,,,,,,,,
,Categoría:,,COMUNION,,,,,,,,,,,
,,,,,,,,,,,,,,
,,,,,,,,,,,,,,
,,,,,,,,,,,,,,
,EQ. TRAJE NORMAN MARINERO 18 AL 20,,,,,,,,,,,,,
,,,,,,,,,,,,,,
,Clave:,,TN0204,,,,Existencia:,,49,,,,,
,,,,,,,,,,,,,,
,Departamento:,,TRAJES,,,,Precio:,,$ 949.90,,,,,
,,,,,,,,,,,,,,
,Categoría:,,COMUNION,,,,,,,,,,,
,,,,,,,,,,,,,,
,,,,,,,,,,,,,,
,,,,,,,,,,,,,,
,"TRAJE NORMAN RECTO 01 AL 16 MOD. 201, 500",,,,,,,,,,,,,
,,,,,,,,,,,,,,
,Clave:,,TN0302,,,,Existencia:,,451,,,,,
,,,,,,,,,,,,,,
,Departamento:,,TRAJES,,,,Precio:,,$ 539.90,,,,,
,,,,,,,,,,,,,,
,Categoría:,,TRAJES DE GALA,,,,,,,,,,,
,,,,,,,,,,,,,,
,,,,,,,,,,,,,,
,,,,,,,,,,,,,,
,"TRAJE NORMAN RECTO 18 AL 20 MOD. 201, 500",,,,,,,,,,,,,
,,,,,,,,,,,,,,
,Clave:,,TN0304,,,,Existencia:,,105,,,,,
,,,,,,,,,,,,,,
,Departamento:,,TRAJES,,,,Precio:,,$ 639.90,,,,,
,,,,,,,,,,,,,,
,Categoría:,,TRAJES DE GALA,,,,,,,,,,,
,,,,,,,,,,,,,,
,,,,,,,,,,,,,,
,,,,,,,,,,,,,,
,TRAJE NORMAN SATINADO 02 AL 18 MOD. 792,,,,,,,,,,,,,
,,,,,,,,,,,,,,
,Clave:,,TN1122,,,,Existencia:,,0,,,,,
,,,,,,,,,,,,,,
,Departamento:,,TRAJES,,,,Precio:,,$ 659.90,,,,,
,,,,,,,,,,,,,,
,Categoría:,,TRAJES DE GALA,,,,,,,,,,,
,,,,,,,,,,,,,,
,,,,,,,,,,,,,,
,,,,,,,,,,,,,,
,TRAJE NORMAN SATINADO 34 AL 42 MOD. 792,,,,,,,,,,,,,
,,,,,,,,,,,,,,
,Clave:,,TN3122,,,,Existencia:,,0,,,,,
,,,,,,,,,,,,,,
,Departamento:,,TRAJES,,,,Precio:,,$ 999.90,,,,,
,,,,,,,,,,,,,,
,Categoría:,,TRAJES DE GALA,,,,,,,,,,,
,,,,,,,,,,,,,,
,,,,,,,,,,,,,,
,,,,,,,,,,,,,,
,TUNICA PALOMA BORDADA EXTRA CHICA TT0011,,,,,,,,,,,,,
,,,,,,,,,,,,,,
,Clave:,,TT1011,,,,Existencia:,,0,,,,,
,,,,,,,,,,,,,,
,Departamento:,,PRENDAS DE CEREMONIAS,,,,Precio:,,$ 399.90,,,,,
,,,,,,,,,,,,,,
,Categoría:,,TUNICAS,,,,,,,,,,,
,,,,,,,,,,,,,,
,,,,,,,,,,,,,,
,,,,,,,,,,,,,,
,TUNICA CALIZ  ESTOLA EXTRA CHICA,,,,,,,,,,,,,
,,,,,,,,,,,,,,
,Clave:,,TT1033,,,,Existencia:,,15,,,,,
,,,,,,,,,,,,,,
,Departamento:,,PRENDAS DE CEREMONIAS,,,,Precio:,,$ 399.90,,,,,
,,,,,,,,,,,,,,
,Categoría:,,TUNICAS,,,,,,,,,,,
,,,,,,,,,,,,,,
,,,,,,,,,,,,,,
,,,,,,,,,,,,,,
,TUNICA UVAS  EXTRA CHICA,,,,,,,,,,,,,
,,,,,,,,,,,,,,
,Clave:,,TT1055,,,,Existencia:,,15,,,,,
,,,,,,,,,,,,,,
,Departamento:,,PRENDAS DE CEREMONIAS,,,,Precio:,,$ 399.90,,,,,
,,,,,,,,,,,,,,
,Categoría:,,TUNICAS,,,,,,,,,,,
,,,,,,,,,,,,,,
,,,,,,,,,,,,,,
,,,,,,,,,,,,,,
,TUNICA JHS  FAJERO EXTRA CHICA,,,,,,,,,,,,,
,,,,,,,,,,,,,,
,Clave:,,TT1077,,,,Existencia:,,15,,,,,
,,,,,,,,,,,,,,
,Departamento:,,PRENDAS DE CEREMONIAS,,,,Precio:,,$ 399.90,,,,,
,,,,,,,,,,,,,,
,Categoría:,,TUNICAS,,,,,,,,,,,
,,,,,,,,,,,,,,
,,,,,,,,,,,,,,
,,,,,,,,,,,,,,
,TUNICA GAMA RACIMO 6 AL 16,,,,,,,,,,,,,
,,,,,,,,,,,,,,
,Clave:,,TT1910,,,,Existencia:,,0,,,,,
,,,,,,,,,,,,,,
,Departamento:,,PRENDAS DE CEREMONIAS,,,,Precio:,,$ 359.90,,,,,
,,,,,,,,,,,,,,
,Categoría:,,TUNICAS,,,,,,,,,,,
,,,,,,,,,,,,,,
,,,,,,,,,,,,,,
,,,,,,,,,,,,,,
,TUNICA GAMA VIRGEN 6 AL 16,,,,,,,,,,,,,
,,,,,,,,,,,,,,
,Clave:,,TT1913,,,,Existencia:,,0,,,,,
,,,,,,,,,,,,,,
,Departamento:,,PRENDAS DE CEREMONIAS,,,,Precio:,,$ 359.90,,,,,
,,,,,,,,,,,,,,
,Categoría:,,TUNICAS,,,,,,,,,,,
,,,,,,,,,,,,,,
,,,,,,,,,,,,,,
,,,,,,,,,,,,,,
,TUNICA GAMA CUELLO MAU 6 AL 16,,,,,,,,,,,,,
,,,,,,,,,,,,,,
,Clave:,,TT1915,,,,Existencia:,,0,,,,,
,,,,,,,,,,,,,,
,Departamento:,,PRENDAS DE CEREMONIAS,,,,Precio:,,$ 359.90,,,,,
,,,,,,,,,,,,,,
,Categoría:,,TUNICAS,,,,,,,,,,,
,,,,,,,,,,,,,,
,,,,,,,,,,,,,,
,,,,,,,,,,,,,,
,TUNICA GAMA CALIZ JHS 6 AL 16,,,,,,,,,,,,,
,,,,,,,,,,,,,,
,Clave:,,TT1917,,,,Existencia:,,0,,,,,
,,,,,,,,,,,,,,
,Departamento:,,PRENDAS DE CEREMONIAS,,,,Precio:,,$ 359.90,,,,,
,,,,,,,,,,,,,,
,Categoría:,,TUNICAS,,,,,,,,,,,
,,,,,,,,,,,,,,
,,,,,,,,,,,,,,
,,,,,,,,,,,,,,
,TUNICA GAMA LIVERTAD MAU 6 AL 16,,,,,,,,,,,,,
,,,,,,,,,,,,,,
,Clave:,,TT1919,,,,Existencia:,,0,,,,,
,,,,,,,,,,,,,,
,Departamento:,,PRENDAS DE CEREMONIAS,,,,Precio:,,$ 359.90,,,,,
,,,,,,,,,,,,,,
,Categoría:,,TUNICAS,,,,,,,,,,,
,,,,,,,,,,,,,,
,,,,,,,,,,,,,,
,,,,,,,,,,,,,,
,TUNICA GAMA CRUZ EGIPCIA 6 AL 16,,,,,,,,,,,,,
,,,,,,,,,,,,,,
,Clave:,,TT1920,,,,Existencia:,,0,,,,,
,,,,,,,,,,,,,,
,Departamento:,,PRENDAS DE CEREMONIAS,,,,Precio:,,$ 359.90,,,,,
,,,,,,,,,,,,,,
,Categoría:,,TUNICAS,,,,,,,,,,,
,,,,,,,,,,,,,,
,,,,,,,,,,,,,,
,,,,,,,,,,,,,,
,TUNICA GAMA PASCUAL MAU 6 AL 16,,,,,,,,,,,,,
,,,,,,,,,,,,,,
,Clave:,,TT1922,,,,Existencia:,,0,,,,,
,,,,,,,,,,,,,,
,Departamento:,,PRENDAS DE CEREMONIAS,,,,Precio:,,$ 359.90,,,,,
,,,,,,,,,,,,,,
,Categoría:,,TUNICAS,,,,,,,,,,,
,,,,,,,,,,,,,,
,,,,,,,,,,,,,,
,,,,,,,,,,,,,,
,TUNICA PALOMA BORDADA CHICA TT0011,,,,,,,,,,,,,
,,,,,,,,,,,,,,
,Clave:,,TT2011,,,,Existencia:,,0,,,,,
,,,,,,,,,,,,,,
,Departamento:,,PRENDAS DE CEREMONIAS,,,,Precio:,,$ 399.90,,,,,
,,,,,,,,,,,,,,
,Categoría:,,TUNICAS,,,,,,,,,,,
,,,,,,,,,,,,,,
,,,,,,,,,,,,,,
,,,,,,,,,,,,,,
,TUNICA CALIZ ESTOLA CHICA,,,,,,,,,,,,,
,,,,,,,,,,,,,,
,Clave:,,TT2033,,,,Existencia:,,10,,,,,
,,,,,,,,,,,,,,
,Departamento:,,PRENDAS DE CEREMONIAS,,,,Precio:,,$ 399.90,,,,,
,,,,,,,,,,,,,,
,Categoría:,,TUNICAS,,,,,,,,,,,
,,,,,,,,,,,,,,
,,,,,,,,,,,,,,
,,,,,,,,,,,,,,
,TUNICA UVAS CHICA,,,,,,,,,,,,,
,,,,,,,,,,,,,,
,Clave:,,TT2055,,,,Existencia:,,10,,,,,
,,,,,,,,,,,,,,
,Departamento:,,PRENDAS DE CEREMONIAS,,,,Precio:,,$ 399.90,,,,,
,,,,,,,,,,,,,,
,Categoría:,,TUNICAS,,,,,,,,,,,
,,,,,,,,,,,,,,
,,,,,,,,,,,,,,
,,,,,,,,,,,,,,
,TUNICA JHS FAJERO CHICA,,,,,,,,,,,,,
,,,,,,,,,,,,,,
,Clave:,,TT2077,,,,Existencia:,,10,,,,,
,,,,,,,,,,,,,,
,Departamento:,,PRENDAS DE CEREMONIAS,,,,Precio:,,$ 399.90,,,,,
,,,,,,,,,,,,,,
,Categoría:,,TUNICAS,,,,,,,,,,,
,,,,,,,,,,,,,,
,,,,,,,,,,,,,,
,,,,,,,,,,,,,,
,TUNICA PALOMA BORDADA MEDIANA TT0011,,,,,,,,,,,,,
,,,,,,,,,,,,,,
,Clave:,,TT3011,,,,Existencia:,,0,,,,,
,,,,,,,,,,,,,,
,Departamento:,,PRENDAS DE CEREMONIAS,,,,Precio:,,$ 399.90,,,,,
,,,,,,,,,,,,,,
,Categoría:,,TUNICAS,,,,,,,,,,,
,,,,,,,,,,,,,,
,,,,,,,,,,,,,,
,,,,,,,,,,,,,,
,TUNICA CALIZ ESTOLA MEDIANA,,,,,,,,,,,,,
,,,,,,,,,,,,,,
,Clave:,,TT3033,,,,Existencia:,,10,,,,,
,,,,,,,,,,,,,,
,Departamento:,,PRENDAS DE CEREMONIAS,,,,Precio:,,$ 399.90,,,,,
,,,,,,,,,,,,,,
,Categoría:,,TUNICAS,,,,,,,,,,,
,,,,,,,,,,,,,,
,,,,,,,,,,,,,,
,,,,,,,,,,,,,,
,TUNICA UVAS MEDIANA,,,,,,,,,,,,,
,,,,,,,,,,,,,,
,Clave:,,TT3055,,,,Existencia:,,10,,,,,
,,,,,,,,,,,,,,
,Departamento:,,PRENDAS DE CEREMONIAS,,,,Precio:,,$ 399.90,,,,,
,,,,,,,,,,,,,,
,Categoría:,,TUNICAS,,,,,,,,,,,
,,,,,,,,,,,,,,
,,,,,,,,,,,,,,
,,,,,,,,,,,,,,
,TUNICA JHS FAJERO MEDIANA,,,,,,,,,,,,,
,,,,,,,,,,,,,,
,Clave:,,TT3077,,,,Existencia:,,10,,,,,
,,,,,,,,,,,,,,
,Departamento:,,PRENDAS DE CEREMONIAS,,,,Precio:,,$ 399.90,,,,,
,,,,,,,,,,,,,,
,Categoría:,,TUNICAS,,,,,,,,,,,
,,,,,,,,,,,,,,
,,,,,,,,,,,,,,
,,,,,,,,,,,,,,
,TUNICA GAMA LIVERTAD MAU 18,,,,,,,,,,,,,
,,,,,,,,,,,,,,
,Clave:,,TT3919,,,,Existencia:,,0,,,,,
,,,,,,,,,,,,,,
,Departamento:,,PRENDAS DE CEREMONIAS,,,,Precio:,,$ 399.90,,,,,
,,,,,,,,,,,,,,
,Categoría:,,TUNICAS,,,,,,,,,,,
,,,,,,,,,,,,,,
,,,,,,,,,,,,,,
,,,,,,,,,,,,,,
,TUNICA GAMA PASCUAL MAU 18,,,,,,,,,,,,,
,,,,,,,,,,,,,,
,Clave:,,TT3922,,,,Existencia:,,0,,,,,
,,,,,,,,,,,,,,
,Departamento:,,PRENDAS DE CEREMONIAS,,,,Precio:,,$ 399.90,,,,,
,,,,,,,,,,,,,,
,Categoría:,,TUNICAS,,,,,,,,,,,
,,,,,,,,,,,,,,
,,,,,,,,,,,,,,
,,,,,,,,,,,,,,
,TUNICA PALOMA BORDADA GRANDE TT0022,,,,,,,,,,,,,
,,,,,,,,,,,,,,
,Clave:,,TT4022,,,,Existencia:,,0,,,,,
,,,,,,,,,,,,,,
,Departamento:,,PRENDAS DE CEREMONIAS,,,,Precio:,,$ 399.90,,,,,
,,,,,,,,,,,,,,
,Categoría:,,TUNICAS,,,,,,,,,,,
,,,,,,,,,,,,,,
,,,,,,,,,,,,,,
,,,,,,,,,,,,,,
,TUNICA CALIZ ESTOLA GRANDE,,,,,,,,,,,,,
,,,,,,,,,,,,,,
,Clave:,,TT4044,,,,Existencia:,,10,,,,,
,,,,,,,,,,,,,,
,Departamento:,,PRENDAS DE CEREMONIAS,,,,Precio:,,$ 399.90,,,,,
,,,,,,,,,,,,,,
,Categoría:,,TUNICAS,,,,,,,,,,,
,,,,,,,,,,,,,,
,,,,,,,,,,,,,,
,,,,,,,,,,,,,,
,TUNICA UVAS GRANDE,,,,,,,,,,,,,
,,,,,,,,,,,,,,
,Clave:,,TT4066,,,,Existencia:,,10,,,,,
,,,,,,,,,,,,,,
,Departamento:,,PRENDAS DE CEREMONIAS,,,,Precio:,,$ 399.90,,,,,
,,,,,,,,,,,,,,
,Categoría:,,TUNICAS,,,,,,,,,,,
,,,,,,,,,,,,,,
,,,,,,,,,,,,,,
,,,,,,,,,,,,,,
,TUNICA JHS FAJERO GRANDE,,,,,,,,,,,,,
,,,,,,,,,,,,,,
,Clave:,,TT4088,,,,Existencia:,,10,,,,,
,,,,,,,,,,,,,,
,Departamento:,,PRENDAS DE CEREMONIAS,,,,Precio:,,$ 399.90,,,,,
,,,,,,,,,,,,,,
,Categoría:,,TUNICAS,,,,,,,,,,,
,,,,,,,,,,,,,,
,,,,,,,,,,,,,,
,,,,,,,,,,,,,,
,TUNICA PALOMA BORDADA EXTRA GRANDE TT0022,,,,,,,,,,,,,
,,,,,,,,,,,,,,
,Clave:,,TT5022,,,,Existencia:,,0,,,,,
,,,,,,,,,,,,,,
,Departamento:,,PRENDAS DE CEREMONIAS,,,,Precio:,,$ 449.90,,,,,
,,,,,,,,,,,,,,
,Categoría:,,TUNICAS,,,,,,,,,,,
,,,,,,,,,,,,,,
,,,,,,,,,,,,,,
,,,,,,,,,,,,,,
,TUNICA CALIZ ESTOLA EXTRA GRANDE,,,,,,,,,,,,,
,,,,,,,,,,,,,,
,Clave:,,TT5044,,,,Existencia:,,10,,,,,
,,,,,,,,,,,,,,
,Departamento:,,PRENDAS DE CEREMONIAS,,,,Precio:,,$ 399.90,,,,,
,,,,,,,,,,,,,,
,Categoría:,,TUNICAS,,,,,,,,,,,
,,,,,,,,,,,,,,
,,,,,,,,,,,,,,
,,,,,,,,,,,,,,
,TUNICA UVAS EXTRA GRANDE,,,,,,,,,,,,,
,,,,,,,,,,,,,,
,Clave:,,TT5066,,,,Existencia:,,10,,,,,
,,,,,,,,,,,,,,
,Departamento:,,PRENDAS DE CEREMONIAS,,,,Precio:,,$ 399.90,,,,,
,,,,,,,,,,,,,,
,Categoría:,,TUNICAS,,,,,,,,,,,
,,,,,,,,,,,,,,
,,,,,,,,,,,,,,
,,,,,,,,,,,,,,
,TUNICA JHS FAJERO EXTRA GRANDE,,,,,,,,,,,,,
,,,,,,,,,,,,,,
,Clave:,,TT5088,,,,Existencia:,,10,,,,,
,,,,,,,,,,,,,,
,Departamento:,,PRENDAS DE CEREMONIAS,,,,Precio:,,$ 399.90,,,,,
,,,,,,,,,,,,,,
,Categoría:,,TUNICAS,,,,,,,,,,,
,,,,,,,,,,,,,,
,,,,,,,,,,,,,,
,,,,,,,,,,,,,,
,TUNICA GAMA LIVERTAD MAU ADULTO,,,,,,,,,,,,,
,,,,,,,,,,,,,,
,Clave:,,TT5919,,,,Existencia:,,0,,,,,
,,,,,,,,,,,,,,
,Departamento:,,PRENDAS DE CEREMONIAS,,,,Precio:,,$ 439.90,,,,,
,,,,,,,,,,,,,,
,Categoría:,,TUNICAS,,,,,,,,,,,
,,,,,,,,,,,,,,
,,,,,,,,,,,,,,
,,,,,,,,,,,,,,
,TUNICA GAMA PASCUAL MAU ADULTO,,,,,,,,,,,,,
,,,,,,,,,,,,,,
,Clave:,,TT5922,,,,Existencia:,,0,,,,,
,,,,,,,,,,,,,,
,Departamento:,,PRENDAS DE CEREMONIAS,,,,Precio:,,$ 439.90,,,,,
,,,,,,,,,,,,,,
,Categoría:,,TUNICAS,,,,,,,,,,,
,,,,,,,,,,,,,,
,,,,,,,,,,,,,,
,,,,,,,,,,,,,,
,TUNICA PALOMA BORDADA ADULTO,,,,,,,,,,,,,
,,,,,,,,,,,,,,
,Clave:,,TT6022,,,,Existencia:,,0,,,,,
,,,,,,,,,,,,,,
,Departamento:,,PRENDAS DE CEREMONIAS,,,,Precio:,,$ 449.90,,,,,
,,,,,,,,,,,,,,
,Categoría:,,TUNICAS,,,,,,,,,,,
,,,,,,,,,,,,,,
,,,,,,,,,,,,,,
,,,,,,,,,,,,,,
,TUNICA UVAS ADULTO,,,,,,,,,,,,,
,,,,,,,,,,,,,,
,Clave:,,TT6066,,,,Existencia:,,0,,,,,
,,,,,,,,,,,,,,
,Departamento:,,PRENDAS DE CEREMONIAS,,,,Precio:,,$ 479.90,,,,,
,,,,,,,,,,,,,,
,Categoría:,,TUNICAS,,,,,,,,,,,
,,,,,,,,,,,,,,
,,,,,,,,,,,,,,
,,,,,,,,,,,,,,
,TUNICA JHS FAJERO ADULTO,,,,,,,,,,,,,
,,,,,,,,,,,,,,
,Clave:,,TT6088,,,,Existencia:,,0,,,,,
,,,,,,,,,,,,,,
,Departamento:,,PRENDAS DE CEREMONIAS,,,,Precio:,,$ 479.90,,,,,
,,,,,,,,,,,,,,
,Categoría:,,TUNICAS,,,,,,,,,,,
,,,,,,,,,,,,,,
,,,,,,,,,,,,,,
,,,,,,,,,,,,,,
,TUNICA RESPLANDOR EXTRA CHICA,,,,,,,,,,,,,
,,,,,,,,,,,,,,
,Clave:,,TT7101,,,,Existencia:,,0,,,,,
,,,,,,,,,,,,,,
,Departamento:,,PRENDAS DE CEREMONIAS,,,,Precio:,,$ 399.90,,,,,
,,,,,,,,,,,,,,
,Categoría:,,TUNICAS,,,,,,,,,,,
,,,,,,,,,,,,,,
,,,,,,,,,,,,,,
,,,,,,,,,,,,,,
,TUNICA RESPLANDOR CHICA,,,,,,,,,,,,,
,,,,,,,,,,,,,,
,Clave:,,TT7102,,,,Existencia:,,0,,,,,
,,,,,,,,,,,,,,
,Departamento:,,PRENDAS DE CEREMONIAS,,,,Precio:,,$ 399.90,,,,,
,,,,,,,,,,,,,,
,Categoría:,,TUNICAS,,,,,,,,,,,
,,,,,,,,,,,,,,
,,,,,,,,,,,,,,
,,,,,,,,,,,,,,
,TUNICA RESPLANDOR MEDIANA,,,,,,,,,,,,,
,,,,,,,,,,,,,,
,Clave:,,TT7103,,,,Existencia:,,0,,,,,
,,,,,,,,,,,,,,
,Departamento:,,PRENDAS DE CEREMONIAS,,,,Precio:,,$ 399.90,,,,,
,,,,,,,,,,,,,,
,Categoría:,,TUNICAS,,,,,,,,,,,
,,,,,,,,,,,,,,
,,,,,,,,,,,,,,
,,,,,,,,,,,,,,
,TUNICA RESPLANDOR GRANDE,,,,,,,,,,,,,
,,,,,,,,,,,,,,
,Clave:,,TT7104,,,,Existencia:,,0,,,,,
,,,,,,,,,,,,,,
,Departamento:,,PRENDAS DE CEREMONIAS,,,,Precio:,,$ 399.90,,,,,
,,,,,,,,,,,,,,
,Categoría:,,TUNICAS,,,,,,,,,,,
,,,,,,,,,,,,,,
,,,,,,,,,,,,,,
,,,,,,,,,,,,,,
,TUNICA RESPLANDOR EXTRA GRANDE,,,,,,,,,,,,,
,,,,,,,,,,,,,,
,Clave:,,TT7105,,,,Existencia:,,0,,,,,
,,,,,,,,,,,,,,
,Departamento:,,PRENDAS DE CEREMONIAS,,,,Precio:,,$ 399.90,,,,,
,,,,,,,,,,,,,,
,Categoría:,,TUNICAS,,,,,,,,,,,
,,,,,,,,,,,,,,
,,,,,,,,,,,,,,
,,,,,,,,,,,,,,
,TUNICA RESPLANDOR ADULTO,,,,,,,,,,,,,
,,,,,,,,,,,,,,
,Clave:,,TT7106,,,,Existencia:,,0,,,,,
,,,,,,,,,,,,,,
,Departamento:,,PRENDAS DE CEREMONIAS,,,,Precio:,,$ 479.90,,,,,
,,,,,,,,,,,,,,
,Categoría:,,TUNICAS,,,,,,,,,,,
,,,,,,,,,,,,,,
,,,,,,,,,,,,,,
,,,,,,,,,,,,,,
,TUNICA PUREZA Y PAZ EXTRA CHICA,,,,,,,,,,,,,
,,,,,,,,,,,,,,
,Clave:,,TT7301,,,,Existencia:,,0,,,,,
,,,,,,,,,,,,,,
,Departamento:,,PRENDAS DE CEREMONIAS,,,,Precio:,,$ 399.90,,,,,
,,,,,,,,,,,,,,
,Categoría:,,TUNICAS,,,,,,,,,,,
,,,,,,,,,,,,,,
,,,,,,,,,,,,,,
,,,,,,,,,,,,,,
,TUNICA PUREZA Y PAZ CHICA,,,,,,,,,,,,,
,,,,,,,,,,,,,,
,Clave:,,TT7302,,,,Existencia:,,0,,,,,
,,,,,,,,,,,,,,
,Departamento:,,PRENDAS DE CEREMONIAS,,,,Precio:,,$ 399.90,,,,,
,,,,,,,,,,,,,,
,Categoría:,,TUNICAS,,,,,,,,,,,
,,,,,,,,,,,,,,
,,,,,,,,,,,,,,
,,,,,,,,,,,,,,
,TUNICA PUREZA Y PAZ MEDIANA,,,,,,,,,,,,,
,,,,,,,,,,,,,,
,Clave:,,TT7303,,,,Existencia:,,0,,,,,
,,,,,,,,,,,,,,
,Departamento:,,PRENDAS DE CEREMONIAS,,,,Precio:,,$ 399.90,,,,,
,,,,,,,,,,,,,,
,Categoría:,,TUNICAS,,,,,,,,,,,
,,,,,,,,,,,,,,
,,,,,,,,,,,,,,
,,,,,,,,,,,,,,
,TUNICA PUREZA Y PAZ GRANDE,,,,,,,,,,,,,
,,,,,,,,,,,,,,
,Clave:,,TT7304,,,,Existencia:,,0,,,,,
,,,,,,,,,,,,,,
,Departamento:,,PRENDAS DE CEREMONIAS,,,,Precio:,,$ 399.90,,,,,
,,,,,,,,,,,,,,
,Categoría:,,TUNICAS,,,,,,,,,,,
,,,,,,,,,,,,,,
,,,,,,,,,,,,,,
,,,,,,,,,,,,,,
,TUNICA PUREZA Y PAZ EXTRA GRANDE,,,,,,,,,,,,,
,,,,,,,,,,,,,,
,Clave:,,TT7305,,,,Existencia:,,0,,,,,
,,,,,,,,,,,,,,
,Departamento:,,PRENDAS DE CEREMONIAS,,,,Precio:,,$ 449.90,,,,,
,,,,,,,,,,,,,,
,Categoría:,,TUNICAS,,,,,,,,,,,
,,,,,,,,,,,,,,
,,,,,,,,,,,,,,
,,,,,,,,,,,,,,
,TUNICA PUREZA Y PAZ ADULTO,,,,,,,,,,,,,
,,,,,,,,,,,,,,
,Clave:,,TT7306,,,,Existencia:,,0,,,,,
,,,,,,,,,,,,,,
,Departamento:,,PRENDAS DE CEREMONIAS,,,,Precio:,,$ 449.90,,,,,
,,,,,,,,,,,,,,
,Categoría:,,TUNICAS,,,,,,,,,,,
,,,,,,,,,,,,,,
,,,,,,,,,,,,,,
,,,,,,,,,,,,,,
,"EQ. TRAJE VAQUERO 0 AL 4 CON SOMBRERO, VELA HERRADURA Y PORTATRAJE",,,,,,,,,,,,,
,,,,,,,,,,,,,,
,Clave:,,TV3523,,,,Existencia:,,0,,,,,
,,,,,,,,,,,,,,
,Departamento:,,BAUTIZO NIÑO,,,,Precio:,,"$ 1,299.90",,,,,
,,,,,,,,,,,,,,
,Categoría:,,TRAJECITO,,,,,,,,,,,
,,,,,,,,,,,,,,
,,,,,,,,,,,,,,
,,,,,,,,,,,,,,
,"EQ. TRAJE VAQUERO 6 AL 8 CON SOMBRERO, VELA HERRADURA Y PORTATRAJE",,,,,,,,,,,,,
,,,,,,,,,,,,,,
,Clave:,,TV7523,,,,Existencia:,,0,,,,,
,,,,,,,,,,,,,,
,Departamento:,,BAUTIZO NIÑO,,,,Precio:,,"$ 1,399.90",,,,,
,,,,,,,,,,,,,,
,Categoría:,,TRAJECITO,,,,,,,,,,,
,,,,,,,,,,,,,,
,,,,,,,,,,,,,,
,,,,,,,,,,,,,,
,EQ. TRAJE KARINA LINO RECTO 02 AL 16,,,,,,,,,,,,,
,,,,,,,,,,,,,,
,Clave:,,TX0004,,,,Existencia:,,174,,,,,
,,,,,,,,,,,,,,
,Departamento:,,TRAJES,,,,Precio:,,"$ 1,199.90",,,,,
,,,,,,,,,,,,,,
,Categoría:,,TRAJES DE GALA,,,,,,,,,,,
,,,,,,,,,,,,,,
,,,,,,,,,,,,,,
,,,,,,,,,,,,,,
,EQ. TRAJE KARINA LINO RECTO 18,,,,,,,,,,,,,
,,,,,,,,,,,,,,
,Clave:,,TX0006,,,,Existencia:,,18,,,,,
,,,,,,,,,,,,,,
,Departamento:,,TRAJES,,,,Precio:,,"$ 1,319.90",,,,,
,,,,,,,,,,,,,,
,Categoría:,,TRAJES DE GALA,,,,,,,,,,,
,,,,,,,,,,,,,,
,,,,,,,,,,,,,,
,,,,,,,,,,,,,,
,FRAC KARINA 0 AL 8 LISO O BROCADO,,,,,,,,,,,,,
,,,,,,,,,,,,,,
,Clave:,,TX1002,,,,Existencia:,,285,,,,,
,,,,,,,,,,,,,,
,Departamento:,,TRAJES,,,,Precio:,,$ 399.90,,,,,
,,,,,,,,,,,,,,
,Categoría:,,TRAJES DE GALA,,,,,,,,,,,
,,,,,,,,,,,,,,
,,,,,,,,,,,,,,
,,,,,,,,,,,,,,
,FRAC KARINA 10 AL 12 LISO O BROCADO,,,,,,,,,,,,,
,,,,,,,,,,,,,,
,Clave:,,TX1008,,,,Existencia:,,55,,,,,
,,,,,,,,,,,,,,
,Departamento:,,TRAJES,,,,Precio:,,$ 439.90,,,,,
,,,,,,,,,,,,,,
,Categoría:,,TRAJES DE GALA,,,,,,,,,,,
,,,,,,,,,,,,,,
,,,,,,,,,,,,,,
,,,,,,,,,,,,,,
,TRAJE SEBASTIANNY RECTO BEBE 0 Al 4,,,,,,,,,,,,,
,,,,,,,,,,,,,,
,Clave:,,TX3002,,,,Existencia:,,0,,,,,
,,,,,,,,,,,,,,
,Departamento:,,TRAJES,,,,Precio:,,$ 499.90,,,,,
,,,,,,,,,,,,,,
,Categoría:,,TRAJES DE GALA,,,,,,,,,,,
,,,,,,,,,,,,,,
,,,,,,,,,,,,,,
,,,,,,,,,,,,,,
,EQ. TRAJE SEBASTIANNY RECTO SMOKING 2 AL 16,,,,,,,,,,,,,
,,,,,,,,,,,,,,
,Clave:,,TX3004,,,,Existencia:,,0,,,,,
,,,,,,,,,,,,,,
,Departamento:,,TRAJES,,,,Precio:,,$ 899.90,,,,,
,,,,,,,,,,,,,,
,Categoría:,,TRAJES DE GALA,,,,,,,,,,,
,,,,,,,,,,,,,,
,,,,,,,,,,,,,,
,,,,,,,,,,,,,,
,EQ. TRAJE SEBASTIANNY RECTO  SMOKING 18,,,,,,,,,,,,,
,,,,,,,,,,,,,,
,Clave:,,TX3006,,,,Existencia:,,0,,,,,
,,,,,,,,,,,,,,
,Departamento:,,TRAJES,,,,Precio:,,"$ 1,029.90",,,,,
,,,,,,,,,,,,,,
,Categoría:,,TRAJES DE GALA,,,,,,,,,,,
,,,,,,,,,,,,,,
,,,,,,,,,,,,,,
,,,,,,,,,,,,,,
,TRAJE SEBASTIANNY SLIM POLIESTER 2 AL 8,,,,,,,,,,,,,
,,,,,,,,,,,,,,
,Clave:,,TX3901,,,,Existencia:,,0,,,,,
,,,,,,,,,,,,,,
,Departamento:,,TRAJES,,,,Precio:,,$ 519.90,,,,,
,,,,,,,,,,,,,,
,Categoría:,,TRAJES DE GALA,,,,,,,,,,,
,,,,,,,,,,,,,,
,,,,,,,,,,,,,,
,,,,,,,,,,,,,,
,TRAJE SEBASTIANNY SLIM POLIESTER 10 AL 16,,,,,,,,,,,,,
,,,,,,,,,,,,,,
,Clave:,,TX3902,,,,Existencia:,,0,,,,,
,,,,,,,,,,,,,,
,Departamento:,,TRAJES,,,,Precio:,,$ 519.90,,,,,
,,,,,,,,,,,,,,
,Categoría:,,TRAJES DE GALA,,,,,,,,,,,
,,,,,,,,,,,,,,
,,,,,,,,,,,,,,
,,,,,,,,,,,,,,
,TRAJE SEBASTIANNY SLIM POLIESTER 18,,,,,,,,,,,,,
,,,,,,,,,,,,,,
,Clave:,,TX3903,,,,Existencia:,,0,,,,,
,,,,,,,,,,,,,,
,Departamento:,,TRAJES,,,,Precio:,,$ 619.90,,,,,
,,,,,,,,,,,,,,
,Categoría:,,TRAJES DE GALA,,,,,,,,,,,
,,,,,,,,,,,,,,
,,,,,,,,,,,,,,
,,,,,,,,,,,,,,
,TRAJE SEBASTIANNY SLIM POLIESTER 34 AL 40,,,,,,,,,,,,,
,,,,,,,,,,,,,,
,Clave:,,TX3905,,,,Existencia:,,0,,,,,
,,,,,,,,,,,,,,
,Departamento:,,TRAJES,,,,Precio:,,$ 789.00,,,,,
,,,,,,,,,,,,,,
,Categoría:,,TRAJES DE GALA,,,,,,,,,,,
,,,,,,,,,,,,,,
,,,,,,,,,,,,,,
,,,,,,,,,,,,,,
,TRAJE SEBASTIANNY SLIM POLIESTER 42 AL 46,,,,,,,,,,,,,
,,,,,,,,,,,,,,
,Clave:,,TX3906,,,,Existencia:,,0,,,,,
,,,,,,,,,,,,,,
,Departamento:,,TRAJES,,,,Precio:,,$ 789.90,,,,,
,,,,,,,,,,,,,,
,Categoría:,,TRAJES DE GALA,,,,,,,,,,,
,,,,,,,,,,,,,,
,,,,,,,,,,,,,,
,,,,,,,,,,,,,,
,TORERO KARINA 0 AL 8 LISO Ó BROCADO,,,,,,,,,,,,,
,,,,,,,,,,,,,,
,Clave:,,TX4002,,,,Existencia:,,263,,,,,
,,,,,,,,,,,,,,
,Departamento:,,TRAJES,,,,Precio:,,$ 399.90,,,,,
,,,,,,,,,,,,,,
,Categoría:,,TRAJES DE GALA,,,,,,,,,,,
,,,,,,,,,,,,,,
,,,,,,,,,,,,,,
,,,,,,,,,,,,,,
,TORERO KARINA 10 AL 12 LISO O BROCADO,,,,,,,,,,,,,
,,,,,,,,,,,,,,
,Clave:,,TX4008,,,,Existencia:,,0,,,,,
,,,,,,,,,,,,,,
,Departamento:,,TRAJES,,,,Precio:,,$ 439.90,,,,,
,,,,,,,,,,,,,,
,Categoría:,,TRAJES DE GALA,,,,,,,,,,,
,,,,,,,,,,,,,,
,,,,,,,,,,,,,,
,,,,,,,,,,,,,,
,TRAJE SEBASTIANNY SATINADO 34 AL 44 KAR,,,,,,,,,,,,,
,,,,,,,,,,,,,,
,Clave:,,TX4022,,,,Existencia:,,0,,,,,
,,,,,,,,,,,,,,
,Departamento:,,TRAJES,,,,Precio:,,"$ 1,349.90",,,,,
,,,,,,,,,,,,,,
,Categoría:,,TRAJES DE GALA,,,,,,,,,,,
,,,,,,,,,,,,,,
,,,,,,,,,,,,,,
,,,,,,,,,,,,,,
,TRAJE CADETE 2 AL 8,,,,,,,,,,,,,
,,,,,,,,,,,,,,
,Clave:,,TX5002,,,,Existencia:,,0,,,,,
,,,,,,,,,,,,,,
,Departamento:,,TRAJES,,,,Precio:,,$ 399.90,,,,,
,,,,,,,,,,,,,,
,Categoría:,,TRAJES DE GALA,,,,,,,,,,,
,,,,,,,,,,,,,,
,,,,,,,,,,,,,,
,,,,,,,,,,,,,,
,TRAJE VAQUERO 1 AL 8 KARINA,,,,,,,,,,,,,
,,,,,,,,,,,,,,
,Clave:,,TX6002,,,,Existencia:,,0,,,,,
,,,,,,,,,,,,,,
,Departamento:,,TRAJES,,,,Precio:,,$ 349.90,,,,,
,,,,,,,,,,,,,,
,Categoría:,,TRAJES DE GALA,,,,,,,,,,,
,,,,,,,,,,,,,,
,,,,,,,,,,,,,,
,,,,,,,,,,,,,,
,EQ. TRAJE SEBASTIANNY MAU CON CHALECO GALES 02 AL 16,,,,,,,,,,,,,
,,,,,,,,,,,,,,
,Clave:,,TX7002,,,,Existencia:,,245,,,,,
,,,,,,,,,,,,,,
,Departamento:,,TRAJES,,,,Precio:,,$ 974.90,,,,,
,,,,,,,,,,,,,,
,Categoría:,,TRAJES DE GALA,,,,,,,,,,,
,,,,,,,,,,,,,,
,,,,,,,,,,,,,,
,,,,,,,,,,,,,,
,EQ. TRAJE SEBASTIANNY MAU 18 CON CHALECO DE GALES,,,,,,,,,,,,,
,,,,,,,,,,,,,,
,Clave:,,TX7004,,,,Existencia:,,10,,,,,
,,,,,,,,,,,,,,
,Departamento:,,TRAJES,,,,Precio:,,"$ 1,094.90",,,,,
,,,,,,,,,,,,,,
,Categoría:,,TRAJES DE GALA,,,,,,,,,,,
,,,,,,,,,,,,,,
,,,,,,,,,,,,,,
,,,,,,,,,,,,,,
,EQ. TRAJE SEBASTIANNY MARINERO 2 AL 16,,,,,,,,,,,,,
,,,,,,,,,,,,,,
,Clave:,,TX8002,,,,Existencia:,,439,,,,,
,,,,,,,,,,,,,,
,Departamento:,,TRAJES,,,,Precio:,,$ 899.90,,,,,
,,,,,,,,,,,,,,
,Categoría:,,TRAJES DE GALA,,,,,,,,,,,
,,,,,,,,,,,,,,
,,,,,,,,,,,,,,
,,,,,,,,,,,,,,
,EQ. TRAJE SEBASTIANNY MARINERO 18,,,,,,,,,,,,,
,,,,,,,,,,,,,,
,Clave:,,TX8004,,,,Existencia:,,49,,,,,
,,,,,,,,,,,,,,
,Departamento:,,TRAJES,,,,Precio:,,"$ 1,029.90",,,,,
,,,,,,,,,,,,,,
,Categoría:,,TRAJES DE GALA,,,,,,,,,,,
,,,,,,,,,,,,,,
,,,,,,,,,,,,,,
,,,,,,,,,,,,,,
,VELA BAUTIZO ESTRELLA,,,,,,,,,,,,,
,,,,,,,,,,,,,,
,Clave:,,VB0002,,,,Existencia:,,0,,,,,
,,,,,,,,,,,,,,
,Departamento:,,VELAS,,,,Precio:,,$ 54.90,,,,,
,,,,,,,,,,,,,,
,Categoría:,,BAUTIZO,,,,,,,,,,,
,,,,,,,,,,,,,,
,,,,,,,,,,,,,,
,,,,,,,,,,,,,,
,VELA BAU. KATY,,,,,,,,,,,,,
,,,,,,,,,,,,,,
,Clave:,,VB0004,,,,Existencia:,,0,,,,,
,,,,,,,,,,,,,,
,Departamento:,,VELAS,,,,Precio:,,$ 119.90,,,,,
,,,,,,,,,,,,,,
,Categoría:,,BAUTIZO,,,,,,,,,,,
,,,,,,,,,,,,,,
,,,,,,,,,,,,,,
,,,,,,,,,,,,,,
,VELA BAU. TONY,,,,,,,,,,,,,
,,,,,,,,,,,,,,
,Clave:,,VB0006,,,,Existencia:,,0,,,,,
,,,,,,,,,,,,,,
,Departamento:,,VELAS,,,,Precio:,,$ 115.00,,,,,
,,,,,,,,,,,,,,
,Categoría:,,BAUTIZO,,,,,,,,,,,
,,,,,,,,,,,,,,
,,,,,,,,,,,,,,
,,,,,,,,,,,,,,
,VELA BAU. AVE ANGEL,,,,,,,,,,,,,
,,,,,,,,,,,,,,
,Clave:,,VB0007,,,,Existencia:,,0,,,,,
,,,,,,,,,,,,,,
,Departamento:,,VELAS,,,,Precio:,,$ 169.90,,,,,
,,,,,,,,,,,,,,
,Categoría:,,BAUTIZO,,,,,,,,,,,
,,,,,,,,,,,,,,
,,,,,,,,,,,,,,
,,,,,,,,,,,,,,
,VELA BAU. AVE TIRA REPUJADO FLOR,,,,,,,,,,,,,
,,,,,,,,,,,,,,
,Clave:,,VB0008,,,,Existencia:,,0,,,,,
,,,,,,,,,,,,,,
,Departamento:,,VELAS,,,,Precio:,,$ 169.90,,,,,
,,,,,,,,,,,,,,
,Categoría:,,BAUTIZO,,,,,,,,,,,
,,,,,,,,,,,,,,
,,,,,,,,,,,,,,
,,,,,,,,,,,,,,
,VELA BAU. AVE ESPIRITU SANTO,,,,,,,,,,,,,
,,,,,,,,,,,,,,
,Clave:,,VB0009,,,,Existencia:,,0,,,,,
,,,,,,,,,,,,,,
,Departamento:,,VELAS,,,,Precio:,,$ 169.90,,,,,
,,,,,,,,,,,,,,
,Categoría:,,BAUTIZO,,,,,,,,,,,
,,,,,,,,,,,,,,
,,,,,,,,,,,,,,
,,,,,,,,,,,,,,
,VELA BAU. AVE REPUJADO VIRGEN,,,,,,,,,,,,,
,,,,,,,,,,,,,,
,Clave:,,VB0010,,,,Existencia:,,0,,,,,
,,,,,,,,,,,,,,
,Departamento:,,VELAS,,,,Precio:,,$ 179.90,,,,,
,,,,,,,,,,,,,,
,Categoría:,,BAUTIZO,,,,,,,,,,,
,,,,,,,,,,,,,,
,,,,,,,,,,,,,,
,,,,,,,,,,,,,,
,VELA BAU. CIRIO CRUZ TORRE CADENA,,,,,,,,,,,,,
,,,,,,,,,,,,,,
,Clave:,,VB0011,,,,Existencia:,,0,,,,,
,,,,,,,,,,,,,,
,Departamento:,,VELAS,,,,Precio:,,$ 250.00,,,,,
,,,,,,,,,,,,,,
,Categoría:,,BAUTIZO,,,,,,,,,,,
,,,,,,,,,,,,,,
,,,,,,,,,,,,,,
,,,,,,,,,,,,,,
,VELA BAU. AVE CRISTO TIRA REPUJADO,,,,,,,,,,,,,
,,,,,,,,,,,,,,
,Clave:,,VB0012,,,,Existencia:,,0,,,,,
,,,,,,,,,,,,,,
,Departamento:,,VELAS,,,,Precio:,,$ 169.90,,,,,
,,,,,,,,,,,,,,
,Categoría:,,BAUTIZO,,,,,,,,,,,
,,,,,,,,,,,,,,
,,,,,,,,,,,,,,
,,,,,,,,,,,,,,
,VELA BAU. CRUZ KARIM,,,,,,,,,,,,,
,,,,,,,,,,,,,,
,Clave:,,VB0013,,,,Existencia:,,0,,,,,
,,,,,,,,,,,,,,
,Departamento:,,VELAS,,,,Precio:,,$ 269.90,,,,,
,,,,,,,,,,,,,,
,Categoría:,,BAUTIZO,,,,,,,,,,,
,,,,,,,,,,,,,,
,,,,,,,,,,,,,,
,,,,,,,,,,,,,,
,VELA BAU. ANGELO LASER FRIDA,,,,,,,,,,,,,
,,,,,,,,,,,,,,
,Clave:,,VB0014,,,,Existencia:,,0,,,,,
,,,,,,,,,,,,,,
,Departamento:,,VELAS,,,,Precio:,,$ 320.00,,,,,
,,,,,,,,,,,,,,
,Categoría:,,BAUTIZO,,,,,,,,,,,
,,,,,,,,,,,,,,
,,,,,,,,,,,,,,
,,,,,,,,,,,,,,
,VELA BAU. BAUL FORRADO CRUZ EGIPCIA,,,,,,,,,,,,,
,,,,,,,,,,,,,,
,Clave:,,VB0015,,,,Existencia:,,0,,,,,
,,,,,,,,,,,,,,
,Departamento:,,VELAS,,,,Precio:,,$ 620.00,,,,,
,,,,,,,,,,,,,,
,Categoría:,,BAUTIZO,,,,,,,,,,,
,,,,,,,,,,,,,,
,,,,,,,,,,,,,,
,,,,,,,,,,,,,,
,VELA BAU. AZA SOFY,,,,,,,,,,,,,
,,,,,,,,,,,,,,
,Clave:,,VB0016,,,,Existencia:,,0,,,,,
,,,,,,,,,,,,,,
,Departamento:,,VELAS,,,,Precio:,,$ 140.00,,,,,
,,,,,,,,,,,,,,
,Categoría:,,BAUTIZO,,,,,,,,,,,
,,,,,,,,,,,,,,
,,,,,,,,,,,,,,
,,,,,,,,,,,,,,
,VELA BAU. CIRIO CRUZ ALCANTARA,,,,,,,,,,,,,
,,,,,,,,,,,,,,
,Clave:,,VB0017,,,,Existencia:,,0,,,,,
,,,,,,,,,,,,,,
,Departamento:,,VELAS,,,,Precio:,,$ 250.00,,,,,
,,,,,,,,,,,,,,
,Categoría:,,BAUTIZO,,,,,,,,,,,
,,,,,,,,,,,,,,
,,,,,,,,,,,,,,
,,,,,,,,,,,,,,
,VELA BAU. BAUL FORRADO AMARANTO,,,,,,,,,,,,,
,,,,,,,,,,,,,,
,Clave:,,VB0018,,,,Existencia:,,0,,,,,
,,,,,,,,,,,,,,
,Departamento:,,VELAS,,,,Precio:,,$ 550.00,,,,,
,,,,,,,,,,,,,,
,Categoría:,,BAUTIZO,,,,,,,,,,,
,,,,,,,,,,,,,,
,,,,,,,,,,,,,,
,,,,,,,,,,,,,,
,VELA BAU. CIRIO CRUZ FARAON,,,,,,,,,,,,,
,,,,,,,,,,,,,,
,Clave:,,VB0019,,,,Existencia:,,0,,,,,
,,,,,,,,,,,,,,
,Departamento:,,VELAS,,,,Precio:,,$ 250.00,,,,,
,,,,,,,,,,,,,,
,Categoría:,,BAUTIZO,,,,,,,,,,,
,,,,,,,,,,,,,,
,,,,,,,,,,,,,,
,,,,,,,,,,,,,,
,VELA BAU. CANOA,,,,,,,,,,,,,
,,,,,,,,,,,,,,
,Clave:,,VB0020,,,,Existencia:,,0,,,,,
,,,,,,,,,,,,,,
,Departamento:,,VELAS,,,,Precio:,,$ 125.00,,,,,
,,,,,,,,,,,,,,
,Categoría:,,BAUTIZO,,,,,,,,,,,
,,,,,,,,,,,,,,
,,,,,,,,,,,,,,
,,,,,,,,,,,,,,
,VELA BAU. CIRIO ARANDA,,,,,,,,,,,,,
,,,,,,,,,,,,,,
,Clave:,,VB0021,,,,Existencia:,,0,,,,,
,,,,,,,,,,,,,,
,Departamento:,,VELAS,,,,Precio:,,$ 219.90,,,,,
,,,,,,,,,,,,,,
,Categoría:,,BAUTIZO,,,,,,,,,,,
,,,,,,,,,,,,,,
,,,,,,,,,,,,,,
,,,,,,,,,,,,,,
,VELA BAUTIZO KIWI,,,,,,,,,,,,,
,,,,,,,,,,,,,,
,Clave:,,VB0022,,,,Existencia:,,0,,,,,
,,,,,,,,,,,,,,
,Departamento:,,VELAS,,,,Precio:,,$ 169.90,,,,,
,,,,,,,,,,,,,,
,Categoría:,,BAUTIZO,,,,,,,,,,,
,,,,,,,,,,,,,,
,,,,,,,,,,,,,,
,,,,,,,,,,,,,,
,VELA BAUTIZO CRUZ LATINA,,,,,,,,,,,,,
,,,,,,,,,,,,,,
,Clave:,,VB0023,,,,Existencia:,,0,,,,,
,,,,,,,,,,,,,,
,Departamento:,,VELAS,,,,Precio:,,$ 145.00,,,,,
,,,,,,,,,,,,,,
,Categoría:,,BAUTIZO,,,,,,,,,,,
,,,,,,,,,,,,,,
,,,,,,,,,,,,,,
,,,,,,,,,,,,,,
,VELA BAUTIZO FLORENCIA ANGEL Y ENCAJE,,,,,,,,,,,,,
,,,,,,,,,,,,,,
,Clave:,,VB0024,,,,Existencia:,,0,,,,,
,,,,,,,,,,,,,,
,Departamento:,,VELAS,,,,Precio:,,$ 145.00,,,,,
,,,,,,,,,,,,,,
,Categoría:,,BAUTIZO,,,,,,,,,,,
,,,,,,,,,,,,,,
,,,,,,,,,,,,,,
,,,,,,,,,,,,,,
,VELA BAUTIZO VIRGEN FRIDA,,,,,,,,,,,,,
,,,,,,,,,,,,,,
,Clave:,,VB0025,,,,Existencia:,,0,,,,,
,,,,,,,,,,,,,,
,Departamento:,,VELAS,,,,Precio:,,$ 160.00,,,,,
,,,,,,,,,,,,,,
,Categoría:,,BAUTIZO,,,,,,,,,,,
,,,,,,,,,,,,,,
,,,,,,,,,,,,,,
,,,,,,,,,,,,,,
,VELA BAUTIZO SAN JUDAS FRIDA,,,,,,,,,,,,,
,,,,,,,,,,,,,,
,Clave:,,VB0026,,,,Existencia:,,0,,,,,
,,,,,,,,,,,,,,
,Departamento:,,VELAS,,,,Precio:,,$ 160.00,,,,,
,,,,,,,,,,,,,,
,Categoría:,,BAUTIZO,,,,,,,,,,,
,,,,,,,,,,,,,,
,,,,,,,,,,,,,,
,,,,,,,,,,,,,,
,VELA BAUTIZO ELIXIR,,,,,,,,,,,,,
,,,,,,,,,,,,,,
,Clave:,,VB0027,,,,Existencia:,,0,,,,,
,,,,,,,,,,,,,,
,Departamento:,,VELAS,,,,Precio:,,$ 120.00,,,,,
,,,,,,,,,,,,,,
,Categoría:,,BAUTIZO,,,,,,,,,,,
,,,,,,,,,,,,,,
,,,,,,,,,,,,,,
,,,,,,,,,,,,,,
,VELA BAUTIZO JESUS,,,,,,,,,,,,,
,,,,,,,,,,,,,,
,Clave:,,VB0028,,,,Existencia:,,0,,,,,
,,,,,,,,,,,,,,
,Departamento:,,VELAS,,,,Precio:,,$ 120.00,,,,,
,,,,,,,,,,,,,,
,Categoría:,,BAUTIZO,,,,,,,,,,,
,,,,,,,,,,,,,,
,,,,,,,,,,,,,,
,,,,,,,,,,,,,,
,VELA BAUTIZO TURIN,,,,,,,,,,,,,
,,,,,,,,,,,,,,
,Clave:,,VB0029,,,,Existencia:,,0,,,,,
,,,,,,,,,,,,,,
,Departamento:,,VELAS,,,,Precio:,,$ 150.00,,,,,
,,,,,,,,,,,,,,
,Categoría:,,BAUTIZO,,,,,,,,,,,
,,,,,,,,,,,,,,
,,,,,,,,,,,,,,
,,,,,,,,,,,,,,
,VELA BAU. CHILA,,,,,,,,,,,,,
,,,,,,,,,,,,,,
,Clave:,,VB0030,,,,Existencia:,,0,,,,,
,,,,,,,,,,,,,,
,Departamento:,,VELAS,,,,Precio:,,$ 109.90,,,,,
,,,,,,,,,,,,,,
,Categoría:,,BAUTIZO,,,,,,,,,,,
,,,,,,,,,,,,,,
,,,,,,,,,,,,,,
,,,,,,,,,,,,,,
,VELA BAUTIZO LLAVE SAN BENITO FRIDA,,,,,,,,,,,,,
,,,,,,,,,,,,,,
,Clave:,,VB0031,,,,Existencia:,,0,,,,,
,,,,,,,,,,,,,,
,Departamento:,,VELAS,,,,Precio:,,$ 160.00,,,,,
,,,,,,,,,,,,,,
,Categoría:,,BAUTIZO,,,,,,,,,,,
,,,,,,,,,,,,,,
,,,,,,,,,,,,,,
,,,,,,,,,,,,,,
,VELA BAU. CANDELERO,,,,,,,,,,,,,
,,,,,,,,,,,,,,
,Clave:,,VB0032,,,,Existencia:,,0,,,,,
,,,,,,,,,,,,,,
,Departamento:,,VELAS,,,,Precio:,,$ 49.90,,,,,
,,,,,,,,,,,,,,
,Categoría:,,BAUTIZO,,,,,,,,,,,
,,,,,,,,,,,,,,
,,,,,,,,,,,,,,
,,,,,,,,,,,,,,
,VELA BAUTIZO MEDALLA SAN BENITO FRIDA,,,,,,,,,,,,,
,,,,,,,,,,,,,,
,Clave:,,VB0033,,,,Existencia:,,0,,,,,
,,,,,,,,,,,,,,
,Departamento:,,VELAS,,,,Precio:,,$ 160.00,,,,,
,,,,,,,,,,,,,,
,Categoría:,,BAUTIZO,,,,,,,,,,,
,,,,,,,,,,,,,,
,,,,,,,,,,,,,,
,,,,,,,,,,,,,,
,VELA BAUTIZO CRUZ SANTIAGO FRIDA,,,,,,,,,,,,,
,,,,,,,,,,,,,,
,Clave:,,VB0034,,,,Existencia:,,0,,,,,
,,,,,,,,,,,,,,
,Departamento:,,VELAS,,,,Precio:,,$ 220.00,,,,,
,,,,,,,,,,,,,,
,Categoría:,,BAUTIZO,,,,,,,,,,,
,,,,,,,,,,,,,,
,,,,,,,,,,,,,,
,,,,,,,,,,,,,,
,VELA BAUTIZO CRUZ SAN ANDRES FRIDA,,,,,,,,,,,,,
,,,,,,,,,,,,,,
,Clave:,,VB0035,,,,Existencia:,,0,,,,,
,,,,,,,,,,,,,,
,Departamento:,,VELAS,,,,Precio:,,$ 220.00,,,,,
,,,,,,,,,,,,,,
,Categoría:,,BAUTIZO,,,,,,,,,,,
,,,,,,,,,,,,,,
,,,,,,,,,,,,,,
,,,,,,,,,,,,,,
,VELA BAUTIZO CRUZ SILIUS FRIDA,,,,,,,,,,,,,
,,,,,,,,,,,,,,
,Clave:,,VB0036,,,,Existencia:,,0,,,,,
,,,,,,,,,,,,,,
,Departamento:,,VELAS,,,,Precio:,,$ 220.00,,,,,
,,,,,,,,,,,,,,
,Categoría:,,BAUTIZO,,,,,,,,,,,
,,,,,,,,,,,,,,
,,,,,,,,,,,,,,
,,,,,,,,,,,,,,
,VELA BAUTIZO SULTAN FRIDA,,,,,,,,,,,,,
,,,,,,,,,,,,,,
,Clave:,,VB0037,,,,Existencia:,,0,,,,,
,,,,,,,,,,,,,,
,Departamento:,,VELAS,,,,Precio:,,$ 220.00,,,,,
,,,,,,,,,,,,,,
,Categoría:,,BAUTIZO,,,,,,,,,,,
,,,,,,,,,,,,,,
,,,,,,,,,,,,,,
,,,,,,,,,,,,,,
,VELA BAUTIZO CRUZ JACOB FRIDA,,,,,,,,,,,,,
,,,,,,,,,,,,,,
,Clave:,,VB0038,,,,Existencia:,,0,,,,,
,,,,,,,,,,,,,,
,Departamento:,,VELAS,,,,Precio:,,$ 220.00,,,,,
,,,,,,,,,,,,,,
,Categoría:,,BAUTIZO,,,,,,,,,,,
,,,,,,,,,,,,,,
,,,,,,,,,,,,,,
,,,,,,,,,,,,,,
,VELA BAUTIZO CRUZ CELESTIAL FRIDA,,,,,,,,,,,,,
,,,,,,,,,,,,,,
,Clave:,,VB0039,,,,Existencia:,,0,,,,,
,,,,,,,,,,,,,,
,Departamento:,,VELAS,,,,Precio:,,$ 220.00,,,,,
,,,,,,,,,,,,,,
,Categoría:,,BAUTIZO,,,,,,,,,,,
,,,,,,,,,,,,,,
,,,,,,,,,,,,,,
,,,,,,,,,,,,,,
,VELA BAU CARPETA,,,,,,,,,,,,,
,,,,,,,,,,,,,,
,Clave:,,VB0040,,,,Existencia:,,0,,,,,
,,,,,,,,,,,,,,
,Departamento:,,VELAS,,,,Precio:,,$ 64.90,,,,,
,,,,,,,,,,,,,,
,Categoría:,,BAUTIZO,,,,,,,,,,,
,,,,,,,,,,,,,,
,,,,,,,,,,,,,,
,,,,,,,,,,,,,,
,VELA BAUTIZO DORIS FRIDA,,,,,,,,,,,,,
,,,,,,,,,,,,,,
,Clave:,,VB0041,,,,Existencia:,,0,,,,,
,,,,,,,,,,,,,,
,Departamento:,,VELAS,,,,Precio:,,$ 200.00,,,,,
,,,,,,,,,,,,,,
,Categoría:,,BAUTIZO,,,,,,,,,,,
,,,,,,,,,,,,,,
,,,,,,,,,,,,,,
,,,,,,,,,,,,,,
,VELA BAU MIRANDA REPUJADO,,,,,,,,,,,,,
,,,,,,,,,,,,,,
,Clave:,,VB0042,,,,Existencia:,,0,,,,,
,,,,,,,,,,,,,,
,Departamento:,,VELAS,,,,Precio:,,$ 119.90,,,,,
,,,,,,,,,,,,,,
,Categoría:,,BAUTIZO,,,,,,,,,,,
,,,,,,,,,,,,,,
,,,,,,,,,,,,,,
,,,,,,,,,,,,,,
,VELA BAUTIZO CRUZ SIMON FRIDA,,,,,,,,,,,,,
,,,,,,,,,,,,,,
,Clave:,,VB0043,,,,Existencia:,,0,,,,,
,,,,,,,,,,,,,,
,Departamento:,,VELAS,,,,Precio:,,$ 220.00,,,,,
,,,,,,,,,,,,,,
,Categoría:,,BAUTIZO,,,,,,,,,,,
,,,,,,,,,,,,,,
,,,,,,,,,,,,,,
,,,,,,,,,,,,,,
,VELA BAU FLOR MIGAJON,,,,,,,,,,,,,
,,,,,,,,,,,,,,
,Clave:,,VB0046,,,,Existencia:,,0,,,,,
,,,,,,,,,,,,,,
,Departamento:,,VELAS,,,,Precio:,,$ 99.90,,,,,
,,,,,,,,,,,,,,
,Categoría:,,BAUTIZO,,,,,,,,,,,
,,,,,,,,,,,,,,
,,,,,,,,,,,,,,
,,,,,,,,,,,,,,
,VELA CIRIO BAUTIZO MELISSA,,,,,,,,,,,,,
,,,,,,,,,,,,,,
,Clave:,,VB0047,,,,Existencia:,,0,,,,,
,,,,,,,,,,,,,,
,Departamento:,,VELAS,,,,Precio:,,$ 250.00,,,,,
,,,,,,,,,,,,,,
,Categoría:,,BAUTIZO,,,,,,,,,,,
,,,,,,,,,,,,,,
,,,,,,,,,,,,,,
,,,,,,,,,,,,,,
,VELA BAU. CIRIO LUX CHARRO,,,,,,,,,,,,,
,,,,,,,,,,,,,,
,Clave:,,VB0048,,,,Existencia:,,0,,,,,
,,,,,,,,,,,,,,
,Departamento:,,VELAS,,,,Precio:,,$ 250.00,,,,,
,,,,,,,,,,,,,,
,Categoría:,,BAUTIZO,,,,,,,,,,,
,,,,,,,,,,,,,,
,,,,,,,,,,,,,,
,,,,,,,,,,,,,,
,VELA BAUTIZO CIRIO GALON CRUZ,,,,,,,,,,,,,
,,,,,,,,,,,,,,
,Clave:,,VB0049,,,,Existencia:,,0,,,,,
,,,,,,,,,,,,,,
,Departamento:,,VELAS,,,,Precio:,,$ 219.90,,,,,
,,,,,,,,,,,,,,
,Categoría:,,BAUTIZO,,,,,,,,,,,
,,,,,,,,,,,,,,
,,,,,,,,,,,,,,
,,,,,,,,,,,,,,
,VELA BAU. GLORIA,,,,,,,,,,,,,
,,,,,,,,,,,,,,
,Clave:,,VB0050,,,,Existencia:,,0,,,,,
,,,,,,,,,,,,,,
,Departamento:,,VELAS,,,,Precio:,,$ 120.00,,,,,
,,,,,,,,,,,,,,
,Categoría:,,BAUTIZO,,,,,,,,,,,
,,,,,,,,,,,,,,
,,,,,,,,,,,,,,
,,,,,,,,,,,,,,
,VELA BAU. CHAPARRAL CADENA CHARRO,,,,,,,,,,,,,
,,,,,,,,,,,,,,
,Clave:,,VB0051,,,,Existencia:,,0,,,,,
,,,,,,,,,,,,,,
,Departamento:,,VELAS,,,,Precio:,,$ 195.00,,,,,
,,,,,,,,,,,,,,
,Categoría:,,BAUTIZO,,,,,,,,,,,
,,,,,,,,,,,,,,
,,,,,,,,,,,,,,
,,,,,,,,,,,,,,
,VELA BAU. IMPRESA PEDRERIA,,,,,,,,,,,,,
,,,,,,,,,,,,,,
,Clave:,,VB0054,,,,Existencia:,,0,,,,,
,,,,,,,,,,,,,,
,Departamento:,,VELAS,,,,Precio:,,$ 140.00,,,,,
,,,,,,,,,,,,,,
,Categoría:,,BAUTIZO,,,,,,,,,,,
,,,,,,,,,,,,,,
,,,,,,,,,,,,,,
,,,,,,,,,,,,,,
,VELA BAU. GAVIOTA,,,,,,,,,,,,,
,,,,,,,,,,,,,,
,Clave:,,VB0059,,,,Existencia:,,0,,,,,
,,,,,,,,,,,,,,
,Departamento:,,VELAS,,,,Precio:,,$ 100.00,,,,,
,,,,,,,,,,,,,,
,Categoría:,,BAUTIZO,,,,,,,,,,,
,,,,,,,,,,,,,,
,,,,,,,,,,,,,,
,,,,,,,,,,,,,,
,VELA BAU. GENOVA,,,,,,,,,,,,,
,,,,,,,,,,,,,,
,Clave:,,VB0060,,,,Existencia:,,0,,,,,
,,,,,,,,,,,,,,
,Departamento:,,VELAS,,,,Precio:,,$ 199.90,,,,,
,,,,,,,,,,,,,,
,Categoría:,,BAUTIZO,,,,,,,,,,,
,,,,,,,,,,,,,,
,,,,,,,,,,,,,,
,,,,,,,,,,,,,,
,VELA BAUTIZO ROMA,,,,,,,,,,,,,
,,,,,,,,,,,,,,
,Clave:,,VB0066,,,,Existencia:,,0,,,,,
,,,,,,,,,,,,,,
,Departamento:,,VELAS,,,,Precio:,,$ 145.00,,,,,
,,,,,,,,,,,,,,
,Categoría:,,BAUTIZO,,,,,,,,,,,
,,,,,,,,,,,,,,
,,,,,,,,,,,,,,
,,,,,,,,,,,,,,
,VELA BAUTIZO PIN VIRGEN,,,,,,,,,,,,,
,,,,,,,,,,,,,,
,Clave:,,VB0070,,,,Existencia:,,0,,,,,
,,,,,,,,,,,,,,
,Departamento:,,VELAS,,,,Precio:,,$ 240.00,,,,,
,,,,,,,,,,,,,,
,Categoría:,,BAUTIZO,,,,,,,,,,,
,,,,,,,,,,,,,,
,,,,,,,,,,,,,,
,,,,,,,,,,,,,,
,VELA BAUTIZO PIN CRUZ PERLA,,,,,,,,,,,,,
,,,,,,,,,,,,,,
,Clave:,,VB0071,,,,Existencia:,,0,,,,,
,,,,,,,,,,,,,,
,Departamento:,,VELAS,,,,Precio:,,$ 240.00,,,,,
,,,,,,,,,,,,,,
,Categoría:,,BAUTIZO,,,,,,,,,,,
,,,,,,,,,,,,,,
,,,,,,,,,,,,,,
,,,,,,,,,,,,,,
,VELA BAU. COFRE ARTESANAL,,,,,,,,,,,,,
,,,,,,,,,,,,,,
,Clave:,,VB0072,,,,Existencia:,,0,,,,,
,,,,,,,,,,,,,,
,Departamento:,,VELAS,,,,Precio:,,$ 349.90,,,,,
,,,,,,,,,,,,,,
,Categoría:,,BAUTIZO,,,,,,,,,,,
,,,,,,,,,,,,,,
,,,,,,,,,,,,,,
,,,,,,,,,,,,,,
,VELA BAUTIZO PIN CRUZ GALON,,,,,,,,,,,,,
,,,,,,,,,,,,,,
,Clave:,,VB0073,,,,Existencia:,,0,,,,,
,,,,,,,,,,,,,,
,Departamento:,,VELAS,,,,Precio:,,$ 240.00,,,,,
,,,,,,,,,,,,,,
,Categoría:,,BAUTIZO,,,,,,,,,,,
,,,,,,,,,,,,,,
,,,,,,,,,,,,,,
,,,,,,,,,,,,,,
,VELA BAUTIZO PIN CRUCERO,,,,,,,,,,,,,
,,,,,,,,,,,,,,
,Clave:,,VB0074,,,,Existencia:,,0,,,,,
,,,,,,,,,,,,,,
,Departamento:,,VELAS,,,,Precio:,,$ 240.00,,,,,
,,,,,,,,,,,,,,
,Categoría:,,BAUTIZO,,,,,,,,,,,
,,,,,,,,,,,,,,
,,,,,,,,,,,,,,
,,,,,,,,,,,,,,
,VELA BAUTIZO PIN CELTA,,,,,,,,,,,,,
,,,,,,,,,,,,,,
,Clave:,,VB0075,,,,Existencia:,,0,,,,,
,,,,,,,,,,,,,,
,Departamento:,,VELAS,,,,Precio:,,$ 240.00,,,,,
,,,,,,,,,,,,,,
,Categoría:,,BAUTIZO,,,,,,,,,,,
,,,,,,,,,,,,,,
,,,,,,,,,,,,,,
,,,,,,,,,,,,,,
,VELA BAU. DIAMANTE,,,,,,,,,,,,,
,,,,,,,,,,,,,,
,Clave:,,VB0080,,,,Existencia:,,0,,,,,
,,,,,,,,,,,,,,
,Departamento:,,VELAS,,,,Precio:,,$ 199.90,,,,,
,,,,,,,,,,,,,,
,Categoría:,,BAUTIZO,,,,,,,,,,,
,,,,,,,,,,,,,,
,,,,,,,,,,,,,,
,,,,,,,,,,,,,,
,VELA BAU. ESTELAR FLORAL,,,,,,,,,,,,,
,,,,,,,,,,,,,,
,Clave:,,VB0081,,,,Existencia:,,0,,,,,
,,,,,,,,,,,,,,
,Departamento:,,VELAS,,,,Precio:,,$ 229.90,,,,,
,,,,,,,,,,,,,,
,Categoría:,,BAUTIZO,,,,,,,,,,,
,,,,,,,,,,,,,,
,,,,,,,,,,,,,,
,,,,,,,,,,,,,,
,VELA BAU. CANASTA MIMBRE,,,,,,,,,,,,,
,,,,,,,,,,,,,,
,Clave:,,VB0082,,,,Existencia:,,0,,,,,
,,,,,,,,,,,,,,
,Departamento:,,VELAS,,,,Precio:,,$ 220.00,,,,,
,,,,,,,,,,,,,,
,Categoría:,,BAUTIZO,,,,,,,,,,,
,,,,,,,,,,,,,,
,,,,,,,,,,,,,,
,,,,,,,,,,,,,,
,VELA BAU. EGIPCIA CADENA,,,,,,,,,,,,,
,,,,,,,,,,,,,,
,Clave:,,VB0083,,,,Existencia:,,0,,,,,
,,,,,,,,,,,,,,
,Departamento:,,VELAS,,,,Precio:,,$ 190.00,,,,,
,,,,,,,,,,,,,,
,Categoría:,,BAUTIZO,,,,,,,,,,,
,,,,,,,,,,,,,,
,,,,,,,,,,,,,,
,,,,,,,,,,,,,,
,VELA BAU. ANGEL CADENA,,,,,,,,,,,,,
,,,,,,,,,,,,,,
,Clave:,,VB0084,,,,Existencia:,,0,,,,,
,,,,,,,,,,,,,,
,Departamento:,,VELAS,,,,Precio:,,$ 190.00,,,,,
,,,,,,,,,,,,,,
,Categoría:,,BAUTIZO,,,,,,,,,,,
,,,,,,,,,,,,,,
,,,,,,,,,,,,,,
,,,,,,,,,,,,,,
,VELA BAU. MARSELLA FLORAL,,,,,,,,,,,,,
,,,,,,,,,,,,,,
,Clave:,,VB0085,,,,Existencia:,,0,,,,,
,,,,,,,,,,,,,,
,Departamento:,,VELAS,,,,Precio:,,$ 250.00,,,,,
,,,,,,,,,,,,,,
,Categoría:,,BAUTIZO,,,,,,,,,,,
,,,,,,,,,,,,,,
,,,,,,,,,,,,,,
,,,,,,,,,,,,,,
,VELA BAU. CANNES FLORAL,,,,,,,,,,,,,
,,,,,,,,,,,,,,
,Clave:,,VB0086,,,,Existencia:,,0,,,,,
,,,,,,,,,,,,,,
,Departamento:,,VELAS,,,,Precio:,,$ 250.00,,,,,
,,,,,,,,,,,,,,
,Categoría:,,BAUTIZO,,,,,,,,,,,
,,,,,,,,,,,,,,
,,,,,,,,,,,,,,
,,,,,,,,,,,,,,
,VELA BAUTIZO BELEN,,,,,,,,,,,,,
,,,,,,,,,,,,,,
,Clave:,,VB0087,,,,Existencia:,,0,,,,,
,,,,,,,,,,,,,,
,Departamento:,,VELAS,,,,Precio:,,$ 145.00,,,,,
,,,,,,,,,,,,,,
,Categoría:,,BAUTIZO,,,,,,,,,,,
,,,,,,,,,,,,,,
,,,,,,,,,,,,,,
,,,,,,,,,,,,,,
,VELA BAU. FUGAZ CRUZ CON ANGEL,,,,,,,,,,,,,
,,,,,,,,,,,,,,
,Clave:,,VB0088,,,,Existencia:,,0,,,,,
,,,,,,,,,,,,,,
,Departamento:,,VELAS,,,,Precio:,,$ 230.00,,,,,
,,,,,,,,,,,,,,
,Categoría:,,BAUTIZO,,,,,,,,,,,
,,,,,,,,,,,,,,
,,,,,,,,,,,,,,
,,,,,,,,,,,,,,
,VELA BAU. MONO,,,,,,,,,,,,,
,,,,,,,,,,,,,,
,Clave:,,VB0090,,,,Existencia:,,0,,,,,
,,,,,,,,,,,,,,
,Departamento:,,VELAS,,,,Precio:,,$ 119.90,,,,,
,,,,,,,,,,,,,,
,Categoría:,,BAUTIZO,,,,,,,,,,,
,,,,,,,,,,,,,,
,,,,,,,,,,,,,,
,,,,,,,,,,,,,,
,VELA BAU. CIRIO AZALIA FLORAL,,,,,,,,,,,,,
,,,,,,,,,,,,,,
,Clave:,,VB0092,,,,Existencia:,,0,,,,,
,,,,,,,,,,,,,,
,Departamento:,,VELAS,,,,Precio:,,$ 249.90,,,,,
,,,,,,,,,,,,,,
,Categoría:,,BAUTIZO,,,,,,,,,,,
,,,,,,,,,,,,,,
,,,,,,,,,,,,,,
,,,,,,,,,,,,,,
,VELA BAU. ZAMA PEDRERIA,,,,,,,,,,,,,
,,,,,,,,,,,,,,
,Clave:,,VB0096,,,,Existencia:,,0,,,,,
,,,,,,,,,,,,,,
,Departamento:,,VELAS,,,,Precio:,,$ 139.90,,,,,
,,,,,,,,,,,,,,
,Categoría:,,BAUTIZO,,,,,,,,,,,
,,,,,,,,,,,,,,
,,,,,,,,,,,,,,
,,,,,,,,,,,,,,
,VELA BAU. CRUZ,,,,,,,,,,,,,
,,,,,,,,,,,,,,
,Clave:,,VB0098,,,,Existencia:,,0,,,,,
,,,,,,,,,,,,,,
,Departamento:,,VELAS,,,,Precio:,,$ 219.90,,,,,
,,,,,,,,,,,,,,
,Categoría:,,BAUTIZO,,,,,,,,,,,
,,,,,,,,,,,,,,
,,,,,,,,,,,,,,
,,,,,,,,,,,,,,
,VELA BAU. CIRIO HEIDI FLORAL,,,,,,,,,,,,,
,,,,,,,,,,,,,,
,Clave:,,VB0099,,,,Existencia:,,0,,,,,
,,,,,,,,,,,,,,
,Departamento:,,VELAS,,,,Precio:,,$ 299.90,,,,,
,,,,,,,,,,,,,,
,Categoría:,,BAUTIZO,,,,,,,,,,,
,,,,,,,,,,,,,,
,,,,,,,,,,,,,,
,,,,,,,,,,,,,,
,VELA BAU. LEO PEDRERIA,,,,,,,,,,,,,
,,,,,,,,,,,,,,
,Clave:,,VB0101,,,,Existencia:,,0,,,,,
,,,,,,,,,,,,,,
,Departamento:,,VELAS,,,,Precio:,,$ 159.90,,,,,
,,,,,,,,,,,,,,
,Categoría:,,BAUTIZO,,,,,,,,,,,
,,,,,,,,,,,,,,
,,,,,,,,,,,,,,
,,,,,,,,,,,,,,
,VELA BAU.  ERIC ANGEL,,,,,,,,,,,,,
,,,,,,,,,,,,,,
,Clave:,,VB0103,,,,Existencia:,,0,,,,,
,,,,,,,,,,,,,,
,Departamento:,,VELAS,,,,Precio:,,$ 149.90,,,,,
,,,,,,,,,,,,,,
,Categoría:,,BAUTIZO,,,,,,,,,,,
,,,,,,,,,,,,,,
,,,,,,,,,,,,,,
,,,,,,,,,,,,,,
,VELA BAU. CUNA,,,,,,,,,,,,,
,,,,,,,,,,,,,,
,Clave:,,VB0104,,,,Existencia:,,0,,,,,
,,,,,,,,,,,,,,
,Departamento:,,VELAS,,,,Precio:,,$ 189.90,,,,,
,,,,,,,,,,,,,,
,Categoría:,,BAUTIZO,,,,,,,,,,,
,,,,,,,,,,,,,,
,,,,,,,,,,,,,,
,,,,,,,,,,,,,,
,VELA BAU. ULISES CRUZ,,,,,,,,,,,,,
,,,,,,,,,,,,,,
,Clave:,,VB0105,,,,Existencia:,,0,,,,,
,,,,,,,,,,,,,,
,Departamento:,,VELAS,,,,Precio:,,$ 159.90,,,,,
,,,,,,,,,,,,,,
,Categoría:,,BAUTIZO,,,,,,,,,,,
,,,,,,,,,,,,,,
,,,,,,,,,,,,,,
,,,,,,,,,,,,,,
,VELA BAU. BERNARDO CRUZ PASAMANERIA,,,,,,,,,,,,,
,,,,,,,,,,,,,,
,Clave:,,VB0106,,,,Existencia:,,0,,,,,
,,,,,,,,,,,,,,
,Departamento:,,VELAS,,,,Precio:,,$ 159.90,,,,,
,,,,,,,,,,,,,,
,Categoría:,,BAUTIZO,,,,,,,,,,,
,,,,,,,,,,,,,,
,,,,,,,,,,,,,,
,,,,,,,,,,,,,,
,VELA BAU.  ESTHER FLORES,,,,,,,,,,,,,
,,,,,,,,,,,,,,
,Clave:,,VB0107,,,,Existencia:,,0,,,,,
,,,,,,,,,,,,,,
,Departamento:,,VELAS,,,,Precio:,,$ 149.90,,,,,
,,,,,,,,,,,,,,
,Categoría:,,BAUTIZO,,,,,,,,,,,
,,,,,,,,,,,,,,
,,,,,,,,,,,,,,
,,,,,,,,,,,,,,
,VELA BAU.  MARTIN CRUZ MEDALLA,,,,,,,,,,,,,
,,,,,,,,,,,,,,
,Clave:,,VB0109,,,,Existencia:,,0,,,,,
,,,,,,,,,,,,,,
,Departamento:,,VELAS,,,,Precio:,,$ 149.90,,,,,
,,,,,,,,,,,,,,
,Categoría:,,BAUTIZO,,,,,,,,,,,
,,,,,,,,,,,,,,
,,,,,,,,,,,,,,
,,,,,,,,,,,,,,
,VELA BAU. COFRE ALEX,,,,,,,,,,,,,
,,,,,,,,,,,,,,
,Clave:,,VB0110,,,,Existencia:,,0,,,,,
,,,,,,,,,,,,,,
,Departamento:,,VELAS,,,,Precio:,,$ 199.90,,,,,
,,,,,,,,,,,,,,
,Categoría:,,BAUTIZO,,,,,,,,,,,
,,,,,,,,,,,,,,
,,,,,,,,,,,,,,
,,,,,,,,,,,,,,
,VELA BAU. NAKIR,,,,,,,,,,,,,
,,,,,,,,,,,,,,
,Clave:,,VB0111,,,,Existencia:,,0,,,,,
,,,,,,,,,,,,,,
,Departamento:,,VELAS,,,,Precio:,,$ 89.90,,,,,
,,,,,,,,,,,,,,
,Categoría:,,BAUTIZO,,,,,,,,,,,
,,,,,,,,,,,,,,
,,,,,,,,,,,,,,
,,,,,,,,,,,,,,
,VELA BAU. JULIUS,,,,,,,,,,,,,
,,,,,,,,,,,,,,
,Clave:,,VB0113,,,,Existencia:,,0,,,,,
,,,,,,,,,,,,,,
,Departamento:,,VELAS,,,,Precio:,,$ 115.00,,,,,
,,,,,,,,,,,,,,
,Categoría:,,BAUTIZO,,,,,,,,,,,
,,,,,,,,,,,,,,
,,,,,,,,,,,,,,
,,,,,,,,,,,,,,
,VELA BAU. CARACOL,,,,,,,,,,,,,
,,,,,,,,,,,,,,
,Clave:,,VB0115,,,,Existencia:,,0,,,,,
,,,,,,,,,,,,,,
,Departamento:,,VELAS,,,,Precio:,,$ 179.90,,,,,
,,,,,,,,,,,,,,
,Categoría:,,BAUTIZO,,,,,,,,,,,
,,,,,,,,,,,,,,
,,,,,,,,,,,,,,
,,,,,,,,,,,,,,
,VELA BAU. VELA CRUZ EGIPCIA CANASTA MIMBRE,,,,,,,,,,,,,
,,,,,,,,,,,,,,
,Clave:,,VB0121,,,,Existencia:,,0,,,,,
,,,,,,,,,,,,,,
,Departamento:,,VELAS,,,,Precio:,,$ 349.90,,,,,
,,,,,,,,,,,,,,
,Categoría:,,BAUTIZO,,,,,,,,,,,
,,,,,,,,,,,,,,
,,,,,,,,,,,,,,
,,,,,,,,,,,,,,
,VELA BAU. VELA ANGEL ROPON CANASTA MIMBRE,,,,,,,,,,,,,
,,,,,,,,,,,,,,
,Clave:,,VB0123,,,,Existencia:,,0,,,,,
,,,,,,,,,,,,,,
,Departamento:,,VELAS,,,,Precio:,,$ 349.90,,,,,
,,,,,,,,,,,,,,
,Categoría:,,BAUTIZO,,,,,,,,,,,
,,,,,,,,,,,,,,
,,,,,,,,,,,,,,
,,,,,,,,,,,,,,
,VELA BAU. CUNA ANGEL O CRUZ,,,,,,,,,,,,,
,,,,,,,,,,,,,,
,Clave:,,VB0125,,,,Existencia:,,0,,,,,
,,,,,,,,,,,,,,
,Departamento:,,VELAS,,,,Precio:,,$ 399.90,,,,,
,,,,,,,,,,,,,,
,Categoría:,,BAUTIZO,,,,,,,,,,,
,,,,,,,,,,,,,,
,,,,,,,,,,,,,,
,,,,,,,,,,,,,,
,VELA BAU. MOCHILA ELEGANT LASER,,,,,,,,,,,,,
,,,,,,,,,,,,,,
,Clave:,,VB0130,,,,Existencia:,,0,,,,,
,,,,,,,,,,,,,,
,Departamento:,,VELAS,,,,Precio:,,$ 469.90,,,,,
,,,,,,,,,,,,,,
,Categoría:,,BAUTIZO,,,,,,,,,,,
,,,,,,,,,,,,,,
,,,,,,,,,,,,,,
,,,,,,,,,,,,,,
,VELA BAU. LIBRO LASER,,,,,,,,,,,,,
,,,,,,,,,,,,,,
,Clave:,,VB0131,,,,Existencia:,,0,,,,,
,,,,,,,,,,,,,,
,Departamento:,,VELAS,,,,Precio:,,$ 499.90,,,,,
,,,,,,,,,,,,,,
,Categoría:,,BAUTIZO,,,,,,,,,,,
,,,,,,,,,,,,,,
,,,,,,,,,,,,,,
,,,,,,,,,,,,,,
,VELA BAU. PERSIANA LASER,,,,,,,,,,,,,
,,,,,,,,,,,,,,
,Clave:,,VB0133,,,,Existencia:,,0,,,,,
,,,,,,,,,,,,,,
,Departamento:,,VELAS,,,,Precio:,,$ 439.90,,,,,
,,,,,,,,,,,,,,
,Categoría:,,BAUTIZO,,,,,,,,,,,
,,,,,,,,,,,,,,
,,,,,,,,,,,,,,
,,,,,,,,,,,,,,
,VELA BAU. ARIEL LASER DIVISION,,,,,,,,,,,,,
,,,,,,,,,,,,,,
,Clave:,,VB0135,,,,Existencia:,,0,,,,,
,,,,,,,,,,,,,,
,Departamento:,,VELAS,,,,Precio:,,$ 369.90,,,,,
,,,,,,,,,,,,,,
,Categoría:,,BAUTIZO,,,,,,,,,,,
,,,,,,,,,,,,,,
,,,,,,,,,,,,,,
,,,,,,,,,,,,,,
,VELA BAU. MICKEY LASER CIRCULO,,,,,,,,,,,,,
,,,,,,,,,,,,,,
,Clave:,,VB0137,,,,Existencia:,,0,,,,,
,,,,,,,,,,,,,,
,Departamento:,,VELAS,,,,Precio:,,$ 379.90,,,,,
,,,,,,,,,,,,,,
,Categoría:,,BAUTIZO,,,,,,,,,,,
,,,,,,,,,,,,,,
,,,,,,,,,,,,,,
,,,,,,,,,,,,,,
,VELA BAU. ANGEL LASER,,,,,,,,,,,,,
,,,,,,,,,,,,,,
,Clave:,,VB0139,,,,Existencia:,,0,,,,,
,,,,,,,,,,,,,,
,Departamento:,,VELAS,,,,Precio:,,$ 499.90,,,,,
,,,,,,,,,,,,,,
,Categoría:,,BAUTIZO,,,,,,,,,,,
,,,,,,,,,,,,,,
,,,,,,,,,,,,,,
,,,,,,,,,,,,,,
,VELA LISA SIN ARRELAR 25 X 4,,,,,,,,,,,,,
,,,,,,,,,,,,,,
,Clave:,,VC0000,,,,Existencia:,,0,,,,,
,,,,,,,,,,,,,,
,Departamento:,,VELAS,,,,Precio:,,$ 45.00,,,,,
,,,,,,,,,,,,,,
,Categoría:,,COMUNION,,,,,,,,,,,
,,,,,,,,,,,,,,
,,,,,,,,,,,,,,
,,,,,,,,,,,,,,
,ESTUCHE 1° COM. ÉXODO BIBLIA,,,,,,,,,,,,,
,,,,,,,,,,,,,,
,Clave:,,VC0002,,,,Existencia:,,30,,,,,
,,,,,,,,,,,,,,
,Departamento:,,VELAS,,,,Precio:,,$ 539.90,,,,,
,,,,,,,,,,,,,,
,Categoría:,,COMUNION,,,,,,,,,,,
,,,,,,,,,,,,,,
,,,,,,,,,,,,,,
,,,,,,,,,,,,,,
,ESTUCHE 1° COM. NT CHICO,,,,,,,,,,,,,
,,,,,,,,,,,,,,
,Clave:,,VC0004,,,,Existencia:,,350,,,,,
,,,,,,,,,,,,,,
,Departamento:,,VELAS,,,,Precio:,,$ 150.00,,,,,
,,,,,,,,,,,,,,
,Categoría:,,COMUNION,,,,,,,,,,,
,,,,,,,,,,,,,,
,,,,,,,,,,,,,,
,,,,,,,,,,,,,,
,ESTUCHE 1° COM. REPUJADO NT ECO.,,,,,,,,,,,,,
,,,,,,,,,,,,,,
,Clave:,,VC0006,,,,Existencia:,,653,,,,,
,,,,,,,,,,,,,,
,Departamento:,,VELAS,,,,Precio:,,$ 225.00,,,,,
,,,,,,,,,,,,,,
,Categoría:,,COMUNION,,,,,,,,,,,
,,,,,,,,,,,,,,
,,,,,,,,,,,,,,
,,,,,,,,,,,,,,
,ESTUCHE 1° COM. NT GRANDE,,,,,,,,,,,,,
,,,,,,,,,,,,,,
,Clave:,,VC0008,,,,Existencia:,,843,,,,,
,,,,,,,,,,,,,,
,Departamento:,,VELAS,,,,Precio:,,$ 170.00,,,,,
,,,,,,,,,,,,,,
,Categoría:,,COMUNION,,,,,,,,,,,
,,,,,,,,,,,,,,
,,,,,,,,,,,,,,
,,,,,,,,,,,,,,
,ESTUCHE 1° COM. JOSUE REPUJADO BIBLIA LATINOAMERICANA,,,,,,,,,,,,,
,,,,,,,,,,,,,,
,Clave:,,VC0010,,,,Existencia:,,60,,,,,
,,,,,,,,,,,,,,
,Departamento:,,VELAS,,,,Precio:,,$ 500.00,,,,,
,,,,,,,,,,,,,,
,Categoría:,,COMUNION,,,,,,,,,,,
,,,,,,,,,,,,,,
,,,,,,,,,,,,,,
,,,,,,,,,,,,,,
,ESTUCHE 1° COM. LASER CAJA MADERA BIBLIA REPUJADO,,,,,,,,,,,,,
,,,,,,,,,,,,,,
,Clave:,,VC0012,,,,Existencia:,,0,,,,,
,,,,,,,,,,,,,,
,Departamento:,,VELAS,,,,Precio:,,$ 519.90,,,,,
,,,,,,,,,,,,,,
,Categoría:,,COMUNION,,,,,,,,,,,
,,,,,,,,,,,,,,
,,,,,,,,,,,,,,
,,,,,,,,,,,,,,
,ESTUCHE 1° COM. REPUJADO BIBLIA ECO.,,,,,,,,,,,,,
,,,,,,,,,,,,,,
,Clave:,,VC0014,,,,Existencia:,,282,,,,,
,,,,,,,,,,,,,,
,Departamento:,,VELAS,,,,Precio:,,$ 439.90,,,,,
,,,,,,,,,,,,,,
,Categoría:,,COMUNION,,,,,,,,,,,
,,,,,,,,,,,,,,
,,,,,,,,,,,,,,
,,,,,,,,,,,,,,
,ESTUCHE 1° COM. CRUZ METAL BIBLIA BLANCA,,,,,,,,,,,,,
,,,,,,,,,,,,,,
,Clave:,,VC0016,,,,Existencia:,,120,,,,,
,,,,,,,,,,,,,,
,Departamento:,,VELAS,,,,Precio:,,$ 369.90,,,,,
,,,,,,,,,,,,,,
,Categoría:,,COMUNION,,,,,,,,,,,
,,,,,,,,,,,,,,
,,,,,,,,,,,,,,
,,,,,,,,,,,,,,
,ESTUCHE 1° COM. JOSUE REPUJADO NT,,,,,,,,,,,,,
,,,,,,,,,,,,,,
,Clave:,,VC0018,,,,Existencia:,,0,,,,,
,,,,,,,,,,,,,,
,Departamento:,,VELAS,,,,Precio:,,$ 250.00,,,,,
,,,,,,,,,,,,,,
,Categoría:,,COMUNION,,,,,,,,,,,
,,,,,,,,,,,,,,
,,,,,,,,,,,,,,
,,,,,,,,,,,,,,
,ESTUCHE 1° COM. CAPULLO BIBLIA LATINOAMERICA,,,,,,,,,,,,,
,,,,,,,,,,,,,,
,Clave:,,VC0019,,,,Existencia:,,0,,,,,
,,,,,,,,,,,,,,
,Departamento:,,VELAS,,,,Precio:,,$ 560.00,,,,,
,,,,,,,,,,,,,,
,Categoría:,,COMUNION,,,,,,,,,,,
,,,,,,,,,,,,,,
,,,,,,,,,,,,,,
,,,,,,,,,,,,,,
,ESTUCHE 1° COM. ITALY REPUJADO NT,,,,,,,,,,,,,
,,,,,,,,,,,,,,
,Clave:,,VC0020,,,,Existencia:,,0,,,,,
,,,,,,,,,,,,,,
,Departamento:,,VELAS,,,,Precio:,,$ 250.00,,,,,
,,,,,,,,,,,,,,
,Categoría:,,COMUNION,,,,,,,,,,,
,,,,,,,,,,,,,,
,,,,,,,,,,,,,,
,,,,,,,,,,,,,,
,ESTUCHE 1° COM. BIBLIA LATINOAMERICANA FOMY REPUJADO,,,,,,,,,,,,,
,,,,,,,,,,,,,,
,Clave:,,VC0021,,,,Existencia:,,0,,,,,
,,,,,,,,,,,,,,
,Departamento:,,VELAS,,,,Precio:,,$ 520.00,,,,,
,,,,,,,,,,,,,,
,Categoría:,,COMUNION,,,,,,,,,,,
,,,,,,,,,,,,,,
,,,,,,,,,,,,,,
,,,,,,,,,,,,,,
,ESTUCHE 1° COM. LATINOMEX REPUJADO SAGRADA BIBLIA,,,,,,,,,,,,,
,,,,,,,,,,,,,,
,Clave:,,VC0022,,,,Existencia:,,0,,,,,
,,,,,,,,,,,,,,
,Departamento:,,VELAS,,,,Precio:,,$ 395.00,,,,,
,,,,,,,,,,,,,,
,Categoría:,,COMUNION,,,,,,,,,,,
,,,,,,,,,,,,,,
,,,,,,,,,,,,,,
,,,,,,,,,,,,,,
,ESTUCHE 1° COM. PASCUAL BIBLIA LATINOAMERICA,,,,,,,,,,,,,
,,,,,,,,,,,,,,
,Clave:,,VC0023,,,,Existencia:,,0,,,,,
,,,,,,,,,,,,,,
,Departamento:,,VELAS,,,,Precio:,,$ 520.00,,,,,
,,,,,,,,,,,,,,
,Categoría:,,COMUNION,,,,,,,,,,,
,,,,,,,,,,,,,,
,,,,,,,,,,,,,,
,,,,,,,,,,,,,,
,ESTUCHE 1° COM. ITALY REPUJADO BIBLIA LATINOAMERICANA,,,,,,,,,,,,,
,,,,,,,,,,,,,,
,Clave:,,VC0024,,,,Existencia:,,0,,,,,
,,,,,,,,,,,,,,
,Departamento:,,VELAS,,,,Precio:,,$ 389.90,,,,,
,,,,,,,,,,,,,,
,Categoría:,,COMUNION,,,,,,,,,,,
,,,,,,,,,,,,,,
,,,,,,,,,,,,,,
,,,,,,,,,,,,,,
,ESTUCHE 1° COM. BELEN BIBLIA LATINOAMERICA,,,,,,,,,,,,,
,,,,,,,,,,,,,,
,Clave:,,VC0025,,,,Existencia:,,0,,,,,
,,,,,,,,,,,,,,
,Departamento:,,VELAS,,,,Precio:,,$ 560.00,,,,,
,,,,,,,,,,,,,,
,Categoría:,,COMUNION,,,,,,,,,,,
,,,,,,,,,,,,,,
,,,,,,,,,,,,,,
,,,,,,,,,,,,,,
,ESTUCHE 1° COM. HOLY BIBLIA LATINOAMERICA,,,,,,,,,,,,,
,,,,,,,,,,,,,,
,Clave:,,VC0026,,,,Existencia:,,0,,,,,
,,,,,,,,,,,,,,
,Departamento:,,VELAS,,,,Precio:,,$ 560.00,,,,,
,,,,,,,,,,,,,,
,Categoría:,,COMUNION,,,,,,,,,,,
,,,,,,,,,,,,,,
,,,,,,,,,,,,,,
,,,,,,,,,,,,,,
,ESTUCHE 1° COM. MERCIA BIBLIA LATINOAMERICA,,,,,,,,,,,,,
,,,,,,,,,,,,,,
,Clave:,,VC0027,,,,Existencia:,,0,,,,,
,,,,,,,,,,,,,,
,Departamento:,,VELAS,,,,Precio:,,$ 560.00,,,,,
,,,,,,,,,,,,,,
,Categoría:,,COMUNION,,,,,,,,,,,
,,,,,,,,,,,,,,
,,,,,,,,,,,,,,
,,,,,,,,,,,,,,
,ESTUCHE 1° COM. FOMY REPUJADO NT,,,,,,,,,,,,,
,,,,,,,,,,,,,,
,Clave:,,VC0028,,,,Existencia:,,0,,,,,
,,,,,,,,,,,,,,
,Departamento:,,VELAS,,,,Precio:,,$ 260.00,,,,,
,,,,,,,,,,,,,,
,Categoría:,,COMUNION,,,,,,,,,,,
,,,,,,,,,,,,,,
,,,,,,,,,,,,,,
,,,,,,,,,,,,,,
,ESTUCHE 1° COM. SUEZ BIBLIA LATINOAMERICA,,,,,,,,,,,,,
,,,,,,,,,,,,,,
,Clave:,,VC0029,,,,Existencia:,,0,,,,,
,,,,,,,,,,,,,,
,Departamento:,,VELAS,,,,Precio:,,$ 520.00,,,,,
,,,,,,,,,,,,,,
,Categoría:,,COMUNION,,,,,,,,,,,
,,,,,,,,,,,,,,
,,,,,,,,,,,,,,
,,,,,,,,,,,,,,
,ESTUCHE 1°COM. CARPETA,,,,,,,,,,,,,
,,,,,,,,,,,,,,
,Clave:,,VC0030,,,,Existencia:,,1502,,,,,
,,,,,,,,,,,,,,
,Departamento:,,VELAS,,,,Precio:,,$ 85.00,,,,,
,,,,,,,,,,,,,,
,Categoría:,,COMUNION,,,,,,,,,,,
,,,,,,,,,,,,,,
,,,,,,,,,,,,,,
,,,,,,,,,,,,,,
,ESTUCHE 1° COM. AMARANTO BIBLIA LATINOAMERICA,,,,,,,,,,,,,
,,,,,,,,,,,,,,
,Clave:,,VC0031,,,,Existencia:,,0,,,,,
,,,,,,,,,,,,,,
,Departamento:,,VELAS,,,,Precio:,,$ 590.00,,,,,
,,,,,,,,,,,,,,
,Categoría:,,COMUNION,,,,,,,,,,,
,,,,,,,,,,,,,,
,,,,,,,,,,,,,,
,,,,,,,,,,,,,,
,ESTUCHE 1°COM. CHOREADA BIBLIA LATINOAMERICANA,,,,,,,,,,,,,
,,,,,,,,,,,,,,
,Clave:,,VC0032,,,,Existencia:,,0,,,,,
,,,,,,,,,,,,,,
,Departamento:,,VELAS,,,,Precio:,,$ 369.90,,,,,
,,,,,,,,,,,,,,
,Categoría:,,COMUNION,,,,,,,,,,,
,,,,,,,,,,,,,,
,,,,,,,,,,,,,,
,,,,,,,,,,,,,,
,ESTUCHE 1° COM. SAN BENITO BIBLIA LATINOAMERICA,,,,,,,,,,,,,
,,,,,,,,,,,,,,
,Clave:,,VC0033,,,,Existencia:,,0,,,,,
,,,,,,,,,,,,,,
,Departamento:,,VELAS,,,,Precio:,,$ 560.00,,,,,
,,,,,,,,,,,,,,
,Categoría:,,COMUNION,,,,,,,,,,,
,,,,,,,,,,,,,,
,,,,,,,,,,,,,,
,,,,,,,,,,,,,,
,ESTUCHE 1° COM. SAN PEDRO BIBLIA LATINOAMERICA,,,,,,,,,,,,,
,,,,,,,,,,,,,,
,Clave:,,VC0034,,,,Existencia:,,0,,,,,
,,,,,,,,,,,,,,
,Departamento:,,VELAS,,,,Precio:,,$ 529.90,,,,,
,,,,,,,,,,,,,,
,Categoría:,,COMUNION,,,,,,,,,,,
,,,,,,,,,,,,,,
,,,,,,,,,,,,,,
,,,,,,,,,,,,,,
,ESTUCHE 1° COM. MAGDALENA BIBLIA LATINOAMERICA,,,,,,,,,,,,,
,,,,,,,,,,,,,,
,Clave:,,VC0036,,,,Existencia:,,0,,,,,
,,,,,,,,,,,,,,
,Departamento:,,VELAS,,,,Precio:,,$ 529.90,,,,,
,,,,,,,,,,,,,,
,Categoría:,,COMUNION,,,,,,,,,,,
,,,,,,,,,,,,,,
,,,,,,,,,,,,,,
,,,,,,,,,,,,,,
,ESTUCHE 1° COM. DIVINA PROVIDENCIA RESPLANDOR BIBLIA LATINOAMERICA,,,,,,,,,,,,,
,,,,,,,,,,,,,,
,Clave:,,VC0037,,,,Existencia:,,0,,,,,
,,,,,,,,,,,,,,
,Departamento:,,VELAS,,,,Precio:,,$ 570.00,,,,,
,,,,,,,,,,,,,,
,Categoría:,,COMUNION,,,,,,,,,,,
,,,,,,,,,,,,,,
,,,,,,,,,,,,,,
,,,,,,,,,,,,,,
,ESTUCHE 1°COM. 3D NT,,,,,,,,,,,,,
,,,,,,,,,,,,,,
,Clave:,,VC0038,,,,Existencia:,,0,,,,,
,,,,,,,,,,,,,,
,Departamento:,,VELAS,,,,Precio:,,$ 199.90,,,,,
,,,,,,,,,,,,,,
,Categoría:,,COMUNION,,,,,,,,,,,
,,,,,,,,,,,,,,
,,,,,,,,,,,,,,
,,,,,,,,,,,,,,
,ESTUCHE 1° COM. INRI RESPLANDOR BIBLIA LATINOAMERICA,,,,,,,,,,,,,
,,,,,,,,,,,,,,
,Clave:,,VC0039,,,,Existencia:,,0,,,,,
,,,,,,,,,,,,,,
,Departamento:,,VELAS,,,,Precio:,,$ 570.00,,,,,
,,,,,,,,,,,,,,
,Categoría:,,COMUNION,,,,,,,,,,,
,,,,,,,,,,,,,,
,,,,,,,,,,,,,,
,,,,,,,,,,,,,,
,ESTUCHE 1° COM. TOR REPUJADO BIBLIA LATINOAMERICA,,,,,,,,,,,,,
,,,,,,,,,,,,,,
,Clave:,,VC0040,,,,Existencia:,,0,,,,,
,,,,,,,,,,,,,,
,Departamento:,,VELAS,,,,Precio:,,$ 519.90,,,,,
,,,,,,,,,,,,,,
,Categoría:,,COMUNION,,,,,,,,,,,
,,,,,,,,,,,,,,
,,,,,,,,,,,,,,
,,,,,,,,,,,,,,
,ESTUCHE 1° COM. CRUZ PDF BIBLIA BLANCA,,,,,,,,,,,,,
,,,,,,,,,,,,,,
,Clave:,,VC0042,,,,Existencia:,,0,,,,,
,,,,,,,,,,,,,,
,Departamento:,,VELAS,,,,Precio:,,$ 419.90,,,,,
,,,,,,,,,,,,,,
,Categoría:,,COMUNION,,,,,,,,,,,
,,,,,,,,,,,,,,
,,,,,,,,,,,,,,
,,,,,,,,,,,,,,
,ESTUCHE 1° COM. MI SEÑOR BIBLIA LATINOAMERICA,,,,,,,,,,,,,
,,,,,,,,,,,,,,
,Clave:,,VC0044,,,,Existencia:,,0,,,,,
,,,,,,,,,,,,,,
,Departamento:,,VELAS,,,,Precio:,,$ 529.90,,,,,
,,,,,,,,,,,,,,
,Categoría:,,COMUNION,,,,,,,,,,,
,,,,,,,,,,,,,,
,,,,,,,,,,,,,,
,,,,,,,,,,,,,,
,ESTUCHE 1° COM. CAPULLO BIBLIA FORRADA LATINOAMERICA,,,,,,,,,,,,,
,,,,,,,,,,,,,,
,Clave:,,VC0046,,,,Existencia:,,0,,,,,
,,,,,,,,,,,,,,
,Departamento:,,VELAS,,,,Precio:,,$ 529.90,,,,,
,,,,,,,,,,,,,,
,Categoría:,,COMUNION,,,,,,,,,,,
,,,,,,,,,,,,,,
,,,,,,,,,,,,,,
,,,,,,,,,,,,,,
,ESTUCHE 1°COM. MISAL,,,,,,,,,,,,,
,,,,,,,,,,,,,,
,Clave:,,VC0048,,,,Existencia:,,0,,,,,
,,,,,,,,,,,,,,
,Departamento:,,VELAS,,,,Precio:,,$ 44.90,,,,,
,,,,,,,,,,,,,,
,Categoría:,,COMUNION,,,,,,,,,,,
,,,,,,,,,,,,,,
,,,,,,,,,,,,,,
,,,,,,,,,,,,,,
,ESTUCHE 1°COM. COFRE ARTESANAL,,,,,,,,,,,,,
,,,,,,,,,,,,,,
,Clave:,,VC0050,,,,Existencia:,,0,,,,,
,,,,,,,,,,,,,,
,Departamento:,,VELAS,,,,Precio:,,$ 659.90,,,,,
,,,,,,,,,,,,,,
,Categoría:,,COMUNION,,,,,,,,,,,
,,,,,,,,,,,,,,
,,,,,,,,,,,,,,
,,,,,,,,,,,,,,
,ESTUCHE 1° COM. ABRIL BIBLIA FORRADA LATINOAMERICA,,,,,,,,,,,,,
,,,,,,,,,,,,,,
,Clave:,,VC0052,,,,Existencia:,,0,,,,,
,,,,,,,,,,,,,,
,Departamento:,,VELAS,,,,Precio:,,$ 529.90,,,,,
,,,,,,,,,,,,,,
,Categoría:,,COMUNION,,,,,,,,,,,
,,,,,,,,,,,,,,
,,,,,,,,,,,,,,
,,,,,,,,,,,,,,
,ESTUCHE 1° COM. JULIO LASER  BIBLIA REPUJADO,,,,,,,,,,,,,
,,,,,,,,,,,,,,
,Clave:,,VC0053,,,,Existencia:,,0,,,,,
,,,,,,,,,,,,,,
,Departamento:,,VELAS,,,,Precio:,,$ 639.90,,,,,
,,,,,,,,,,,,,,
,Categoría:,,COMUNION,,,,,,,,,,,
,,,,,,,,,,,,,,
,,,,,,,,,,,,,,
,,,,,,,,,,,,,,
,ESTUCHE 1° COM. OASIS NT REPUJADO,,,,,,,,,,,,,
,,,,,,,,,,,,,,
,Clave:,,VC0054,,,,Existencia:,,60,,,,,
,,,,,,,,,,,,,,
,Departamento:,,VELAS,,,,Precio:,,$ 230.00,,,,,
,,,,,,,,,,,,,,
,Categoría:,,COMUNION,,,,,,,,,,,
,,,,,,,,,,,,,,
,,,,,,,,,,,,,,
,,,,,,,,,,,,,,
,ESTUCHE 1° COM. OASIS BIBLIA REPUJADO,,,,,,,,,,,,,
,,,,,,,,,,,,,,
,Clave:,,VC0056,,,,Existencia:,,114,,,,,
,,,,,,,,,,,,,,
,Departamento:,,VELAS,,,,Precio:,,$ 439.90,,,,,
,,,,,,,,,,,,,,
,Categoría:,,COMUNION,,,,,,,,,,,
,,,,,,,,,,,,,,
,,,,,,,,,,,,,,
,,,,,,,,,,,,,,
,ESTUCHE 1° COM. VENUS BIBLIA REPUJADO,,,,,,,,,,,,,
,,,,,,,,,,,,,,
,Clave:,,VC0058,,,,Existencia:,,640,,,,,
,,,,,,,,,,,,,,
,Departamento:,,VELAS,,,,Precio:,,$ 439.90,,,,,
,,,,,,,,,,,,,,
,Categoría:,,COMUNION,,,,,,,,,,,
,,,,,,,,,,,,,,
,,,,,,,,,,,,,,
,,,,,,,,,,,,,,
,ESTUCHE 1° COM. COFRE ALEX REPUJADA,,,,,,,,,,,,,
,,,,,,,,,,,,,,
,Clave:,,VC0062,,,,Existencia:,,0,,,,,
,,,,,,,,,,,,,,
,Departamento:,,VELAS,,,,Precio:,,$ 439.90,,,,,
,,,,,,,,,,,,,,
,Categoría:,,COMUNION,,,,,,,,,,,
,,,,,,,,,,,,,,
,,,,,,,,,,,,,,
,,,,,,,,,,,,,,
,ESTUCHE 1° COM. GENOVA NT,,,,,,,,,,,,,
,,,,,,,,,,,,,,
,Clave:,,VC0064,,,,Existencia:,,0,,,,,
,,,,,,,,,,,,,,
,Departamento:,,VELAS,,,,Precio:,,$ 219.90,,,,,
,,,,,,,,,,,,,,
,Categoría:,,COMUNION,,,,,,,,,,,
,,,,,,,,,,,,,,
,,,,,,,,,,,,,,
,,,,,,,,,,,,,,
,ESTUCHE 1° COM. ODIN BIBLIA LATINOAMERICA,,,,,,,,,,,,,
,,,,,,,,,,,,,,
,Clave:,,VC0070,,,,Existencia:,,0,,,,,
,,,,,,,,,,,,,,
,Departamento:,,VELAS,,,,Precio:,,$ 590.00,,,,,
,,,,,,,,,,,,,,
,Categoría:,,COMUNION,,,,,,,,,,,
,,,,,,,,,,,,,,
,,,,,,,,,,,,,,
,,,,,,,,,,,,,,
,ESTUCHE 1° COM. MAGLIA BIBLIA LATINOAMERICA,,,,,,,,,,,,,
,,,,,,,,,,,,,,
,Clave:,,VC0071,,,,Existencia:,,0,,,,,
,,,,,,,,,,,,,,
,Departamento:,,VELAS,,,,Precio:,,$ 590.00,,,,,
,,,,,,,,,,,,,,
,Categoría:,,COMUNION,,,,,,,,,,,
,,,,,,,,,,,,,,
,,,,,,,,,,,,,,
,,,,,,,,,,,,,,
,ESTUCHE 1° COM. CRUZ ABEL BIBLIA LATINOAMERICA,,,,,,,,,,,,,
,,,,,,,,,,,,,,
,Clave:,,VC0072,,,,Existencia:,,0,,,,,
,,,,,,,,,,,,,,
,Departamento:,,VELAS,,,,Precio:,,$ 550.00,,,,,
,,,,,,,,,,,,,,
,Categoría:,,COMUNION,,,,,,,,,,,
,,,,,,,,,,,,,,
,,,,,,,,,,,,,,
,,,,,,,,,,,,,,
,ESTUCHE 1° COM. CRUZ JESUS CUERO SINTETICO BIBLIA LATINOAMERICA,,,,,,,,,,,,,
,,,,,,,,,,,,,,
,Clave:,,VC0073,,,,Existencia:,,0,,,,,
,,,,,,,,,,,,,,
,Departamento:,,VELAS,,,,Precio:,,$ 799.90,,,,,
,,,,,,,,,,,,,,
,Categoría:,,COMUNION,,,,,,,,,,,
,,,,,,,,,,,,,,
,,,,,,,,,,,,,,
,,,,,,,,,,,,,,
,ESTUCHE 1° COM. DEUS JHS BIBLIA LATINOAMERICA,,,,,,,,,,,,,
,,,,,,,,,,,,,,
,Clave:,,VC0075,,,,Existencia:,,0,,,,,
,,,,,,,,,,,,,,
,Departamento:,,VELAS,,,,Precio:,,$ 470.00,,,,,
,,,,,,,,,,,,,,
,Categoría:,,COMUNION,,,,,,,,,,,
,,,,,,,,,,,,,,
,,,,,,,,,,,,,,
,,,,,,,,,,,,,,
,ESTUCHE 1° COM. DEUS RETABLO VIRGEN BIBLIA LATINOAMERICA,,,,,,,,,,,,,
,,,,,,,,,,,,,,
,Clave:,,VC0077,,,,Existencia:,,0,,,,,
,,,,,,,,,,,,,,
,Departamento:,,VELAS,,,,Precio:,,$ 470.00,,,,,
,,,,,,,,,,,,,,
,Categoría:,,COMUNION,,,,,,,,,,,
,,,,,,,,,,,,,,
,,,,,,,,,,,,,,
,,,,,,,,,,,,,,
,ESTUCHE 1° COM. DEUS VIRGEN  BIBLIA LATINOAMERICA,,,,,,,,,,,,,
,,,,,,,,,,,,,,
,Clave:,,VC0079,,,,Existencia:,,0,,,,,
,,,,,,,,,,,,,,
,Departamento:,,VELAS,,,,Precio:,,$ 470.00,,,,,
,,,,,,,,,,,,,,
,Categoría:,,COMUNION,,,,,,,,,,,
,,,,,,,,,,,,,,
,,,,,,,,,,,,,,
,,,,,,,,,,,,,,
,VELA AVE VIRGEN REPUJADO,,,,,,,,,,,,,
,,,,,,,,,,,,,,
,Clave:,,VC9002,,,,Existencia:,,0,,,,,
,,,,,,,,,,,,,,
,Departamento:,,VELAS,,,,Precio:,,$ 124.90,,,,,
,,,,,,,,,,,,,,
,Categoría:,,COMUNION,,,,,,,,,,,
,,,,,,,,,,,,,,
,,,,,,,,,,,,,,
,,,,,,,,,,,,,,
,VELA AVE TIRA UVAS Ó FLOR,,,,,,,,,,,,,
,,,,,,,,,,,,,,
,Clave:,,VC9004,,,,Existencia:,,200,,,,,
,,,,,,,,,,,,,,
,Departamento:,,VELAS,,,,Precio:,,$ 124.90,,,,,
,,,,,,,,,,,,,,
,Categoría:,,COMUNION,,,,,,,,,,,
,,,,,,,,,,,,,,
,,,,,,,,,,,,,,
,,,,,,,,,,,,,,
,VELA COMUNION CHORREADA,,,,,,,,,,,,,
,,,,,,,,,,,,,,
,Clave:,,VC9006,,,,Existencia:,,1180,,,,,
,,,,,,,,,,,,,,
,Departamento:,,VELAS,,,,Precio:,,$ 110.00,,,,,
,,,,,,,,,,,,,,
,Categoría:,,COMUNION,,,,,,,,,,,
,,,,,,,,,,,,,,
,,,,,,,,,,,,,,
,,,,,,,,,,,,,,
,VELA COMUNION  HOLY,,,,,,,,,,,,,
,,,,,,,,,,,,,,
,Clave:,,VC9008,,,,Existencia:,,0,,,,,
,,,,,,,,,,,,,,
,Departamento:,,VELAS,,,,Precio:,,$ 165.00,,,,,
,,,,,,,,,,,,,,
,Categoría:,,COMUNION,,,,,,,,,,,
,,,,,,,,,,,,,,
,,,,,,,,,,,,,,
,,,,,,,,,,,,,,
,VELA COMUNION COPA CRISTAL,,,,,,,,,,,,,
,,,,,,,,,,,,,,
,Clave:,,VC9010,,,,Existencia:,,99,,,,,
,,,,,,,,,,,,,,
,Departamento:,,VELAS,,,,Precio:,,$ 129.90,,,,,
,,,,,,,,,,,,,,
,Categoría:,,COMUNION,,,,,,,,,,,
,,,,,,,,,,,,,,
,,,,,,,,,,,,,,
,,,,,,,,,,,,,,
,VELA COMUNION CRUZ METAL,,,,,,,,,,,,,
,,,,,,,,,,,,,,
,Clave:,,VC9012,,,,Existencia:,,150,,,,,
,,,,,,,,,,,,,,
,Departamento:,,VELAS,,,,Precio:,,$ 139.90,,,,,
,,,,,,,,,,,,,,
,Categoría:,,COMUNION,,,,,,,,,,,
,,,,,,,,,,,,,,
,,,,,,,,,,,,,,
,,,,,,,,,,,,,,
,VELA COMUNION REPUJADO ECO,,,,,,,,,,,,,
,,,,,,,,,,,,,,
,Clave:,,VC9013,,,,Existencia:,,182,,,,,
,,,,,,,,,,,,,,
,Departamento:,,VELAS,,,,Precio:,,$ 110.00,,,,,
,,,,,,,,,,,,,,
,Categoría:,,COMUNION,,,,,,,,,,,
,,,,,,,,,,,,,,
,,,,,,,,,,,,,,
,,,,,,,,,,,,,,
,VELA CIRIO REPUJADO,,,,,,,,,,,,,
,,,,,,,,,,,,,,
,Clave:,,VC9016,,,,Existencia:,,215,,,,,
,,,,,,,,,,,,,,
,Departamento:,,VELAS,,,,Precio:,,$ 150.00,,,,,
,,,,,,,,,,,,,,
,Categoría:,,COMUNION,,,,,,,,,,,
,,,,,,,,,,,,,,
,,,,,,,,,,,,,,
,,,,,,,,,,,,,,
,VELA CHAPARRITA CIRIO REPUJADO,,,,,,,,,,,,,
,,,,,,,,,,,,,,
,Clave:,,VC9018,,,,Existencia:,,10,,,,,
,,,,,,,,,,,,,,
,Departamento:,,VELAS,,,,Precio:,,$ 99.90,,,,,
,,,,,,,,,,,,,,
,Categoría:,,COMUNION,,,,,,,,,,,
,,,,,,,,,,,,,,
,,,,,,,,,,,,,,
,,,,,,,,,,,,,,
,VELA COMUNION OVALO,,,,,,,,,,,,,
,,,,,,,,,,,,,,
,Clave:,,VC9020,,,,Existencia:,,5,,,,,
,,,,,,,,,,,,,,
,Departamento:,,VELAS,,,,Precio:,,$ 99.90,,,,,
,,,,,,,,,,,,,,
,Categoría:,,COMUNION,,,,,,,,,,,
,,,,,,,,,,,,,,
,,,,,,,,,,,,,,
,,,,,,,,,,,,,,
,VELA GENOVA CUADRADA,,,,,,,,,,,,,
,,,,,,,,,,,,,,
,Clave:,,VC9022,,,,Existencia:,,0,,,,,
,,,,,,,,,,,,,,
,Departamento:,,VELAS,,,,Precio:,,$ 149.90,,,,,
,,,,,,,,,,,,,,
,Categoría:,,COMUNION,,,,,,,,,,,
,,,,,,,,,,,,,,
,,,,,,,,,,,,,,
,,,,,,,,,,,,,,
,VELA COMUNION  CIRIO KIWI,,,,,,,,,,,,,
,,,,,,,,,,,,,,
,Clave:,,VC9024,,,,Existencia:,,0,,,,,
,,,,,,,,,,,,,,
,Departamento:,,VELAS,,,,Precio:,,$ 129.90,,,,,
,,,,,,,,,,,,,,
,Categoría:,,COMUNION,,,,,,,,,,,
,,,,,,,,,,,,,,
,,,,,,,,,,,,,,
,,,,,,,,,,,,,,
,VELA SLIM,,,,,,,,,,,,,
,,,,,,,,,,,,,,
,Clave:,,VC9026,,,,Existencia:,,0,,,,,
,,,,,,,,,,,,,,
,Departamento:,,VELAS,,,,Precio:,,$ 119.90,,,,,
,,,,,,,,,,,,,,
,Categoría:,,COMUNION,,,,,,,,,,,
,,,,,,,,,,,,,,
,,,,,,,,,,,,,,
,,,,,,,,,,,,,,
,VELA COMUNION  KAIN,,,,,,,,,,,,,
,,,,,,,,,,,,,,
,Clave:,,VC9028,,,,Existencia:,,0,,,,,
,,,,,,,,,,,,,,
,Departamento:,,VELAS,,,,Precio:,,$ 109.90,,,,,
,,,,,,,,,,,,,,
,Categoría:,,COMUNION,,,,,,,,,,,
,,,,,,,,,,,,,,
,,,,,,,,,,,,,,
,,,,,,,,,,,,,,
,VELA COMUNION  SUEZ,,,,,,,,,,,,,
,,,,,,,,,,,,,,
,Clave:,,VC9030,,,,Existencia:,,0,,,,,
,,,,,,,,,,,,,,
,Departamento:,,VELAS,,,,Precio:,,$ 160.00,,,,,
,,,,,,,,,,,,,,
,Categoría:,,COMUNION,,,,,,,,,,,
,,,,,,,,,,,,,,
,,,,,,,,,,,,,,
,,,,,,,,,,,,,,
,VELA COMUNION  PASCUAL,,,,,,,,,,,,,
,,,,,,,,,,,,,,
,Clave:,,VC9032,,,,Existencia:,,0,,,,,
,,,,,,,,,,,,,,
,Departamento:,,VELAS,,,,Precio:,,$ 160.00,,,,,
,,,,,,,,,,,,,,
,Categoría:,,COMUNION,,,,,,,,,,,
,,,,,,,,,,,,,,
,,,,,,,,,,,,,,
,,,,,,,,,,,,,,
,VELA COMUNION O CONFIRMACION AMARANTO,,,,,,,,,,,,,
,,,,,,,,,,,,,,
,Clave:,,VC9033,,,,Existencia:,,0,,,,,
,,,,,,,,,,,,,,
,Departamento:,,VELAS,,,,Precio:,,$ 195.00,,,,,
,,,,,,,,,,,,,,
,Categoría:,,COMUNION,,,,,,,,,,,
,,,,,,,,,,,,,,
,,,,,,,,,,,,,,
,,,,,,,,,,,,,,
,VELA COMUNION  CRUZ JESUS,,,,,,,,,,,,,
,,,,,,,,,,,,,,
,Clave:,,VC9034,,,,Existencia:,,0,,,,,
,,,,,,,,,,,,,,
,Departamento:,,VELAS,,,,Precio:,,$ 125.00,,,,,
,,,,,,,,,,,,,,
,Categoría:,,COMUNION,,,,,,,,,,,
,,,,,,,,,,,,,,
,,,,,,,,,,,,,,
,,,,,,,,,,,,,,
,VELA COMUNION  SAN BENITO,,,,,,,,,,,,,
,,,,,,,,,,,,,,
,Clave:,,VC9036,,,,Existencia:,,0,,,,,
,,,,,,,,,,,,,,
,Departamento:,,VELAS,,,,Precio:,,$ 165.00,,,,,
,,,,,,,,,,,,,,
,Categoría:,,COMUNION,,,,,,,,,,,
,,,,,,,,,,,,,,
,,,,,,,,,,,,,,
,,,,,,,,,,,,,,
,VELA COMUNION  MERCIA,,,,,,,,,,,,,
,,,,,,,,,,,,,,
,Clave:,,VC9038,,,,Existencia:,,0,,,,,
,,,,,,,,,,,,,,
,Departamento:,,VELAS,,,,Precio:,,$ 160.00,,,,,
,,,,,,,,,,,,,,
,Categoría:,,COMUNION,,,,,,,,,,,
,,,,,,,,,,,,,,
,,,,,,,,,,,,,,
,,,,,,,,,,,,,,
,VELA COMUNION CRUZ ODIN,,,,,,,,,,,,,
,,,,,,,,,,,,,,
,Clave:,,VC9041,,,,Existencia:,,0,,,,,
,,,,,,,,,,,,,,
,Departamento:,,VELAS,,,,Precio:,,$ 195.00,,,,,
,,,,,,,,,,,,,,
,Categoría:,,COMUNION,,,,,,,,,,,
,,,,,,,,,,,,,,
,,,,,,,,,,,,,,
,,,,,,,,,,,,,,
,VELA COMUNION CRUZ CELESTIAL MAGLIA,,,,,,,,,,,,,
,,,,,,,,,,,,,,
,Clave:,,VC9043,,,,Existencia:,,0,,,,,
,,,,,,,,,,,,,,
,Departamento:,,VELAS,,,,Precio:,,$ 195.00,,,,,
,,,,,,,,,,,,,,
,Categoría:,,COMUNION,,,,,,,,,,,
,,,,,,,,,,,,,,
,,,,,,,,,,,,,,
,,,,,,,,,,,,,,
,VELA COMUNION DEUS  VIRGEN,,,,,,,,,,,,,
,,,,,,,,,,,,,,
,Clave:,,VC9044,,,,Existencia:,,0,,,,,
,,,,,,,,,,,,,,
,Departamento:,,VELAS,,,,Precio:,,$ 125.00,,,,,
,,,,,,,,,,,,,,
,Categoría:,,COMUNION,,,,,,,,,,,
,,,,,,,,,,,,,,
,,,,,,,,,,,,,,
,,,,,,,,,,,,,,
,VELA COMUNION DEUS JHS,,,,,,,,,,,,,
,,,,,,,,,,,,,,
,Clave:,,VC9045,,,,Existencia:,,0,,,,,
,,,,,,,,,,,,,,
,Departamento:,,VELAS,,,,Precio:,,$ 125.00,,,,,
,,,,,,,,,,,,,,
,Categoría:,,COMUNION,,,,,,,,,,,
,,,,,,,,,,,,,,
,,,,,,,,,,,,,,
,,,,,,,,,,,,,,
,VELA COMUNION DEUS RETABLO VIRGEN,,,,,,,,,,,,,
,,,,,,,,,,,,,,
,Clave:,,VC9046,,,,Existencia:,,0,,,,,
,,,,,,,,,,,,,,
,Departamento:,,VELAS,,,,Precio:,,$ 125.00,,,,,
,,,,,,,,,,,,,,
,Categoría:,,COMUNION,,,,,,,,,,,
,,,,,,,,,,,,,,
,,,,,,,,,,,,,,
,,,,,,,,,,,,,,
,VELA COMUNION  CAPULLO,,,,,,,,,,,,,
,,,,,,,,,,,,,,
,Clave:,,VC9047,,,,Existencia:,,0,,,,,
,,,,,,,,,,,,,,
,Departamento:,,VELAS,,,,Precio:,,$ 160.00,,,,,
,,,,,,,,,,,,,,
,Categoría:,,COMUNION,,,,,,,,,,,
,,,,,,,,,,,,,,
,,,,,,,,,,,,,,
,,,,,,,,,,,,,,
,VELA COMUNION DEUS ALPHA OMEGA,,,,,,,,,,,,,
,,,,,,,,,,,,,,
,Clave:,,VC9048,,,,Existencia:,,0,,,,,
,,,,,,,,,,,,,,
,Departamento:,,VELAS,,,,Precio:,,$ 125.00,,,,,
,,,,,,,,,,,,,,
,Categoría:,,COMUNION,,,,,,,,,,,
,,,,,,,,,,,,,,
,,,,,,,,,,,,,,
,,,,,,,,,,,,,,
,VELA COMUNION  BELEN,,,,,,,,,,,,,
,,,,,,,,,,,,,,
,Clave:,,VC9049,,,,Existencia:,,0,,,,,
,,,,,,,,,,,,,,
,Departamento:,,VELAS,,,,Precio:,,$ 160.00,,,,,
,,,,,,,,,,,,,,
,Categoría:,,COMUNION,,,,,,,,,,,
,,,,,,,,,,,,,,
,,,,,,,,,,,,,,
,,,,,,,,,,,,,,
,VESTIDO OFERTA,,,,,,,,,,,,,
,,,,,,,,,,,,,,
,Clave:,,VESOFERTA,,,,Existencia:,,0,,,,,
,,,,,,,,,,,,,,
,Departamento:,,VESTIDOS,,,,Precio:,,$ 200.00,,,,,
,,,,,,,,,,,,,,
,Categoría:,,VESTIDOS DE GALA,,,,,,,,,,,
,,,,,,,,,,,,,,
,,,,,,,,,,,,,,
,,,,,,,,,,,,,,
,VELA CONFIRMACION AVE CRUZ,,,,,,,,,,,,,
,,,,,,,,,,,,,,
,Clave:,,VX0002,,,,Existencia:,,369,,,,,
,,,,,,,,,,,,,,
,Departamento:,,VELAS,,,,Precio:,,$ 109.90,,,,,
,,,,,,,,,,,,,,
,Categoría:,,CONFIRMACION,,,,,,,,,,,
,,,,,,,,,,,,,,
,,,,,,,,,,,,,,
,,,,,,,,,,,,,,
,VELA CONFIRMACION AVE CIRIO CRISTO,,,,,,,,,,,,,
,,,,,,,,,,,,,,
,Clave:,,VX0004,,,,Existencia:,,464,,,,,
,,,,,,,,,,,,,,
,Departamento:,,VELAS,,,,Precio:,,$ 124.90,,,,,
,,,,,,,,,,,,,,
,Categoría:,,CONFIRMACION,,,,,,,,,,,
,,,,,,,,,,,,,,
,,,,,,,,,,,,,,
,,,,,,,,,,,,,,
,VELA CONFIRMACION BLESS CRUZ MADERA PALOMA,,,,,,,,,,,,,
,,,,,,,,,,,,,,
,Clave:,,VX0011,,,,Existencia:,,0,,,,,
,,,,,,,,,,,,,,
,Departamento:,,VELAS,,,,Precio:,,$ 140.00,,,,,
,,,,,,,,,,,,,,
,Categoría:,,CONFIRMACION,,,,,,,,,,,
,,,,,,,,,,,,,,
,,,,,,,,,,,,,,
,,,,,,,,,,,,,,
,VELA CONFIRMACION REX CRISTO,,,,,,,,,,,,,
,,,,,,,,,,,,,,
,Clave:,,VX0013,,,,Existencia:,,4,,,,,
,,,,,,,,,,,,,,
,Departamento:,,VELAS,,,,Precio:,,$ 125.00,,,,,
,,,,,,,,,,,,,,
,Categoría:,,CONFIRMACION,,,,,,,,,,,
,,,,,,,,,,,,,,
,,,,,,,,,,,,,,
,,,,,,,,,,,,,,
,VELA CONFIRMACION ESPIRITU SANTO JESUS,,,,,,,,,,,,,
,,,,,,,,,,,,,,
,Clave:,,VX0015,,,,Existencia:,,0,,,,,
,,,,,,,,,,,,,,
,Departamento:,,VELAS,,,,Precio:,,$ 160.00,,,,,
,,,,,,,,,,,,,,
,Categoría:,,CONFIRMACION,,,,,,,,,,,
,,,,,,,,,,,,,,
,,,,,,,,,,,,,,
,,,,,,,,,,,,,,
,VELA CONFIRMACION TRINIDAD,,,,,,,,,,,,,
,,,,,,,,,,,,,,
,Clave:,,VX0019,,,,Existencia:,,0,,,,,
,,,,,,,,,,,,,,
,Departamento:,,VELAS,,,,Precio:,,$ 135.00,,,,,
,,,,,,,,,,,,,,
,Categoría:,,CONFIRMACION,,,,,,,,,,,
,,,,,,,,,,,,,,
,,,,,,,,,,,,,,
,,,,,,,,,,,,,,
,VELA CONFIRMACION ABEL,,,,,,,,,,,,,
,,,,,,,,,,,,,,
,Clave:,,VX0021,,,,Existencia:,,0,,,,,
,,,,,,,,,,,,,,
,Departamento:,,VELAS,,,,Precio:,,$ 165.00,,,,,
,,,,,,,,,,,,,,
,Categoría:,,COMUNION,,,,,,,,,,,
,,,,,,,,,,,,,,
,,,,,,,,,,,,,,
,,,,,,,,,,,,,,
,VELA CONFIRMACION VITAM,,,,,,,,,,,,,
,,,,,,,,,,,,,,
,Clave:,,VX0023,,,,Existencia:,,0,,,,,
,,,,,,,,,,,,,,
,Departamento:,,VELAS,,,,Precio:,,$ 125.00,,,,,
,,,,,,,,,,,,,,
,Categoría:,,COMUNION,,,,,,,,,,,
,,,,,,,,,,,,,,
,,,,,,,,,,,,,,
,,,,,,,,,,,,,,
,VELA CONFIRMACION AMANECER,,,,,,,,,,,,,
,,,,,,,,,,,,,,
,Clave:,,VX0025,,,,Existencia:,,0,,,,,
,,,,,,,,,,,,,,
,Departamento:,,VELAS,,,,Precio:,,$ 165.00,,,,,
,,,,,,,,,,,,,,
,Categoría:,,COMUNION,,,,,,,,,,,
,,,,,,,,,,,,,,
,,,,,,,,,,,,,,
,,,,,,,,,,,,,,
,VELA CONFIRMACION  ALTAR,,,,,,,,,,,,,
,,,,,,,,,,,,,,
,Clave:,,VX0041,,,,Existencia:,,0,,,,,
,,,,,,,,,,,,,,
,Departamento:,,VELAS,,,,Precio:,,$ 165.00,,,,,
,,,,,,,,,,,,,,
,Categoría:,,COMUNION,,,,,,,,,,,
,,,,,,,,,,,,,,
,,,,,,,,,,,,,,
,,,,,,,,,,,,,,
,VELA CONFIRMACION  CRISTO DIVINO,,,,,,,,,,,,,
,,,,,,,,,,,,,,
,Clave:,,VX0043,,,,Existencia:,,0,,,,,
,,,,,,,,,,,,,,
,Departamento:,,VELAS,,,,Precio:,,$ 165.00,,,,,
,,,,,,,,,,,,,,
,Categoría:,,COMUNION,,,,,,,,,,,
,,,,,,,,,,,,,,
,,,,,,,,,,,,,,
,,,,,,,,,,,,,,
,"ESTUCHE CONFIRMACION BIBLIA, VELA, CRISTO",,,,,,,,,,,,,
,,,,,,,,,,,,,,
,Clave:,,VX9002,,,,Existencia:,,N/A,,,,,
,,,,,,,,,,,,,,
,Departamento:,,VELAS,,,,Precio:,,$ 560.00,,,,,
,,,,,,,,,,,,,,
,Categoría:,,CONFIRMACION,,,,,,,,,,,
,,,,,,,,,,,,,,
,,,,,,,,,,,,,,
,,,,,,,,,,,,,,
,ESTUCHE CONFIRMACION ABEL BIBLIA LATINOAMERICA C/CRISTO,,,,,,,,,,,,,
,,,,,,,,,,,,,,
,Clave:,,VX9601,,,,Existencia:,,0,,,,,
,,,,,,,,,,,,,,
,Departamento:,,VELAS,,,,Precio:,,$ 590.00,,,,,
,,,,,,,,,,,,,,
,Categoría:,,CONFIRMACION,,,,,,,,,,,
,,,,,,,,,,,,,,
,,,,,,,,,,,,,,
,,,,,,,,,,,,,,
,ESTUCHE CONFIRMACION BLESS BIBLIA LATINOAMERICA C/CRISTO,,,,,,,,,,,,,
,,,,,,,,,,,,,,
,Clave:,,VX9603,,,,Existencia:,,0,,,,,
,,,,,,,,,,,,,,
,Departamento:,,VELAS,,,,Precio:,,$ 540.00,,,,,
,,,,,,,,,,,,,,
,Categoría:,,CONFIRMACION,,,,,,,,,,,
,,,,,,,,,,,,,,
,,,,,,,,,,,,,,
,,,,,,,,,,,,,,
,ESTUCHE CONFIRMACION ESPIRITU SANTO BIBLIA LATINOAMERICA C/CRISTO,,,,,,,,,,,,,
,,,,,,,,,,,,,,
,Clave:,,VX9605,,,,Existencia:,,0,,,,,
,,,,,,,,,,,,,,
,Departamento:,,VELAS,,,,Precio:,,$ 540.00,,,,,
,,,,,,,,,,,,,,
,Categoría:,,CONFIRMACION,,,,,,,,,,,
,,,,,,,,,,,,,,
,,,,,,,,,,,,,,
,,,,,,,,,,,,,,
,ESTUCHE CONFIRMACION ALTAR BIBLIA LATINOAMERICA C/CRISTO,,,,,,,,,,,,,
,,,,,,,,,,,,,,
,Clave:,,VX9607,,,,Existencia:,,0,,,,,
,,,,,,,,,,,,,,
,Departamento:,,VELAS,,,,Precio:,,$ 590.00,,,,,
,,,,,,,,,,,,,,
,Categoría:,,CONFIRMACION,,,,,,,,,,,
,,,,,,,,,,,,,,
,,,,,,,,,,,,,,
,,,,,,,,,,,,,,
,ESTUCHE CONFIRMACION TRINIDAD BIBLIA LATINOAMERICA C/CRISTO,,,,,,,,,,,,,
,,,,,,,,,,,,,,
,Clave:,,VX9609,,,,Existencia:,,0,,,,,
,,,,,,,,,,,,,,
,Departamento:,,VELAS,,,,Precio:,,$ 540.00,,,,,
,,,,,,,,,,,,,,
,Categoría:,,CONFIRMACION,,,,,,,,,,,
,,,,,,,,,,,,,,
,,,,,,,,,,,,,,
,,,,,,,,,,,,,,
,ESTUCHE CONFIRMACION CRISTO DIVINO BIBLIA LATINOAMERICA C/CRISTO,,,,,,,,,,,,,
,,,,,,,,,,,,,,
,Clave:,,VX9611,,,,Existencia:,,0,,,,,
,,,,,,,,,,,,,,
,Departamento:,,VELAS,,,,Precio:,,$ 590.00,,,,,
,,,,,,,,,,,,,,
,Categoría:,,CONFIRMACION,,,,,,,,,,,
,,,,,,,,,,,,,,
,,,,,,,,,,,,,,
,,,,,,,,,,,,,,
,ESTUCHE CONFIRMACION AMANECER BIBLIA LATINOAMERICA C/CRISTO,,,,,,,,,,,,,
,,,,,,,,,,,,,,
,Clave:,,VX9613,,,,Existencia:,,0,,,,,
,,,,,,,,,,,,,,
,Departamento:,,VELAS,,,,Precio:,,$ 560.00,,,,,
,,,,,,,,,,,,,,
,Categoría:,,CONFIRMACION,,,,,,,,,,,
,,,,,,,,,,,,,,
,,,,,,,,,,,,,,
,,,,,,,,,,,,,,
,SET ACRRILAN 5 PZAS.,,,,,,,,,,,,,
,,,,,,,,,,,,,,
,Clave:,,WA0022,,,,Existencia:,,0,,,,,
,,,,,,,,,,,,,,
,Departamento:,,ACCESORIOS,,,,Precio:,,$ 109.90,,,,,
,,,,,,,,,,,,,,
,Categoría:,,BONETERIA,,,,,,,,,,,
,,,,,,,,,,,,,,
,,,,,,,,,,,,,,
,,,,,,,,,,,,,,
,COBERTOR BABY MINK MI BAUTIZO MOD. 260,,,,,,,,,,,,,
,,,,,,,,,,,,,,
,Clave:,,WC1002,,,,Existencia:,,0,,,,,
,,,,,,,,,,,,,,
,Departamento:,,BONETERIA,,,,Precio:,,$ 349.90,,,,,
,,,,,,,,,,,,,,
,Categoría:,,COBIJAS,,,,,,,,,,,
,,,,,,,,,,,,,,
,,,,,,,,,,,,,,
,,,,,,,,,,,,,,
,COBIJA SPLENDIDO MOD. 220,,,,,,,,,,,,,
,,,,,,,,,,,,,,
,Clave:,,WC1004,,,,Existencia:,,0,,,,,
,,,,,,,,,,,,,,
,Departamento:,,BONETERIA,,,,Precio:,,$ 189.90,,,,,
,,,,,,,,,,,,,,
,Categoría:,,COBIJAS,,,,,,,,,,,
,,,,,,,,,,,,,,
,,,,,,,,,,,,,,
,,,,,,,,,,,,,,
,COBERTOR CUNERO MOD. 645,,,,,,,,,,,,,
,,,,,,,,,,,,,,
,Clave:,,WC1011,,,,Existencia:,,0,,,,,
,,,,,,,,,,,,,,
,Departamento:,,BONETERIA,,,,Precio:,,$ 439.90,,,,,
,,,,,,,,,,,,,,
,Categoría:,,COBIJAS,,,,,,,,,,,
,,,,,,,,,,,,,,
,,,,,,,,,,,,,,
,,,,,,,,,,,,,,
,COBIJA POLAR CONCHA,,,,,,,,,,,,,
,,,,,,,,,,,,,,
,Clave:,,WC1012,,,,Existencia:,,419,,,,,
,,,,,,,,,,,,,,
,Departamento:,,BONETERIA,,,,Precio:,,$ 129.90,,,,,
,,,,,,,,,,,,,,
,Categoría:,,COBIJAS,,,,,,,,,,,
,,,,,,,,,,,,,,
,,,,,,,,,,,,,,
,,,,,,,,,,,,,,
,COBIJA GRANIZO BORDADA BORREGA,,,,,,,,,,,,,
,,,,,,,,,,,,,,
,Clave:,,WC1072,,,,Existencia:,,547,,,,,
,,,,,,,,,,,,,,
,Departamento:,,BONETERIA,,,,Precio:,,$ 219.90,,,,,
,,,,,,,,,,,,,,
,Categoría:,,COBIJAS,,,,,,,,,,,
,,,,,,,,,,,,,,
,,,,,,,,,,,,,,
,,,,,,,,,,,,,,
,COBIJA BIES BORDADA CH,,,,,,,,,,,,,
,,,,,,,,,,,,,,
,Clave:,,WC3103,,,,Existencia:,,0,,,,,
,,,,,,,,,,,,,,
,Departamento:,,BONETERIA,,,,Precio:,,$ 149.90,,,,,
,,,,,,,,,,,,,,
,Categoría:,,COBIJAS,,,,,,,,,,,
,,,,,,,,,,,,,,
,,,,,,,,,,,,,,
,,,,,,,,,,,,,,
,COBIJA AÑADIDA BORDADA 1X80 CM,,,,,,,,,,,,,
,,,,,,,,,,,,,,
,Clave:,,WC3104,,,,Existencia:,,0,,,,,
,,,,,,,,,,,,,,
,Departamento:,,BONETERIA,,,,Precio:,,$ 279.90,,,,,
,,,,,,,,,,,,,,
,Categoría:,,COBIJAS,,,,,,,,,,,
,,,,,,,,,,,,,,
,,,,,,,,,,,,,,
,,,,,,,,,,,,,,
,COBIJA ARTICELA,,,,,,,,,,,,,
,,,,,,,,,,,,,,
,Clave:,,WC4002,,,,Existencia:,,0,,,,,
,,,,,,,,,,,,,,
,Departamento:,,BONETERIA,,,,Precio:,,$ 149.90,,,,,
,,,,,,,,,,,,,,
,Categoría:,,COBIJAS,,,,,,,,,,,
,,,,,,,,,,,,,,
,,,,,,,,,,,,,,
,,,,,,,,,,,,,,
,COBIJA CUADROS APLICACION,,,,,,,,,,,,,
,,,,,,,,,,,,,,
,Clave:,,WC4004,,,,Existencia:,,33,,,,,
,,,,,,,,,,,,,,
,Departamento:,,BONETERIA,,,,Precio:,,$ 99.90,,,,,
,,,,,,,,,,,,,,
,Categoría:,,COBIJAS,,,,,,,,,,,
,,,,,,,,,,,,,,
,,,,,,,,,,,,,,
,,,,,,,,,,,,,,
,COBIJA ACRILAN BORDADA,,,,,,,,,,,,,
,,,,,,,,,,,,,,
,Clave:,,WC4006,,,,Existencia:,,150,,,,,
,,,,,,,,,,,,,,
,Departamento:,,BONETERIA,,,,Precio:,,$ 139.90,,,,,
,,,,,,,,,,,,,,
,Categoría:,,COBIJAS,,,,,,,,,,,
,,,,,,,,,,,,,,
,,,,,,,,,,,,,,
,,,,,,,,,,,,,,
,COBERTOR AÑADIDA BORDADA 100X130 cm,,,,,,,,,,,,,
,,,,,,,,,,,,,,
,Clave:,,WC9001,,,,Existencia:,,0,,,,,
,,,,,,,,,,,,,,
,Departamento:,,BONETERIA,,,,Precio:,,$ 339.90,,,,,
,,,,,,,,,,,,,,
,Categoría:,,COBIJAS,,,,,,,,,,,
,,,,,,,,,,,,,,
,,,,,,,,,,,,,,
,,,,,,,,,,,,,,
,COBIJA FRASADA SUELTA TWIN BELL,,,,,,,,,,,,,
,,,,,,,,,,,,,,
,Clave:,,WF4000,,,,Existencia:,,0,,,,,
,,,,,,,,,,,,,,
,Departamento:,,BONETERIA,,,,Precio:,,$ 30.00,,,,,
,,,,,,,,,,,,,,
,Categoría:,,COBIJAS,,,,,,,,,,,
,,,,,,,,,,,,,,
,,,,,,,,,,,,,,
,,,,,,,,,,,,,,
,COBIJA FRASADA C/4 TWIN BELL,,,,,,,,,,,,,
,,,,,,,,,,,,,,
,Clave:,,WF4002,,,,Existencia:,,0,,,,,
,,,,,,,,,,,,,,
,Departamento:,,BONETERIA,,,,Precio:,,$ 99.90,,,,,
,,,,,,,,,,,,,,
,Categoría:,,COBIJAS,,,,,,,,,,,
,,,,,,,,,,,,,,
,,,,,,,,,,,,,,
,,,,,,,,,,,,,,
,SABANITA ALGODON ECO.,,,,,,,,,,,,,
,,,,,,,,,,,,,,
,Clave:,,WS1002,,,,Existencia:,,280,,,,,
,,,,,,,,,,,,,,
,Departamento:,,BONETERIA,,,,Precio:,,$ 89.90,,,,,
,,,,,,,,,,,,,,
,Categoría:,,COBIJAS,,,,,,,,,,,
,,,,,,,,,,,,,,
,,,,,,,,,,,,,,
,,,,,,,,,,,,,,
,SABANITA PEQUE BORDADA,,,,,,,,,,,,,
,,,,,,,,,,,,,,
,Clave:,,WS1013,,,,Existencia:,,0,,,,,
,,,,,,,,,,,,,,
,Departamento:,,BONETERIA,,,,Precio:,,$ 109.90,,,,,
,,,,,,,,,,,,,,
,Categoría:,,COBIJAS,,,,,,,,,,,
,,,,,,,,,,,,,,
,,,,,,,,,,,,,,
,,,,,,,,,,,,,,
,SABANITA ALGODON DE ARETE BORDADO C/GUIPIURE,,,,,,,,,,,,,
,,,,,,,,,,,,,,
,Clave:,,WS1099,,,,Existencia:,,225,,,,,
,,,,,,,,,,,,,,
,Departamento:,,BONETERIA,,,,Precio:,,$ 129.90,,,,,
,,,,,,,,,,,,,,
,Categoría:,,COBIJAS,,,,,,,,,,,
,,,,,,,,,,,,,,
,,,,,,,,,,,,,,
,,,,,,,,,,,,,,
,SABANITA CHARMIN ECO.,,,,,,,,,,,,,
,,,,,,,,,,,,,,
,Clave:,,WS4002,,,,Existencia:,,0,,,,,
,,,,,,,,,,,,,,
,Departamento:,,BONETERIA,,,,Precio:,,$ 89.90,,,,,
,,,,,,,,,,,,,,
,Categoría:,,COBIJAS,,,,,,,,,,,
,,,,,,,,,,,,,,
,,,,,,,,,,,,,,
,,,,,,,,,,,,,,
,COBIJA HILO BORDADO,,,,,,,,,,,,,
,,,,,,,,,,,,,,
,Clave:,,WS4022,,,,Existencia:,,0,,,,,
,,,,,,,,,,,,,,
,Departamento:,,BONETERIA,,,,Precio:,,$ 130.00,,,,,
,,,,,,,,,,,,,,
,Categoría:,,COBIJAS,,,,,,,,,,,
,,,,,,,,,,,,,,
,,,,,,,,,,,,,,
,,,,,,,,,,,,,,
,CAMISA BOSIC´S 00 AL 18,,,,,,,,,,,,,
,,,,,,,,,,,,,,
,Clave:,,XC1002,,,,Existencia:,,0,,,,,
,,,,,,,,,,,,,,
,Departamento:,,CAMISAS,,,,Precio:,,$ 109.90,,,,,
,,,,,,,,,,,,,,
,Categoría:,,CAMISA VESTIR,,,,,,,,,,,
,,,,,,,,,,,,,,
,,,,,,,,,,,,,,
,,,,,,,,,,,,,,
,CAMISA BOSIC´S 34 AL 42,,,,,,,,,,,,,
,,,,,,,,,,,,,,
,Clave:,,XC1004,,,,Existencia:,,0,,,,,
,,,,,,,,,,,,,,
,Departamento:,,CAMISAS,,,,Precio:,,$ 125.90,,,,,
,,,,,,,,,,,,,,
,Categoría:,,CAMISA VESTIR,,,,,,,,,,,
,,,,,,,,,,,,,,
,,,,,,,,,,,,,,
,,,,,,,,,,,,,,
,CAMISA BOSIC´S 44 AL 50,,,,,,,,,,,,,
,,,,,,,,,,,,,,
,Clave:,,XC1006,,,,Existencia:,,0,,,,,
,,,,,,,,,,,,,,
,Departamento:,,CAMISAS,,,,Precio:,,$ 134.90,,,,,
,,,,,,,,,,,,,,
,Categoría:,,CAMISA VESTIR,,,,,,,,,,,
,,,,,,,,,,,,,,
,,,,,,,,,,,,,,
,,,,,,,,,,,,,,
,CAMISA BACCUS 1 Y 1X,,,,,,,,,,,,,
,,,,,,,,,,,,,,
,Clave:,,XC1091,,,,Existencia:,,1039,,,,,
,,,,,,,,,,,,,,
,Departamento:,,CAMISAS,,,,Precio:,,$ 160.00,,,,,
,,,,,,,,,,,,,,
,Categoría:,,CAMISA VESTIR,,,,,,,,,,,
,,,,,,,,,,,,,,
,,,,,,,,,,,,,,
,,,,,,,,,,,,,,
,CAMISA BACCUS 2 AL 18,,,,,,,,,,,,,
,,,,,,,,,,,,,,
,Clave:,,XC1092,,,,Existencia:,,14534,,,,,
,,,,,,,,,,,,,,
,Departamento:,,CAMISAS,,,,Precio:,,$ 160.00,,,,,
,,,,,,,,,,,,,,
,Categoría:,,CAMISA VESTIR,,,,,,,,,,,
,,,,,,,,,,,,,,
,,,,,,,,,,,,,,
,,,,,,,,,,,,,,
,CAMISA BACCUS 34 AL 42,,,,,,,,,,,,,
,,,,,,,,,,,,,,
,Clave:,,XC1094,,,,Existencia:,,7049,,,,,
,,,,,,,,,,,,,,
,Departamento:,,CAMISAS,,,,Precio:,,$ 220.00,,,,,
,,,,,,,,,,,,,,
,Categoría:,,CAMISA VESTIR,,,,,,,,,,,
,,,,,,,,,,,,,,
,,,,,,,,,,,,,,
,,,,,,,,,,,,,,
,CAMISA BACCUS 44 AL 50,,,,,,,,,,,,,
,,,,,,,,,,,,,,
,Clave:,,XC1096,,,,Existencia:,,1411,,,,,
,,,,,,,,,,,,,,
,Departamento:,,CAMISAS,,,,Precio:,,$ 250.00,,,,,
,,,,,,,,,,,,,,
,Categoría:,,CAMISA VESTIR,,,,,,,,,,,
,,,,,,,,,,,,,,
,,,,,,,,,,,,,,
,,,,,,,,,,,,,,
,CAMISA C/ PALOMA 02 AL 18 SHEGOBRE BOSIC,,,,,,,,,,,,,
,,,,,,,,,,,,,,
,Clave:,,XC9002,,,,Existencia:,,417,,,,,
,,,,,,,,,,,,,,
,Departamento:,,CAMISAS,,,,Precio:,,$ 260.00,,,,,
,,,,,,,,,,,,,,
,Categoría:,,CAMISA VESTIR,,,,,,,,,,,
,,,,,,,,,,,,,,
,,,,,,,,,,,,,,
,,,,,,,,,,,,,,
,CAMISA C/ PALOMA 34 AL 42 SHEGOBRE BOSIC,,,,,,,,,,,,,
,,,,,,,,,,,,,,
,Clave:,,XC9004,,,,Existencia:,,398,,,,,
,,,,,,,,,,,,,,
,Departamento:,,CAMISAS,,,,Precio:,,$ 310.00,,,,,
,,,,,,,,,,,,,,
,Categoría:,,CAMISA VESTIR,,,,,,,,,,,
,,,,,,,,,,,,,,
,,,,,,,,,,,,,,
,,,,,,,,,,,,,,
,CAMISA C/ PALOMA 02 AL 18 BACCUS,,,,,,,,,,,,,
,,,,,,,,,,,,,,
,Clave:,,XC9092,,,,Existencia:,,116,,,,,
,,,,,,,,,,,,,,
,Departamento:,,CAMISAS,,,,Precio:,,$ 260.00,,,,,
,,,,,,,,,,,,,,
,Categoría:,,CAMISA VESTIR,,,,,,,,,,,
,,,,,,,,,,,,,,
,,,,,,,,,,,,,,
,,,,,,,,,,,,,,
,CAMISA C/ PALOMA 34 AL 42 BACCUS,,,,,,,,,,,,,
,,,,,,,,,,,,,,
,Clave:,,XC9094,,,,Existencia:,,88,,,,,
,,,,,,,,,,,,,,
,Departamento:,,CAMISAS,,,,Precio:,,$ 310.00,,,,,
,,,,,,,,,,,,,,
,Categoría:,,CAMISA VESTIR,,,,,,,,,,,
,,,,,,,,,,,,,,
,,,,,,,,,,,,,,
,,,,,,,,,,,,,,
,CAMISA C/ PALOMA 44 AL 50 BACCUS,,,,,,,,,,,,,
,,,,,,,,,,,,,,
,Clave:,,XC9096,,,,Existencia:,,0,,,,,
,,,,,,,,,,,,,,
,Departamento:,,CAMISAS,,,,Precio:,,$ 330.00,,,,,
,,,,,,,,,,,,,,
,Categoría:,,CAMISA VESTIR,,,,,,,,,,,
,,,,,,,,,,,,,,
,,,,,,,,,,,,,,
,,,,,,,,,,,,,,
,CAMISA SHEGOBRE 34 AL 42,,,,,,,,,,,,,
,,,,,,,,,,,,,,
,Clave:,,XC9363,,,,Existencia:,,0,,,,,
,,,,,,,,,,,,,,
,Departamento:,,CAMISAS,,,,Precio:,,$ 190.00,,,,,
,,,,,,,,,,,,,,
,Categoría:,,CAMISA VESTIR,,,,,,,,,,,
,,,,,,,,,,,,,,
,,,,,,,,,,,,,,
,,,,,,,,,,,,,,
,CAMISA MANGA CORTA 2 AL 18 BACCUS,,,,,,,,,,,,,
,,,,,,,,,,,,,,
,Clave:,,XC9992,,,,Existencia:,,0,,,,,
,,,,,,,,,,,,,,
,Departamento:,,CAMISAS,,,,Precio:,,$ 160.00,,,,,
,,,,,,,,,,,,,,
,Categoría:,,CAMISA VESTIR,,,,,,,,,,,
,,,,,,,,,,,,,,
,,,,,,,,,,,,,,
,,,,,,,,,,,,,,
,CAMISA MANGA CORTA 32 AL 44 BACCUS,,,,,,,,,,,,,
,,,,,,,,,,,,,,
,Clave:,,XC9994,,,,Existencia:,,0,,,,,
,,,,,,,,,,,,,,
,Departamento:,,CAMISAS,,,,Precio:,,$ 220.00,,,,,
,,,,,,,,,,,,,,
,Categoría:,,CAMISA VESTIR,,,,,,,,,,,
,,,,,,,,,,,,,,
,,,,,,,,,,,,,,
,,,,,,,,,,,,,,
,GUAYABERA SOLA LINO 4 AL 18,,,,,,,,,,,,,
,,,,,,,,,,,,,,
,Clave:,,XG0004,,,,Existencia:,,0,,,,,
,,,,,,,,,,,,,,
,Departamento:,,GUAYABERA,,,,Precio:,,$ 319.90,,,,,
,,,,,,,,,,,,,,
,Categoría:,,GUAYABERA,,,,,,,,,,,
,,,,,,,,,,,,,,
,,,,,,,,,,,,,,
,,,,,,,,,,,,,,
,GUAYABERA SOLA MANTA 4 AL 18,,,,,,,,,,,,,
,,,,,,,,,,,,,,
,Clave:,,XG0006,,,,Existencia:,,0,,,,,
,,,,,,,,,,,,,,
,Departamento:,,GUAYABERA,,,,Precio:,,$ 319.90,,,,,
,,,,,,,,,,,,,,
,Categoría:,,GUAYABERA,,,,,,,,,,,
,,,,,,,,,,,,,,
,,,,,,,,,,,,,,
,,,,,,,,,,,,,,
,GUAYABERA SOLA MOD. 020 ADULTO 36 AL 42 YUCACHEN,,,,,,,,,,,,,
,,,,,,,,,,,,,,
,Clave:,,XG0020,,,,Existencia:,,0,,,,,
,,,,,,,,,,,,,,
,Departamento:,,GUAYABERA,,,,Precio:,,$ 659.90,,,,,
,,,,,,,,,,,,,,
,Categoría:,,GUAYABERA,,,,,,,,,,,
,,,,,,,,,,,,,,
,,,,,,,,,,,,,,
,,,,,,,,,,,,,,
,GUAYABERA SOLA LINO LISTON,,,,,,,,,,,,,
,,,,,,,,,,,,,,
,Clave:,,XG0159,,,,Existencia:,,0,,,,,
,,,,,,,,,,,,,,
,Departamento:,,GUAYABERA,,,,Precio:,,$ 319.90,,,,,
,,,,,,,,,,,,,,
,Categoría:,,CONJUNTOS,,,,,,,,,,,
,,,,,,,,,,,,,,
,,,,,,,,,,,,,,
,,,,,,,,,,,,,,
,GUAYABERA SOLA LINO YUCA HILO BORDADO,,,,,,,,,,,,,
,,,,,,,,,,,,,,
,Clave:,,XG0169,,,,Existencia:,,0,,,,,
,,,,,,,,,,,,,,
,Departamento:,,GUAYABERA,,,,Precio:,,$ 319.90,,,,,
,,,,,,,,,,,,,,
,Categoría:,,CONJUNTOS,,,,,,,,,,,
,,,,,,,,,,,,,,
,,,,,,,,,,,,,,
,,,,,,,,,,,,,,
,GUAYABERA SOLA MOD. 600 DACRON 2 AL 18 YUCACHEN XG0002,,,,,,,,,,,,,
,,,,,,,,,,,,,,
,Clave:,,XG0600,,,,Existencia:,,920,,,,,
,,,,,,,,,,,,,,
,Departamento:,,GUAYABERA,,,,Precio:,,$ 349.90,,,,,
,,,,,,,,,,,,,,
,Categoría:,,GUAYABERA,,,,,,,,,,,
,,,,,,,,,,,,,,
,,,,,,,,,,,,,,
,,,,,,,,,,,,,,
,GUAYABERA SOLA MOD. 640 LINO FLAME 2 AL 18 ITZÉ,,,,,,,,,,,,,
,,,,,,,,,,,,,,
,Clave:,,XG0640,,,,Existencia:,,0,,,,,
,,,,,,,,,,,,,,
,Departamento:,,GUAYABERA,,,,Precio:,,$ 559.90,,,,,
,,,,,,,,,,,,,,
,Categoría:,,GUAYABERA,,,,,,,,,,,
,,,,,,,,,,,,,,
,,,,,,,,,,,,,,
,,,,,,,,,,,,,,
,GUAYABERA SOLA  CUBANA DACRON 0 AL 18 YUCATAN,,,,,,,,,,,,,
,,,,,,,,,,,,,,
,Clave:,,XG9097,,,,Existencia:,,0,,,,,
,,,,,,,,,,,,,,
,Departamento:,,GUAYABERA,,,,Precio:,,$ 319.90,,,,,
,,,,,,,,,,,,,,
,Categoría:,,GUAYABERA,,,,,,,,,,,
,,,,,,,,,,,,,,
,,,,,,,,,,,,,,
,,,,,,,,,,,,,,
,GUAYABERA SOLA CUBANA JUVENIL DACRON 28 AL 32 YUCATAN,,,,,,,,,,,,,
,,,,,,,,,,,,,,
,Clave:,,XG9099,,,,Existencia:,,0,,,,,
,,,,,,,,,,,,,,
,Departamento:,,GUAYABERA,,,,Precio:,,$ 339.90,,,,,
,,,,,,,,,,,,,,
,Categoría:,,GUAYABERA,,,,,,,,,,,
,,,,,,,,,,,,,,
,,,,,,,,,,,,,,
,,,,,,,,,,,,,,
,CAMISA CUELLO MAU LINO 2 AL 18,,,,,,,,,,,,,
,,,,,,,,,,,,,,
,Clave:,,XL3069,,,,Existencia:,,0,,,,,
,,,,,,,,,,,,,,
,Departamento:,,SIN DEFINIR,,,,Precio:,,$ 199.90,,,,,
,,,,,,,,,,,,,,
,Categoría:,,SIN DEFINIR,,,,,,,,,,,
,,,,,,,,,,,,,,
,,,,,,,,,,,,,,
,,,,,,,,,,,,,,
,CONJUNTO MOD. M53 GUAYABERA MANTA SOTACH ALFORZA,,,,,,,,,,,,,
,,,,,,,,,,,,,,
,Clave:,,XM0053,,,,Existencia:,,0,,,,,
,,,,,,,,,,,,,,
,Departamento:,,GUAYABERA,,,,Precio:,,$ 319.90,,,,,
,,,,,,,,,,,,,,
,Categoría:,,CONJUNTOS,,,,,,,,,,,
,,,,,,,,,,,,,,
,,,,,,,,,,,,,,
,,,,,,,,,,,,,,
,PANTALON PRESILLA 2 AL 16 JOS.,,,,,,,,,,,,,
,,,,,,,,,,,,,,
,Clave:,,XP1002,,,,Existencia:,,381,,,,,
,,,,,,,,,,,,,,
,Departamento:,,PANTALON,,,,Precio:,,$ 180.00,,,,,
,,,,,,,,,,,,,,
,Categoría:,,PANTALON VESTIR,,,,,,,,,,,
,,,,,,,,,,,,,,
,,,,,,,,,,,,,,
,,,,,,,,,,,,,,
,PANTALON PRESILLA 18 AL 20 JOS.,,,,,,,,,,,,,
,,,,,,,,,,,,,,
,Clave:,,XP1004,,,,Existencia:,,20,,,,,
,,,,,,,,,,,,,,
,Departamento:,,PANTALON,,,,Precio:,,$ 200.00,,,,,
,,,,,,,,,,,,,,
,Categoría:,,PANTALON VESTIR,,,,,,,,,,,
,,,,,,,,,,,,,,
,,,,,,,,,,,,,,
,,,,,,,,,,,,,,
,PANTALON PRESILLA 28 AL 38 JOS. GUISSEPPI,,,,,,,,,,,,,
,,,,,,,,,,,,,,
,Clave:,,XP1006,,,,Existencia:,,938,,,,,
,,,,,,,,,,,,,,
,Departamento:,,PANTALON,,,,Precio:,,$ 230.00,,,,,
,,,,,,,,,,,,,,
,Categoría:,,PANTALON VESTIR,,,,,,,,,,,
,,,,,,,,,,,,,,
,,,,,,,,,,,,,,
,,,,,,,,,,,,,,
,PANTALON PRESILLA 40 AL 48 JOS. GUISSEPPI,,,,,,,,,,,,,
,,,,,,,,,,,,,,
,Clave:,,XP1008,,,,Existencia:,,0,,,,,
,,,,,,,,,,,,,,
,Departamento:,,PANTALON,,,,Precio:,,$ 260.00,,,,,
,,,,,,,,,,,,,,
,Categoría:,,PANTALON VESTIR,,,,,,,,,,,
,,,,,,,,,,,,,,
,,,,,,,,,,,,,,
,,,,,,,,,,,,,,
,PANTALON  YUCA LINO ELASTICO 2 AL 18,,,,,,,,,,,,,
,,,,,,,,,,,,,,
,Clave:,,XP1122,,,,Existencia:,,0,,,,,
,,,,,,,,,,,,,,
,Departamento:,,PANTALON,,,,Precio:,,$ 225.00,,,,,
,,,,,,,,,,,,,,
,Categoría:,,PANTALON VESTIR,,,,,,,,,,,
,,,,,,,,,,,,,,
,,,,,,,,,,,,,,
,,,,,,,,,,,,,,
,PANTALON ELASTICO 0 AL 6 RAFITA,,,,,,,,,,,,,
,,,,,,,,,,,,,,
,Clave:,,XP2001,,,,Existencia:,,1283,,,,,
,,,,,,,,,,,,,,
,Departamento:,,PANTALON,,,,Precio:,,$ 130.00,,,,,
,,,,,,,,,,,,,,
,Categoría:,,PANTALON VESTIR,,,,,,,,,,,
,,,,,,,,,,,,,,
,,,,,,,,,,,,,,
,,,,,,,,,,,,,,
,PANTALON ELASTICO 07 AL 12 RAFITA,,,,,,,,,,,,,
,,,,,,,,,,,,,,
,Clave:,,XP2002,,,,Existencia:,,3753,,,,,
,,,,,,,,,,,,,,
,Departamento:,,PANTALON,,,,Precio:,,$ 130.00,,,,,
,,,,,,,,,,,,,,
,Categoría:,,PANTALON VESTIR,,,,,,,,,,,
,,,,,,,,,,,,,,
,,,,,,,,,,,,,,
,,,,,,,,,,,,,,
,PANTALON ELASTICO 14 AL 16 RAFITA,,,,,,,,,,,,,
,,,,,,,,,,,,,,
,Clave:,,XP2004,,,,Existencia:,,662,,,,,
,,,,,,,,,,,,,,
,Departamento:,,PANTALON,,,,Precio:,,$ 130.00,,,,,
,,,,,,,,,,,,,,
,Categoría:,,PANTALON VESTIR,,,,,,,,,,,
,,,,,,,,,,,,,,
,,,,,,,,,,,,,,
,,,,,,,,,,,,,,
,PANTALON ELASTICO 18 AL 24 RAFITA,,,,,,,,,,,,,
,,,,,,,,,,,,,,
,Clave:,,XP2006,,,,Existencia:,,64,,,,,
,,,,,,,,,,,,,,
,Departamento:,,PANTALON,,,,Precio:,,$ 150.00,,,,,
,,,,,,,,,,,,,,
,Categoría:,,PANTALON VESTIR,,,,,,,,,,,
,,,,,,,,,,,,,,
,,,,,,,,,,,,,,
,,,,,,,,,,,,,,
,PANTALON LINO ELASTICO 2 AL 6 RAFITA,,,,,,,,,,,,,
,,,,,,,,,,,,,,
,Clave:,,XP6301,,,,Existencia:,,0,,,,,
,,,,,,,,,,,,,,
,Departamento:,,PANTALON,,,,Precio:,,$ 225.00,,,,,
,,,,,,,,,,,,,,
,Categoría:,,PANTALON VESTIR,,,,,,,,,,,
,,,,,,,,,,,,,,
,,,,,,,,,,,,,,
,,,,,,,,,,,,,,
,PANTALON LINO ELASTICO 8 AL 12 RAFITA,,,,,,,,,,,,,
,,,,,,,,,,,,,,
,Clave:,,XP6303,,,,Existencia:,,0,,,,,
,,,,,,,,,,,,,,
,Departamento:,,PANTALON,,,,Precio:,,$ 225.00,,,,,
,,,,,,,,,,,,,,
,Categoría:,,PANTALON VESTIR,,,,,,,,,,,
,,,,,,,,,,,,,,
,,,,,,,,,,,,,,
,,,,,,,,,,,,,,
,PANTALON LINO ELASTICO 14 AL 16 RAFITA,,,,,,,,,,,,,
,,,,,,,,,,,,,,
,Clave:,,XP6305,,,,Existencia:,,0,,,,,
,,,,,,,,,,,,,,
,Departamento:,,PANTALON,,,,Precio:,,$ 225.00,,,,,
,,,,,,,,,,,,,,
,Categoría:,,PANTALON VESTIR,,,,,,,,,,,
,,,,,,,,,,,,,,
,,,,,,,,,,,,,,
,,,,,,,,,,,,,,
,PANTALON LINO ELASTICO 18 AL 24 RAFITA,,,,,,,,,,,,,
,,,,,,,,,,,,,,
,Clave:,,XP6307,,,,Existencia:,,0,,,,,
,,,,,,,,,,,,,,
,Departamento:,,PANTALON,,,,Precio:,,$ 245.00,,,,,
,,,,,,,,,,,,,,
,Categoría:,,PANTALON VESTIR,,,,,,,,,,,
,,,,,,,,,,,,,,
,,,,,,,,,,,,,,
,,,,,,,,,,,,,,
,PANTALON YUX 2 AL 10,,,,,,,,,,,,,
,,,,,,,,,,,,,,
,Clave:,,XP9020,,,,Existencia:,,105,,,,,
,,,,,,,,,,,,,,
,Departamento:,,PANTALON,,,,Precio:,,$ 245.00,,,,,
,,,,,,,,,,,,,,
,Categoría:,,PANTALON VESTIR,,,,,,,,,,,
,,,,,,,,,,,,,,
,,,,,,,,,,,,,,
,,,,,,,,,,,,,,
,PANTALON YUX 12 AL 18,,,,,,,,,,,,,
,,,,,,,,,,,,,,
,Clave:,,XP9022,,,,Existencia:,,127,,,,,
,,,,,,,,,,,,,,
,Departamento:,,PANTALON,,,,Precio:,,$ 245.00,,,,,
,,,,,,,,,,,,,,
,Categoría:,,PANTALON VESTIR,,,,,,,,,,,
,,,,,,,,,,,,,,
,,,,,,,,,,,,,,
,,,,,,,,,,,,,,
,PANTALON YUX 28 AL 38,,,,,,,,,,,,,
,,,,,,,,,,,,,,
,Clave:,,XP9030,,,,Existencia:,,226,,,,,
,,,,,,,,,,,,,,
,Departamento:,,PANTALON,,,,Precio:,,$ 325.00,,,,,
,,,,,,,,,,,,,,
,Categoría:,,PANTALON VESTIR,,,,,,,,,,,
,,,,,,,,,,,,,,
,,,,,,,,,,,,,,
,,,,,,,,,,,,,,
,PANTALON  YUX 40 AL 42,,,,,,,,,,,,,
,,,,,,,,,,,,,,
,Clave:,,XP9032,,,,Existencia:,,13,,,,,
,,,,,,,,,,,,,,
,Departamento:,,PANTALON,,,,Precio:,,$ 335.00,,,,,
,,,,,,,,,,,,,,
,Categoría:,,PANTALON VESTIR,,,,,,,,,,,
,,,,,,,,,,,,,,
,,,,,,,,,,,,,,
,,,,,,,,,,,,,,
,PANTALON  YUX 44 AL 50,,,,,,,,,,,,,
,,,,,,,,,,,,,,
,Clave:,,XP9034,,,,Existencia:,,24,,,,,
,,,,,,,,,,,,,,
,Departamento:,,PANTALON,,,,Precio:,,$ 365.00,,,,,
,,,,,,,,,,,,,,
,Categoría:,,PANTALON VESTIR,,,,,,,,,,,
,,,,,,,,,,,,,,
,,,,,,,,,,,,,,
,,,,,,,,,,,,,,
,PANTALON LIVERTY ELASTICO 2 AL 6,,,,,,,,,,,,,
,,,,,,,,,,,,,,
,Clave:,,XP9801,,,,Existencia:,,0,,,,,
,,,,,,,,,,,,,,
,Departamento:,,PANTALON,,,,Precio:,,$ 150.00,,,,,
,,,,,,,,,,,,,,
,Categoría:,,PANTALON VESTIR,,,,,,,,,,,
,,,,,,,,,,,,,,
,,,,,,,,,,,,,,
,,,,,,,,,,,,,,
,PANTALON LIVERTY ELASTICO 8 AL 12,,,,,,,,,,,,,
,,,,,,,,,,,,,,
,Clave:,,XP9803,,,,Existencia:,,0,,,,,
,,,,,,,,,,,,,,
,Departamento:,,PANTALON,,,,Precio:,,$ 150.00,,,,,
,,,,,,,,,,,,,,
,Categoría:,,PANTALON VESTIR,,,,,,,,,,,
,,,,,,,,,,,,,,
,,,,,,,,,,,,,,
,,,,,,,,,,,,,,
,PANTALON LIVERTY ELASTICO 14 AL 16,,,,,,,,,,,,,
,,,,,,,,,,,,,,
,Clave:,,XP9805,,,,Existencia:,,0,,,,,
,,,,,,,,,,,,,,
,Departamento:,,PANTALON,,,,Precio:,,$ 150.00,,,,,
,,,,,,,,,,,,,,
,Categoría:,,PANTALON VESTIR,,,,,,,,,,,
,,,,,,,,,,,,,,
,,,,,,,,,,,,,,
,,,,,,,,,,,,,,
,PANTALON LIVERTY ELASTICO 18 AL 20,,,,,,,,,,,,,
,,,,,,,,,,,,,,
,Clave:,,XP9807,,,,Existencia:,,0,,,,,
,,,,,,,,,,,,,,
,Departamento:,,PANTALON,,,,Precio:,,$ 175.00,,,,,
,,,,,,,,,,,,,,
,Categoría:,,PANTALON VESTIR,,,,,,,,,,,
,,,,,,,,,,,,,,
,,,,,,,,,,,,,,
,,,,,,,,,,,,,,
,CONJUNTO MOD. 725 GUAYABERA LINO FLAME ALFORZA YUCACHEN,,,,,,,,,,,,,
,,,,,,,,,,,,,,
,Clave:,,XX0725,,,,Existencia:,,0,,,,,
,,,,,,,,,,,,,,
,Departamento:,,GUAYABERA,,,,Precio:,,$ 599.90,,,,,
,,,,,,,,,,,,,,
,Categoría:,,CONJUNTOS,,,,,,,,,,,
,,,,,,,,,,,,,,
,,,,,,,,,,,,,,
,,,,,,,,,,,,,,
,CONJUNTO MOD. 775 GUAYABERA LINO FLAME FILIPINA C/MAU YUCACHEN,,,,,,,,,,,,,
,,,,,,,,,,,,,,
,Clave:,,XX0775,,,,Existencia:,,230,,,,,
,,,,,,,,,,,,,,
,Departamento:,,GUAYABERA,,,,Precio:,,$ 599.90,,,,,
,,,,,,,,,,,,,,
,Categoría:,,CONJUNTOS,,,,,,,,,,,
,,,,,,,,,,,,,,
,,,,,,,,,,,,,,
,,,,,,,,,,,,,,
,CONJUNTO MOD. 785 GUAYABERA MANTA YUCACHEN,,,,,,,,,,,,,
,,,,,,,,,,,,,,
,Clave:,,XX0785,,,,Existencia:,,0,,,,,
,,,,,,,,,,,,,,
,Departamento:,,GUAYABERA,,,,Precio:,,$ 599.90,,,,,
,,,,,,,,,,,,,,
,Categoría:,,CONJUNTOS,,,,,,,,,,,
,,,,,,,,,,,,,,
,,,,,,,,,,,,,,
,,,,,,,,,,,,,,
,CONJUNTO KARINA MAYA 0 AL 8  C/NORMAL C/MAU LINO GUAYABERA,,,,,,,,,,,,,
,,,,,,,,,,,,,,
,Clave:,,XX1019-1,,,,Existencia:,,30,,,,,
,,,,,,,,,,,,,,
,Departamento:,,GUAYABERA,,,,Precio:,,$ 569.90,,,,,
,,,,,,,,,,,,,,
,Categoría:,,CONJUNTOS,,,,,,,,,,,
,,,,,,,,,,,,,,
,,,,,,,,,,,,,,
,,,,,,,,,,,,,,
,CONJUNTO KARINA MAYA 10 AL 16  C/NORMAL C/MAU LINO GUAYABERA,,,,,,,,,,,,,
,,,,,,,,,,,,,,
,Clave:,,XX1019-2,,,,Existencia:,,40,,,,,
,,,,,,,,,,,,,,
,Departamento:,,GUAYABERA,,,,Precio:,,$ 569.90,,,,,
,,,,,,,,,,,,,,
,Categoría:,,CONJUNTOS,,,,,,,,,,,
,,,,,,,,,,,,,,
,,,,,,,,,,,,,,
,,,,,,,,,,,,,,
,CONJUNTO KARINA MAYA 18   C/NORMAL C/MAU LINO GUAYABERA,,,,,,,,,,,,,
,,,,,,,,,,,,,,
,Clave:,,XX1019-3,,,,Existencia:,,10,,,,,
,,,,,,,,,,,,,,
,Departamento:,,GUAYABERA,,,,Precio:,,$ 569.90,,,,,
,,,,,,,,,,,,,,
,Categoría:,,CONJUNTOS,,,,,,,,,,,
,,,,,,,,,,,,,,
,,,,,,,,,,,,,,
,,,,,,,,,,,,,,
,CONJUNTO KARINA MANTA 0 AL 8 C/NORMAL C/MAU GUAYABERA,,,,,,,,,,,,,
,,,,,,,,,,,,,,
,Clave:,,XX1088-1,,,,Existencia:,,0,,,,,
,,,,,,,,,,,,,,
,Departamento:,,GUAYABERA,,,,Precio:,,$ 549.90,,,,,
,,,,,,,,,,,,,,
,Categoría:,,CONJUNTOS,,,,,,,,,,,
,,,,,,,,,,,,,,
,,,,,,,,,,,,,,
,,,,,,,,,,,,,,
,CONJUNTO KARINA MANTA 10 AL 16 C/NORMAL C/MAU GUAYABERA,,,,,,,,,,,,,
,,,,,,,,,,,,,,
,Clave:,,XX1088-2,,,,Existencia:,,0,,,,,
,,,,,,,,,,,,,,
,Departamento:,,GUAYABERA,,,,Precio:,,$ 549.90,,,,,
,,,,,,,,,,,,,,
,Categoría:,,CONJUNTOS,,,,,,,,,,,
,,,,,,,,,,,,,,
,,,,,,,,,,,,,,
,,,,,,,,,,,,,,
,CONJUNTO KARINA MANTA 18 C/NORMAL C/MAU GUAYABERA,,,,,,,,,,,,,
,,,,,,,,,,,,,,
,Clave:,,XX1088-3,,,,Existencia:,,774,,,,,
,,,,,,,,,,,,,,
,Departamento:,,GUAYABERA,,,,Precio:,,$ 549.90,,,,,
,,,,,,,,,,,,,,
,Categoría:,,CONJUNTOS,,,,,,,,,,,
,,,,,,,,,,,,,,
,,,,,,,,,,,,,,
,,,,,,,,,,,,,,
,CONJUNTO KARINA LINO 0 AL 8 C/NORMAL C/MAU GUAYABERA,,,,,,,,,,,,,
,,,,,,,,,,,,,,
,Clave:,,XX1099-1,,,,Existencia:,,0,,,,,
,,,,,,,,,,,,,,
,Departamento:,,GUAYABERA,,,,Precio:,,$ 549.90,,,,,
,,,,,,,,,,,,,,
,Categoría:,,CONJUNTOS,,,,,,,,,,,
,,,,,,,,,,,,,,
,,,,,,,,,,,,,,
,,,,,,,,,,,,,,
,CONJUNTO KARINA LINO 10 AL 16 C/NORMAL C/MAU GUAYABERA,,,,,,,,,,,,,
,,,,,,,,,,,,,,
,Clave:,,XX1099-2,,,,Existencia:,,0,,,,,
,,,,,,,,,,,,,,
,Departamento:,,GUAYABERA,,,,Precio:,,$ 549.90,,,,,
,,,,,,,,,,,,,,
,Categoría:,,CONJUNTOS,,,,,,,,,,,
,,,,,,,,,,,,,,
,,,,,,,,,,,,,,
,,,,,,,,,,,,,,
,CONJUNTO KARINA LINO 18 C/NORMAL C/MAU GUAYABERA,,,,,,,,,,,,,
,,,,,,,,,,,,,,
,Clave:,,XX1099-3,,,,Existencia:,,1026,,,,,
,,,,,,,,,,,,,,
,Departamento:,,GUAYABERA,,,,Precio:,,$ 549.90,,,,,
,,,,,,,,,,,,,,
,Categoría:,,CONJUNTOS,,,,,,,,,,,
,,,,,,,,,,,,,,
,,,,,,,,,,,,,,
,,,,,,,,,,,,,,
,CONJUNTO M/LARGA ITZA LINO 6 AL18 M149,,,,,,,,,,,,,
,,,,,,,,,,,,,,
,Clave:,,XX1149,,,,Existencia:,,0,,,,,
,,,,,,,,,,,,,,
,Departamento:,,GUAYABERA,,,,Precio:,,$ 599.90,,,,,
,,,,,,,,,,,,,,
,Categoría:,,CONJUNTOS,,,,,,,,,,,
,,,,,,,,,,,,,,
,,,,,,,,,,,,,,
,,,,,,,,,,,,,,
,CONJUNTO MOD. 2159 GUAYABERA YUCA LISTON,,,,,,,,,,,,,
,,,,,,,,,,,,,,
,Clave:,,XX2159,,,,Existencia:,,0,,,,,
,,,,,,,,,,,,,,
,Departamento:,,GUAYABERA,,,,Precio:,,$ 399.90,,,,,
,,,,,,,,,,,,,,
,Categoría:,,CONJUNTOS,,,,,,,,,,,
,,,,,,,,,,,,,,
,,,,,,,,,,,,,,
,,,,,,,,,,,,,,
,CONJUNTO MOD. 2169 GUAYABERA YUCA HILO BORDADO,,,,,,,,,,,,,
,,,,,,,,,,,,,,
,Clave:,,XX2169,,,,Existencia:,,0,,,,,
,,,,,,,,,,,,,,
,Departamento:,,GUAYABERA,,,,Precio:,,$ 399.90,,,,,
,,,,,,,,,,,,,,
,Categoría:,,CONJUNTOS,,,,,,,,,,,
,,,,,,,,,,,,,,
,,,,,,,,,,,,,,
,,,,,,,,,,,,,,
,CONJUNTO M/CORTA MAYA LINO CH-MED-GDE M115,,,,,,,,,,,,,
,,,,,,,,,,,,,,
,Clave:,,XX4115,,,,Existencia:,,0,,,,,
,,,,,,,,,,,,,,
,Departamento:,,GUAYABERA,,,,Precio:,,$ 889.90,,,,,
,,,,,,,,,,,,,,
,Categoría:,,CONJUNTOS,,,,,,,,,,,
,,,,,,,,,,,,,,
,,,,,,,,,,,,,,
,,,,,,,,,,,,,,
,CONJUNTO M/LARGA ITZA LINO CH-MED-GDE M149,,,,,,,,,,,,,
,,,,,,,,,,,,,,
,Clave:,,XX4149,,,,Existencia:,,0,,,,,
,,,,,,,,,,,,,,
,Departamento:,,GUAYABERA,,,,Precio:,,$ 889.90,,,,,
,,,,,,,,,,,,,,
,Categoría:,,CONJUNTOS,,,,,,,,,,,
,,,,,,,,,,,,,,
,,,,,,,,,,,,,,
,,,,,,,,,,,,,,
,CONJUNTO BRINQUITOS MAYA LINO TALLA 20 M115,,,,,,,,,,,,,
,,,,,,,,,,,,,,
,Clave:,,XX8115,,,,Existencia:,,0,,,,,
,,,,,,,,,,,,,,
,Departamento:,,GUAYABERA,,,,Precio:,,$ 599.90,,,,,
,,,,,,,,,,,,,,
,Categoría:,,CONJUNTOS,,,,,,,,,,,
,,,,,,,,,,,,,,
,,,,,,,,,,,,,,
,,,,,,,,,,,,,,
,CONJUNTO BRINQUITOS MAYA LINO 10 AL 18 M115,,,,,,,,,,,,,
,,,,,,,,,,,,,,
,Clave:,,XX9115,,,,Existencia:,,0,,,,,
,,,,,,,,,,,,,,
,Departamento:,,GUAYABERA,,,,Precio:,,$ 549.90,,,,,
,,,,,,,,,,,,,,
,Categoría:,,CONJUNTOS,,,,,,,,,,,
,,,,,,,,,,,,,,
,,,,,,,,,,,,,,
,,,,,,,,,,,,,,
,CONJUNTO GUAYABERA LINO  C/MAU YUCATAN 01 AL 18,,,,,,,,,,,,,
,,,,,,,,,,,,,,
,Clave:,,XX9947,,,,Existencia:,,0,,,,,
,,,,,,,,,,,,,,
,Departamento:,,GUAYABERA,,,,Precio:,,$ 569.90,,,,,
,,,,,,,,,,,,,,
,Categoría:,,CONJUNTOS,,,,,,,,,,,
,,,,,,,,,,,,,,
,,,,,,,,,,,,,,
,,,,,,,,,,,,,,
,CONJUNTO ADULTO GUAYABERA LINO  C/MAU YUCATAN 28 AL 32,,,,,,,,,,,,,
,,,,,,,,,,,,,,
,Clave:,,XX9949,,,,Existencia:,,0,,,,,
,,,,,,,,,,,,,,
,Departamento:,,GUAYABERA,,,,Precio:,,$ 649.90,,,,,
,,,,,,,,,,,,,,
,Categoría:,,CONJUNTOS,,,,,,,,,,,
,,,,,,,,,,,,,,
,,,,,,,,,,,,,,
,,,,,,,,,,,,,,
,CRISTO MADERA CONFIRMACION,,,,,,,,,,,,,
,,,,,,,,,,,,,,
,Clave:,,YA0002,,,,Existencia:,,0,,,,,
,,,,,,,,,,,,,,
,Departamento:,,ACCESORIOS,,,,Precio:,,$ 80.00,,,,,
,,,,,,,,,,,,,,
,Categoría:,,CONFIRMACION,,,,,,,,,,,
,,,,,,,,,,,,,,
,,,,,,,,,,,,,,
,,,,,,,,,,,,,,
,ARRAS BASE,,,,,,,,,,,,,
,,,,,,,,,,,,,,
,Clave:,,YA0011,,,,Existencia:,,30,,,,,
,,,,,,,,,,,,,,
,Departamento:,,ACCESORIOS,,,,Precio:,,$ 279.90,,,,,
,,,,,,,,,,,,,,
,Categoría:,,BODA,,,,,,,,,,,
,,,,,,,,,,,,,,
,,,,,,,,,,,,,,
,,,,,,,,,,,,,,
,ARRAS MAX,,,,,,,,,,,,,
,,,,,,,,,,,,,,
,Clave:,,YA0013,,,,Existencia:,,0,,,,,
,,,,,,,,,,,,,,
,Departamento:,,ACCESORIOS,,,,Precio:,,$ 119.90,,,,,
,,,,,,,,,,,,,,
,Categoría:,,BODA,,,,,,,,,,,
,,,,,,,,,,,,,,
,,,,,,,,,,,,,,
,,,,,,,,,,,,,,
,ARRAS ALTAR,,,,,,,,,,,,,
,,,,,,,,,,,,,,
,Clave:,,YA0015,,,,Existencia:,,0,,,,,
,,,,,,,,,,,,,,
,Departamento:,,ACCESORIOS,,,,Precio:,,$ 190.00,,,,,
,,,,,,,,,,,,,,
,Categoría:,,BODA,,,,,,,,,,,
,,,,,,,,,,,,,,
,,,,,,,,,,,,,,
,,,,,,,,,,,,,,
,ARRAS ECONOMICAS,,,,,,,,,,,,,
,,,,,,,,,,,,,,
,Clave:,,YA0022,,,,Existencia:,,24,,,,,
,,,,,,,,,,,,,,
,Departamento:,,ACCESORIOS,,,,Precio:,,$ 249.90,,,,,
,,,,,,,,,,,,,,
,Categoría:,,BODA,,,,,,,,,,,
,,,,,,,,,,,,,,
,,,,,,,,,,,,,,
,,,,,,,,,,,,,,
,ARRAS TRES D,,,,,,,,,,,,,
,,,,,,,,,,,,,,
,Clave:,,YA0033,,,,Existencia:,,0,,,,,
,,,,,,,,,,,,,,
,Departamento:,,ACCESORIOS,,,,Precio:,,$ 369.90,,,,,
,,,,,,,,,,,,,,
,Categoría:,,BODA,,,,,,,,,,,
,,,,,,,,,,,,,,
,,,,,,,,,,,,,,
,,,,,,,,,,,,,,
,ARRAS ARQUETA,,,,,,,,,,,,,
,,,,,,,,,,,,,,
,Clave:,,YA0035,,,,Existencia:,,0,,,,,
,,,,,,,,,,,,,,
,Departamento:,,ACCESORIOS,,,,Precio:,,$ 399.90,,,,,
,,,,,,,,,,,,,,
,Categoría:,,BODA,,,,,,,,,,,
,,,,,,,,,,,,,,
,,,,,,,,,,,,,,
,,,,,,,,,,,,,,
,ARRAS CUBO,,,,,,,,,,,,,
,,,,,,,,,,,,,,
,Clave:,,YA0047,,,,Existencia:,,0,,,,,
,,,,,,,,,,,,,,
,Departamento:,,ACCESORIOS,,,,Precio:,,$ 199.90,,,,,
,,,,,,,,,,,,,,
,Categoría:,,BODA,,,,,,,,,,,
,,,,,,,,,,,,,,
,,,,,,,,,,,,,,
,,,,,,,,,,,,,,
,ARRAS CONDESA ESTUCHE MADERA,,,,,,,,,,,,,
,,,,,,,,,,,,,,
,Clave:,,YA0066,,,,Existencia:,,0,,,,,
,,,,,,,,,,,,,,
,Departamento:,,ACCESORIOS,,,,Precio:,,$ 459.90,,,,,
,,,,,,,,,,,,,,
,Categoría:,,BODA,,,,,,,,,,,
,,,,,,,,,,,,,,
,,,,,,,,,,,,,,
,,,,,,,,,,,,,,
,ARRAS GALES,,,,,,,,,,,,,
,,,,,,,,,,,,,,
,Clave:,,YA0088,,,,Existencia:,,0,,,,,
,,,,,,,,,,,,,,
,Departamento:,,ACCESORIOS,,,,Precio:,,$ 319.90,,,,,
,,,,,,,,,,,,,,
,Categoría:,,BODA,,,,,,,,,,,
,,,,,,,,,,,,,,
,,,,,,,,,,,,,,
,,,,,,,,,,,,,,
,ARRAS SEVILLA ESTUCHE TERCIOPELO,,,,,,,,,,,,,
,,,,,,,,,,,,,,
,Clave:,,YA0097,,,,Existencia:,,0,,,,,
,,,,,,,,,,,,,,
,Departamento:,,ACCESORIOS,,,,Precio:,,$ 349.90,,,,,
,,,,,,,,,,,,,,
,Categoría:,,BODA,,,,,,,,,,,
,,,,,,,,,,,,,,
,,,,,,,,,,,,,,
,,,,,,,,,,,,,,
,ARRAS TENERIFE ESTUCHE TERCIOPELO O MADERA CON CHAROLA,,,,,,,,,,,,,
,,,,,,,,,,,,,,
,Clave:,,YA0099,,,,Existencia:,,0,,,,,
,,,,,,,,,,,,,,
,Departamento:,,ACCESORIOS,,,,Precio:,,$ 419.90,,,,,
,,,,,,,,,,,,,,
,Categoría:,,BODA,,,,,,,,,,,
,,,,,,,,,,,,,,
,,,,,,,,,,,,,,
,,,,,,,,,,,,,,
,DISTINTIVO ECO PARA BODA,,,,,,,,,,,,,
,,,,,,,,,,,,,,
,Clave:,,YA9813,,,,Existencia:,,30,,,,,
,,,,,,,,,,,,,,
,Departamento:,,ACCESORIOS,,,,Precio:,,$ 40.00,,,,,
,,,,,,,,,,,,,,
,Categoría:,,BODA,,,,,,,,,,,
,,,,,,,,,,,,,,
,,,,,,,,,,,,,,
,,,,,,,,,,,,,,
,EXTENSOR O EXPANSOR DE CUELLO,,,,,,,,,,,,,
,,,,,,,,,,,,,,
,Clave:,,YA9991,,,,Existencia:,,0,,,,,
,,,,,,,,,,,,,,
,Departamento:,,ACCESORIOS,,,,Precio:,,$ 30.00,,,,,
,,,,,,,,,,,,,,
,Categoría:,,VARIOS,,,,,,,,,,,
,,,,,,,,,,,,,,
,,,,,,,,,,,,,,
,,,,,,,,,,,,,,
,GUANTE UNITALLA ALGODON,,,,,,,,,,,,,
,,,,,,,,,,,,,,
,Clave:,,YA9993,,,,Existencia:,,0,,,,,
,,,,,,,,,,,,,,
,Departamento:,,ACCESORIOS,,,,Precio:,,$ 49.90,,,,,
,,,,,,,,,,,,,,
,Categoría:,,VARIOS,,,,,,,,,,,
,,,,,,,,,,,,,,
,,,,,,,,,,,,,,
,,,,,,,,,,,,,,
,GUANTE MALLA COMUNION,,,,,,,,,,,,,
,,,,,,,,,,,,,,
,Clave:,,YA9999,,,,Existencia:,,0,,,,,
,,,,,,,,,,,,,,
,Departamento:,,ACCESORIOS,,,,Precio:,,$ 100.00,,,,,
,,,,,,,,,,,,,,
,Categoría:,,VARIOS,,,,,,,,,,,
,,,,,,,,,,,,,,
,,,,,,,,,,,,,,
,,,,,,,,,,,,,,
,VELA  PARA BODA COPA,,,,,,,,,,,,,
,,,,,,,,,,,,,,
,Clave:,,YB0002,,,,Existencia:,,0,,,,,
,,,,,,,,,,,,,,
,Departamento:,,VELAS,,,,Precio:,,$ 329.90,,,,,
,,,,,,,,,,,,,,
,Categoría:,,BODA,,,,,,,,,,,
,,,,,,,,,,,,,,
,,,,,,,,,,,,,,
,,,,,,,,,,,,,,
,VELA  PARA BODA REPUJADO CON DISTINTIVO,,,,,,,,,,,,,
,,,,,,,,,,,,,,
,Clave:,,YB0004,,,,Existencia:,,0,,,,,
,,,,,,,,,,,,,,
,Departamento:,,VELAS,,,,Precio:,,$ 289.90,,,,,
,,,,,,,,,,,,,,
,Categoría:,,BODA,,,,,,,,,,,
,,,,,,,,,,,,,,
,,,,,,,,,,,,,,
,,,,,,,,,,,,,,
,VELA  PARA BODA OVALO,,,,,,,,,,,,,
,,,,,,,,,,,,,,
,Clave:,,YB0006,,,,Existencia:,,0,,,,,
,,,,,,,,,,,,,,
,Departamento:,,VELAS,,,,Precio:,,$ 199.90,,,,,
,,,,,,,,,,,,,,
,Categoría:,,BODA,,,,,,,,,,,
,,,,,,,,,,,,,,
,,,,,,,,,,,,,,
,,,,,,,,,,,,,,
,VELA  PARA BODA AZAHAR GOTA TRES VELAS,,,,,,,,,,,,,
,,,,,,,,,,,,,,
,Clave:,,YB0111,,,,Existencia:,,0,,,,,
,,,,,,,,,,,,,,
,Departamento:,,VELAS,,,,Precio:,,$ 339.90,,,,,
,,,,,,,,,,,,,,
,Categoría:,,BODA,,,,,,,,,,,
,,,,,,,,,,,,,,
,,,,,,,,,,,,,,
,,,,,,,,,,,,,,
,VELA  PARA BODA AZAHAR GOTA DOS VELAS,,,,,,,,,,,,,
,,,,,,,,,,,,,,
,Clave:,,YB0113,,,,Existencia:,,0,,,,,
,,,,,,,,,,,,,,
,Departamento:,,VELAS,,,,Precio:,,$ 299.90,,,,,
,,,,,,,,,,,,,,
,Categoría:,,BODA,,,,,,,,,,,
,,,,,,,,,,,,,,
,,,,,,,,,,,,,,
,,,,,,,,,,,,,,
,VELA  PARA BODA DIVINIDAD TRES VELAS,,,,,,,,,,,,,
,,,,,,,,,,,,,,
,Clave:,,YB0115,,,,Existencia:,,0,,,,,
,,,,,,,,,,,,,,
,Departamento:,,VELAS,,,,Precio:,,$ 399.90,,,,,
,,,,,,,,,,,,,,
,Categoría:,,BODA,,,,,,,,,,,
,,,,,,,,,,,,,,
,,,,,,,,,,,,,,
,,,,,,,,,,,,,,
,VELA  PARA BODA GUIPIURE TRES VELAS,,,,,,,,,,,,,
,,,,,,,,,,,,,,
,Clave:,,YB0119,,,,Existencia:,,0,,,,,
,,,,,,,,,,,,,,
,Departamento:,,VELAS,,,,Precio:,,$ 539.90,,,,,
,,,,,,,,,,,,,,
,Categoría:,,BODA,,,,,,,,,,,
,,,,,,,,,,,,,,
,,,,,,,,,,,,,,
,,,,,,,,,,,,,,
,CIRIO VIRGEN ARO,,,,,,,,,,,,,
,,,,,,,,,,,,,,
,Clave:,,YB0369,,,,Existencia:,,0,,,,,
,,,,,,,,,,,,,,
,Departamento:,,VELAS,,,,Precio:,,$ 269.90,,,,,
,,,,,,,,,,,,,,
,Categoría:,,BODA,,,,,,,,,,,
,,,,,,,,,,,,,,
,,,,,,,,,,,,,,
,,,,,,,,,,,,,,
,CAPA DE REY 1.00M,,,,,,,,,,,,,
,,,,,,,,,,,,,,
,Clave:,,YC0002,,,,Existencia:,,0,,,,,
,,,,,,,,,,,,,,
,Departamento:,,ACCESORIOS,,,,Precio:,,$ 380.00,,,,,
,,,,,,,,,,,,,,
,Categoría:,,EVENTOS,,,,,,,,,,,
,,,,,,,,,,,,,,
,,,,,,,,,,,,,,
,,,,,,,,,,,,,,
,CAPA DE REY 1.25M,,,,,,,,,,,,,
,,,,,,,,,,,,,,
,Clave:,,YC0004,,,,Existencia:,,0,,,,,
,,,,,,,,,,,,,,
,Departamento:,,ACCESORIOS,,,,Precio:,,$ 380.00,,,,,
,,,,,,,,,,,,,,
,Categoría:,,EVENTOS,,,,,,,,,,,
,,,,,,,,,,,,,,
,,,,,,,,,,,,,,
,,,,,,,,,,,,,,
,CAPA DE REY 1.50M,,,,,,,,,,,,,
,,,,,,,,,,,,,,
,Clave:,,YC0006,,,,Existencia:,,0,,,,,
,,,,,,,,,,,,,,
,Departamento:,,ACCESORIOS,,,,Precio:,,$ 380.00,,,,,
,,,,,,,,,,,,,,
,Categoría:,,EVENTOS,,,,,,,,,,,
,,,,,,,,,,,,,,
,,,,,,,,,,,,,,
,,,,,,,,,,,,,,
,COFRE LAZO GALES CORAZON MOD. PL14,,,,,,,,,,,,,
,,,,,,,,,,,,,,
,Clave:,,YC0011,,,,Existencia:,,0,,,,,
,,,,,,,,,,,,,,
,Departamento:,,ACCESORIOS,,,,Precio:,,$ 369.90,,,,,
,,,,,,,,,,,,,,
,Categoría:,,BODA,,,,,,,,,,,
,,,,,,,,,,,,,,
,,,,,,,,,,,,,,
,,,,,,,,,,,,,,
,COFRE LAZO ECO,,,,,,,,,,,,,
,,,,,,,,,,,,,,
,Clave:,,YC0013,,,,Existencia:,,12,,,,,
,,,,,,,,,,,,,,
,Departamento:,,ACCESORIOS,,,,Precio:,,$ 289.90,,,,,
,,,,,,,,,,,,,,
,Categoría:,,BODA,,,,,,,,,,,
,,,,,,,,,,,,,,
,,,,,,,,,,,,,,
,,,,,,,,,,,,,,
,COFRE LAZO PERLAS MOD. PL6.1,,,,,,,,,,,,,
,,,,,,,,,,,,,,
,Clave:,,YC0015,,,,Existencia:,,0,,,,,
,,,,,,,,,,,,,,
,Departamento:,,ACCESORIOS,,,,Precio:,,$ 369.90,,,,,
,,,,,,,,,,,,,,
,Categoría:,,BODA,,,,,,,,,,,
,,,,,,,,,,,,,,
,,,,,,,,,,,,,,
,,,,,,,,,,,,,,
,COFRE LAZO LATIN MOD. PL15,,,,,,,,,,,,,
,,,,,,,,,,,,,,
,Clave:,,YC0016,,,,Existencia:,,0,,,,,
,,,,,,,,,,,,,,
,Departamento:,,ACCESORIOS,,,,Precio:,,$ 369.90,,,,,
,,,,,,,,,,,,,,
,Categoría:,,BODA,,,,,,,,,,,
,,,,,,,,,,,,,,
,,,,,,,,,,,,,,
,,,,,,,,,,,,,,
,COFRE LAZO LOTO MOD. PL17,,,,,,,,,,,,,
,,,,,,,,,,,,,,
,Clave:,,YC0017,,,,Existencia:,,0,,,,,
,,,,,,,,,,,,,,
,Departamento:,,ACCESORIOS,,,,Precio:,,$ 369.90,,,,,
,,,,,,,,,,,,,,
,Categoría:,,BODA,,,,,,,,,,,
,,,,,,,,,,,,,,
,,,,,,,,,,,,,,
,,,,,,,,,,,,,,
,COFRE LAZO OCTAGON MOD. PL10,,,,,,,,,,,,,
,,,,,,,,,,,,,,
,Clave:,,YC0019,,,,Existencia:,,0,,,,,
,,,,,,,,,,,,,,
,Departamento:,,ACCESORIOS,,,,Precio:,,$ 369.90,,,,,
,,,,,,,,,,,,,,
,Categoría:,,BODA,,,,,,,,,,,
,,,,,,,,,,,,,,
,,,,,,,,,,,,,,
,,,,,,,,,,,,,,
,COFRE LAZO GLASS MOD. PL13,,,,,,,,,,,,,
,,,,,,,,,,,,,,
,Clave:,,YC0021,,,,Existencia:,,0,,,,,
,,,,,,,,,,,,,,
,Departamento:,,ACCESORIOS,,,,Precio:,,$ 369.90,,,,,
,,,,,,,,,,,,,,
,Categoría:,,BODA,,,,,,,,,,,
,,,,,,,,,,,,,,
,,,,,,,,,,,,,,
,,,,,,,,,,,,,,
,COFRE LAZO GUARDIAN MOD. PL22,,,,,,,,,,,,,
,,,,,,,,,,,,,,
,Clave:,,YC0023,,,,Existencia:,,0,,,,,
,,,,,,,,,,,,,,
,Departamento:,,ACCESORIOS,,,,Precio:,,$ 279.90,,,,,
,,,,,,,,,,,,,,
,Categoría:,,BODA,,,,,,,,,,,
,,,,,,,,,,,,,,
,,,,,,,,,,,,,,
,,,,,,,,,,,,,,
,BOLSA CELOFAN CON PESTAÑA 10 X 20 C/100,,,,,,,,,,,,,
,,,,,,,,,,,,,,
,Clave:,,YC1021,,,,Existencia:,,0,,,,,
,,,,,,,,,,,,,,
,Departamento:,,ACCESORIOS,,,,Precio:,,$ 80.00,,,,,
,,,,,,,,,,,,,,
,Categoría:,,VARIOS,,,,,,,,,,,
,,,,,,,,,,,,,,
,,,,,,,,,,,,,,
,,,,,,,,,,,,,,
,BOLSA CELOFAN CON PESTAÑA 7 X 20 C/100,,,,,,,,,,,,,
,,,,,,,,,,,,,,
,Clave:,,YC1022,,,,Existencia:,,0,,,,,
,,,,,,,,,,,,,,
,Departamento:,,ACCESORIOS,,,,Precio:,,$ 80.00,,,,,
,,,,,,,,,,,,,,
,Categoría:,,VARIOS,,,,,,,,,,,
,,,,,,,,,,,,,,
,,,,,,,,,,,,,,
,,,,,,,,,,,,,,
,BOLSA CELOFAN 15 X 23 C/100,,,,,,,,,,,,,
,,,,,,,,,,,,,,
,Clave:,,YC1023,,,,Existencia:,,0,,,,,
,,,,,,,,,,,,,,
,Departamento:,,ACCESORIOS,,,,Precio:,,$ 90.00,,,,,
,,,,,,,,,,,,,,
,Categoría:,,VARIOS,,,,,,,,,,,
,,,,,,,,,,,,,,
,,,,,,,,,,,,,,
,,,,,,,,,,,,,,
,BOLSA CELOFAN SIN PESTAÑA 30 X 35 C/100,,,,,,,,,,,,,
,,,,,,,,,,,,,,
,Clave:,,YC1024,,,,Existencia:,,0,,,,,
,,,,,,,,,,,,,,
,Departamento:,,ACCESORIOS,,,,Precio:,,$ 160.00,,,,,
,,,,,,,,,,,,,,
,Categoría:,,VARIOS,,,,,,,,,,,
,,,,,,,,,,,,,,
,,,,,,,,,,,,,,
,,,,,,,,,,,,,,
,BOLSA INDIVIDUAL CELOFAN,,,,,,,,,,,,,
,,,,,,,,,,,,,,
,Clave:,,YC9999,,,,Existencia:,,0,,,,,
,,,,,,,,,,,,,,
,Departamento:,,ACCESORIOS,,,,Precio:,,$ 1.00,,,,,
,,,,,,,,,,,,,,
,Categoría:,,VARIOS,,,,,,,,,,,
,,,,,,,,,,,,,,
,,,,,,,,,,,,,,
,,,,,,,,,,,,,,
,LIGA PARA PIERNA NOVIA,,,,,,,,,,,,,
,,,,,,,,,,,,,,
,Clave:,,YL0113,,,,Existencia:,,0,,,,,
,,,,,,,,,,,,,,
,Departamento:,,TOCADO,,,,Precio:,,$ 120.00,,,,,
,,,,,,,,,,,,,,
,Categoría:,,"MOÑO, PEINETA, DIADEMA, LIGAS",,,,,,,,,,,
,,,,,,,,,,,,,,
,,,,,,,,,,,,,,
,,,,,,,,,,,,,,
,PORTATRAJE 50X70,,,,,,,,,,,,,
,,,,,,,,,,,,,,
,Clave:,,YT7772,,,,Existencia:,,0,,,,,
,,,,,,,,,,,,,,
,Departamento:,,ACCESORIOS,,,,Precio:,,$ 50.00,,,,,
,,,,,,,,,,,,,,
,Categoría:,,VARIOS,,,,,,,,,,,
,,,,,,,,,,,,,,
,,,,,,,,,,,,,,
,,,,,,,,,,,,,,
,PORTATRAJE 50X80,,,,,,,,,,,,,
,,,,,,,,,,,,,,
,Clave:,,YT7773,,,,Existencia:,,0,,,,,
,,,,,,,,,,,,,,
,Departamento:,,ACCESORIOS,,,,Precio:,,$ 60.00,,,,,
,,,,,,,,,,,,,,
,Categoría:,,VARIOS,,,,,,,,,,,
,,,,,,,,,,,,,,
,,,,,,,,,,,,,,
,,,,,,,,,,,,,,
,PORTATRAJE 60X90,,,,,,,,,,,,,
,,,,,,,,,,,,,,
,Clave:,,YT7774,,,,Existencia:,,0,,,,,
,,,,,,,,,,,,,,
,Departamento:,,ACCESORIOS,,,,Precio:,,$ 70.00,,,,,
,,,,,,,,,,,,,,
,Categoría:,,VARIOS,,,,,,,,,,,
,,,,,,,,,,,,,,
,,,,,,,,,,,,,,
,,,,,,,,,,,,,,
,PORTATRAJE 60X100,,,,,,,,,,,,,
,,,,,,,,,,,,,,
,Clave:,,YT7775,,,,Existencia:,,0,,,,,
,,,,,,,,,,,,,,
,Departamento:,,ACCESORIOS,,,,Precio:,,$ 80.00,,,,,
,,,,,,,,,,,,,,
,Categoría:,,VARIOS,,,,,,,,,,,
,,,,,,,,,,,,,,
,,,,,,,,,,,,,,
,,,,,,,,,,,,,,
,PORTATRAJE 60X120,,,,,,,,,,,,,
,,,,,,,,,,,,,,
,Clave:,,YT7776,,,,Existencia:,,0,,,,,
,,,,,,,,,,,,,,
,Departamento:,,ACCESORIOS,,,,Precio:,,$ 100.00,,,,,
,,,,,,,,,,,,,,
,Categoría:,,VARIOS,,,,,,,,,,,
,,,,,,,,,,,,,,
,,,,,,,,,,,,,,
,,,,,,,,,,,,,,
,PORTATRAJE 60X150,,,,,,,,,,,,,
,,,,,,,,,,,,,,
,Clave:,,YT7777,,,,Existencia:,,0,,,,,
,,,,,,,,,,,,,,
,Departamento:,,ACCESORIOS,,,,Precio:,,$ 130.00,,,,,
,,,,,,,,,,,,,,
,Categoría:,,VARIOS,,,,,,,,,,,
,,,,,,,,,,,,,,
,,,,,,,,,,,,,,
,,,,,,,,,,,,,,
,CETRO METALICO ECO,,,,,,,,,,,,,
,,,,,,,,,,,,,,
,Clave:,,YX0002,,,,Existencia:,,100,,,,,
,,,,,,,,,,,,,,
,Departamento:,,ACCESORIOS,,,,Precio:,,$ 105.00,,,,,
,,,,,,,,,,,,,,
,Categoría:,,EVENTOS,,,,,,,,,,,
,,,,,,,,,,,,,,
,,,,,,,,,,,,,,
,,,,,,,,,,,,,,
,CETRO METALICO LIZ,,,,,,,,,,,,,
,,,,,,,,,,,,,,
,Clave:,,YX0004,,,,Existencia:,,0,,,,,
,,,,,,,,,,,,,,
,Departamento:,,ACCESORIOS,,,,Precio:,,$ 125.00,,,,,
,,,,,,,,,,,,,,
,Categoría:,,EVENTOS,,,,,,,,,,,
,,,,,,,,,,,,,,
,,,,,,,,,,,,,,
,,,,,,,,,,,,,,
,"REC. CRISTAL VIRGEN, NUBE C/12",,,,,,,,,,,,,
,,,,,,,,,,,,,,
,Clave:,,ZE0002,,,,Existencia:,,982,,,,,
,,,,,,,,,,,,,,
,Departamento:,,RECUERDOS,,,,Precio:,,$ 220.00,,,,,
,,,,,,,,,,,,,,
,Categoría:,,CRISTAL,,,,,,,,,,,
,,,,,,,,,,,,,,
,,,,,,,,,,,,,,
,,,,,,,,,,,,,,
,REC. CRISTAL ROMBO C/12,,,,,,,,,,,,,
,,,,,,,,,,,,,,
,Clave:,,ZE0004,,,,Existencia:,,53,,,,,
,,,,,,,,,,,,,,
,Departamento:,,RECUERDOS,,,,Precio:,,$ 169.90,,,,,
,,,,,,,,,,,,,,
,Categoría:,,CRISTAL,,,,,,,,,,,
,,,,,,,,,,,,,,
,,,,,,,,,,,,,,
,,,,,,,,,,,,,,
,REC. CRISTAL CRUZ C/12,,,,,,,,,,,,,
,,,,,,,,,,,,,,
,Clave:,,ZE0006,,,,Existencia:,,615,,,,,
,,,,,,,,,,,,,,
,Departamento:,,RECUERDOS,,,,Precio:,,$ 220.00,,,,,
,,,,,,,,,,,,,,
,Categoría:,,CRISTAL,,,,,,,,,,,
,,,,,,,,,,,,,,
,,,,,,,,,,,,,,
,,,,,,,,,,,,,,
,REC. CRISTAL PORTADA C/10,,,,,,,,,,,,,
,,,,,,,,,,,,,,
,Clave:,,ZE0016,,,,Existencia:,,0,,,,,
,,,,,,,,,,,,,,
,Departamento:,,RECUERDOS,,,,Precio:,,$ 170.00,,,,,
,,,,,,,,,,,,,,
,Categoría:,,CRISTAL,,,,,,,,,,,
,,,,,,,,,,,,,,
,,,,,,,,,,,,,,
,,,,,,,,,,,,,,
,REC. PULCERA CRISTAL CON 12 PIEZAS BOLSA Y ESTANPA,,,,,,,,,,,,,
,,,,,,,,,,,,,,
,Clave:,,ZE0018,,,,Existencia:,,0,,,,,
,,,,,,,,,,,,,,
,Departamento:,,RECUERDOS,,,,Precio:,,$ 240.00,,,,,
,,,,,,,,,,,,,,
,Categoría:,,"LLAVEROS, MEDALLAS, CADENAS",,,,,,,,,,,
,,,,,,,,,,,,,,
,,,,,,,,,,,,,,
,,,,,,,,,,,,,,
,REC. CRISTAL REPUJADO C/10,,,,,,,,,,,,,
,,,,,,,,,,,,,,
,Clave:,,ZE0022,,,,Existencia:,,0,,,,,
,,,,,,,,,,,,,,
,Departamento:,,RECUERDOS,,,,Precio:,,$ 170.00,,,,,
,,,,,,,,,,,,,,
,Categoría:,,CRISTAL,,,,,,,,,,,
,,,,,,,,,,,,,,
,,,,,,,,,,,,,,
,,,,,,,,,,,,,,
,REC. LLAVERO ZAMA CORONA VIRGEN C/ 12 PIEZAS,,,,,,,,,,,,,
,,,,,,,,,,,,,,
,Clave:,,ZR0001,,,,Existencia:,,0,,,,,
,,,,,,,,,,,,,,
,Departamento:,,RECUERDOS,,,,Precio:,,$ 170.00,,,,,
,,,,,,,,,,,,,,
,Categoría:,,"LLAVEROS, MEDALLAS, CADENAS",,,,,,,,,,,
,,,,,,,,,,,,,,
,,,,,,,,,,,,,,
,,,,,,,,,,,,,,
,REC. VELITA C/CONCHA Ó DECENARIO,,,,,,,,,,,,,
,,,,,,,,,,,,,,
,Clave:,,ZR0002,,,,Existencia:,,1063,,,,,
,,,,,,,,,,,,,,
,Departamento:,,RECUERDOS,,,,Precio:,,$ 185.00,,,,,
,,,,,,,,,,,,,,
,Categoría:,,RESINA Ó  PVC,,,,,,,,,,,
,,,,,,,,,,,,,,
,,,,,,,,,,,,,,
,,,,,,,,,,,,,,
,REC. LLAVERO ZAMA CRUZ VIRGEN C/ 12 PIEZAS,,,,,,,,,,,,,
,,,,,,,,,,,,,,
,Clave:,,ZR0003,,,,Existencia:,,0,,,,,
,,,,,,,,,,,,,,
,Departamento:,,RECUERDOS,,,,Precio:,,$ 210.00,,,,,
,,,,,,,,,,,,,,
,Categoría:,,"LLAVEROS, MEDALLAS, CADENAS",,,,,,,,,,,
,,,,,,,,,,,,,,
,,,,,,,,,,,,,,
,,,,,,,,,,,,,,
,REC. LLAVERO ANGEL ESFERA CRISTAL C/12 PIEZAS,,,,,,,,,,,,,
,,,,,,,,,,,,,,
,Clave:,,ZR0004,,,,Existencia:,,0,,,,,
,,,,,,,,,,,,,,
,Departamento:,,ACCESORIOS,,,,Precio:,,$ 290.00,,,,,
,,,,,,,,,,,,,,
,Categoría:,,RECUERDO,,,,,,,,,,,
,,,,,,,,,,,,,,
,,,,,,,,,,,,,,
,,,,,,,,,,,,,,
,REC. LLAVERO ZAMA MEDALLON SAN BENITOC/ 12 PIEZAS,,,,,,,,,,,,,
,,,,,,,,,,,,,,
,Clave:,,ZR0005,,,,Existencia:,,0,,,,,
,,,,,,,,,,,,,,
,Departamento:,,RECUERDOS,,,,Precio:,,$ 190.00,,,,,
,,,,,,,,,,,,,,
,Categoría:,,"LLAVEROS, MEDALLAS, CADENAS",,,,,,,,,,,
,,,,,,,,,,,,,,
,,,,,,,,,,,,,,
,,,,,,,,,,,,,,
,REC. LLAVERO COALA MADERA ECO. C/12,,,,,,,,,,,,,
,,,,,,,,,,,,,,
,Clave:,,ZR0006,,,,Existencia:,,586,,,,,
,,,,,,,,,,,,,,
,Departamento:,,ACCESORIOS,,,,Precio:,,$ 109.90,,,,,
,,,,,,,,,,,,,,
,Categoría:,,RECUERDO,,,,,,,,,,,
,,,,,,,,,,,,,,
,,,,,,,,,,,,,,
,,,,,,,,,,,,,,
,REC. LLAVERO ZAMA VIRGEN ARCOIRIS C/ 12 PIEZAS,,,,,,,,,,,,,
,,,,,,,,,,,,,,
,Clave:,,ZR0007,,,,Existencia:,,0,,,,,
,,,,,,,,,,,,,,
,Departamento:,,RECUERDOS,,,,Precio:,,$ 190.00,,,,,
,,,,,,,,,,,,,,
,Categoría:,,"LLAVEROS, MEDALLAS, CADENAS",,,,,,,,,,,
,,,,,,,,,,,,,,
,,,,,,,,,,,,,,
,,,,,,,,,,,,,,
,REC. LLAVERO ZAMA SAN JUDAS C/ 12 PIEZAS,,,,,,,,,,,,,
,,,,,,,,,,,,,,
,Clave:,,ZR0008,,,,Existencia:,,600,,,,,
,,,,,,,,,,,,,,
,Departamento:,,RECUERDOS,,,,Precio:,,$ 190.00,,,,,
,,,,,,,,,,,,,,
,Categoría:,,"LLAVEROS, MEDALLAS, CADENAS",,,,,,,,,,,
,,,,,,,,,,,,,,
,,,,,,,,,,,,,,
,,,,,,,,,,,,,,
,REC. LLAVERO ZAMA VIRGEN MEDALLON C/ 12 PIEZAS,,,,,,,,,,,,,
,,,,,,,,,,,,,,
,Clave:,,ZR0009,,,,Existencia:,,0,,,,,
,,,,,,,,,,,,,,
,Departamento:,,RECUERDOS,,,,Precio:,,$ 210.00,,,,,
,,,,,,,,,,,,,,
,Categoría:,,"LLAVEROS, MEDALLAS, CADENAS",,,,,,,,,,,
,,,,,,,,,,,,,,
,,,,,,,,,,,,,,
,,,,,,,,,,,,,,
,REC. CALCAMONIA PORTAVIDRIO C/10,,,,,,,,,,,,,
,,,,,,,,,,,,,,
,Clave:,,ZR0010,,,,Existencia:,,0,,,,,
,,,,,,,,,,,,,,
,Departamento:,,RECUERDOS,,,,Precio:,,$ 10.00,,,,,
,,,,,,,,,,,,,,
,Categoría:,,"ESTAMPA, INVITACIONES, CALCAMONIA",,,,,,,,,,,
,,,,,,,,,,,,,,
,,,,,,,,,,,,,,
,,,,,,,,,,,,,,
,REC. LLAVERO CRUZ EGIPCIA MADERA C/ PIEZAS,,,,,,,,,,,,,
,,,,,,,,,,,,,,
,Clave:,,ZR0011,,,,Existencia:,,433,,,,,
,,,,,,,,,,,,,,
,Departamento:,,RECUERDOS,,,,Precio:,,$ 190.00,,,,,
,,,,,,,,,,,,,,
,Categoría:,,"LLAVEROS, MEDALLAS, CADENAS",,,,,,,,,,,
,,,,,,,,,,,,,,
,,,,,,,,,,,,,,
,,,,,,,,,,,,,,
,REC. LLAVER CORDON MADERA INDIVIDUAL,,,,,,,,,,,,,
,,,,,,,,,,,,,,
,Clave:,,ZR0012,,,,Existencia:,,0,,,,,
,,,,,,,,,,,,,,
,Departamento:,,RECUERDOS,,,,Precio:,,$ 13.00,,,,,
,,,,,,,,,,,,,,
,Categoría:,,DE MADERA,,,,,,,,,,,
,,,,,,,,,,,,,,
,,,,,,,,,,,,,,
,,,,,,,,,,,,,,
,REC. COLGANTE CELULAR,,,,,,,,,,,,,
,,,,,,,,,,,,,,
,Clave:,,ZR0013,,,,Existencia:,,0,,,,,
,,,,,,,,,,,,,,
,Departamento:,,RECUERDOS,,,,Precio:,,$ 11.00,,,,,
,,,,,,,,,,,,,,
,Categoría:,,DE MADERA,,,,,,,,,,,
,,,,,,,,,,,,,,
,,,,,,,,,,,,,,
,,,,,,,,,,,,,,
,REC. AGRADECIMIENTO TARJETITA LISTON C/12,,,,,,,,,,,,,
,,,,,,,,,,,,,,
,Clave:,,ZR0014,,,,Existencia:,,0,,,,,
,,,,,,,,,,,,,,
,Departamento:,,RECUERDOS,,,,Precio:,,$ 8.00,,,,,
,,,,,,,,,,,,,,
,Categoría:,,"ESTAMPA, INVITACIONES, CALCAMONIA",,,,,,,,,,,
,,,,,,,,,,,,,,
,,,,,,,,,,,,,,
,,,,,,,,,,,,,,
,REC. PIN CUSTODIA JHS C/12 PIEZAS,,,,,,,,,,,,,
,,,,,,,,,,,,,,
,Clave:,,ZR0015,,,,Existencia:,,0,,,,,
,,,,,,,,,,,,,,
,Departamento:,,RECUERDOS,,,,Precio:,,$ 190.00,,,,,
,,,,,,,,,,,,,,
,Categoría:,,DE MADERA,,,,,,,,,,,
,,,,,,,,,,,,,,
,,,,,,,,,,,,,,
,,,,,,,,,,,,,,
,REC. LLAVERO ANGEL CRISTAL,,,,,,,,,,,,,
,,,,,,,,,,,,,,
,Clave:,,ZR0016,,,,Existencia:,,0,,,,,
,,,,,,,,,,,,,,
,Departamento:,,RECUERDOS,,,,Precio:,,$ 290.00,,,,,
,,,,,,,,,,,,,,
,Categoría:,,"LLAVEROS, MEDALLAS, CADENAS",,,,,,,,,,,
,,,,,,,,,,,,,,
,,,,,,,,,,,,,,
,,,,,,,,,,,,,,
,REC. CRUZ NATURAL ECO.,,,,,,,,,,,,,
,,,,,,,,,,,,,,
,Clave:,,ZR0018,,,,Existencia:,,0,,,,,
,,,,,,,,,,,,,,
,Departamento:,,RECUERDOS,,,,Precio:,,$ 3.50,,,,,
,,,,,,,,,,,,,,
,Categoría:,,DE MADERA,,,,,,,,,,,
,,,,,,,,,,,,,,
,,,,,,,,,,,,,,
,,,,,,,,,,,,,,
,REC. CRUZ RESINA C/12,,,,,,,,,,,,,
,,,,,,,,,,,,,,
,Clave:,,ZR0020,,,,Existencia:,,0,,,,,
,,,,,,,,,,,,,,
,Departamento:,,RECUERDOS,,,,Precio:,,$ 129.90,,,,,
,,,,,,,,,,,,,,
,Categoría:,,RESINA Ó  PVC,,,,,,,,,,,
,,,,,,,,,,,,,,
,,,,,,,,,,,,,,
,,,,,,,,,,,,,,
,REC. LLAVERO CUBO DIAMANTE,,,,,,,,,,,,,
,,,,,,,,,,,,,,
,Clave:,,ZR0022,,,,Existencia:,,0,,,,,
,,,,,,,,,,,,,,
,Departamento:,,RECUERDOS,,,,Precio:,,$ 245.00,,,,,
,,,,,,,,,,,,,,
,Categoría:,,"LLAVEROS, MEDALLAS, CADENAS",,,,,,,,,,,
,,,,,,,,,,,,,,
,,,,,,,,,,,,,,
,,,,,,,,,,,,,,
,REC. SEPARADOR MADERA C/12,,,,,,,,,,,,,
,,,,,,,,,,,,,,
,Clave:,,ZR0024,,,,Existencia:,,0,,,,,
,,,,,,,,,,,,,,
,Departamento:,,RECUERDOS,,,,Precio:,,$ 129.90,,,,,
,,,,,,,,,,,,,,
,Categoría:,,"LLAVEROS, MEDALLAS, CADENAS",,,,,,,,,,,
,,,,,,,,,,,,,,
,,,,,,,,,,,,,,
,,,,,,,,,,,,,,
,REC. RETABLO CHICO MADERA C/12,,,,,,,,,,,,,
,,,,,,,,,,,,,,
,Clave:,,ZR0025,,,,Existencia:,,0,,,,,
,,,,,,,,,,,,,,
,Departamento:,,RECUERDOS,,,,Precio:,,$ 180.00,,,,,
,,,,,,,,,,,,,,
,Categoría:,,"LLAVEROS, MEDALLAS, CADENAS",,,,,,,,,,,
,,,,,,,,,,,,,,
,,,,,,,,,,,,,,
,,,,,,,,,,,,,,
,REC. DECENARIO ECO.,,,,,,,,,,,,,
,,,,,,,,,,,,,,
,Clave:,,ZR0026,,,,Existencia:,,12685,,,,,
,,,,,,,,,,,,,,
,Departamento:,,RECUERDOS,,,,Precio:,,$ 8.00,,,,,
,,,,,,,,,,,,,,
,Categoría:,,DECENARIOS,,,,,,,,,,,
,,,,,,,,,,,,,,
,,,,,,,,,,,,,,
,,,,,,,,,,,,,,
,REC. PIN DECENARIO,,,,,,,,,,,,,
,,,,,,,,,,,,,,
,Clave:,,ZR0028,,,,Existencia:,,0,,,,,
,,,,,,,,,,,,,,
,Departamento:,,RECUERDOS,,,,Precio:,,$ 9.00,,,,,
,,,,,,,,,,,,,,
,Categoría:,,DECENARIOS,,,,,,,,,,,
,,,,,,,,,,,,,,
,,,,,,,,,,,,,,
,,,,,,,,,,,,,,
,REC. MINI VELA FRIDA C/12,,,,,,,,,,,,,
,,,,,,,,,,,,,,
,Clave:,,ZR0030,,,,Existencia:,,0,,,,,
,,,,,,,,,,,,,,
,Departamento:,,RECUERDOS,,,,Precio:,,$ 169.90,,,,,
,,,,,,,,,,,,,,
,Categoría:,,RESINA Ó  PVC,,,,,,,,,,,
,,,,,,,,,,,,,,
,,,,,,,,,,,,,,
,,,,,,,,,,,,,,
,REC. MINI BOTELLITA FRIDA C/12,,,,,,,,,,,,,
,,,,,,,,,,,,,,
,Clave:,,ZR0032,,,,Existencia:,,0,,,,,
,,,,,,,,,,,,,,
,Departamento:,,RECUERDOS,,,,Precio:,,$ 149.90,,,,,
,,,,,,,,,,,,,,
,Categoría:,,RESINA Ó  PVC,,,,,,,,,,,
,,,,,,,,,,,,,,
,,,,,,,,,,,,,,
,,,,,,,,,,,,,,
,REC. ESTAMPA INVITACION  C/10,,,,,,,,,,,,,
,,,,,,,,,,,,,,
,Clave:,,ZR0034,,,,Existencia:,,340,,,,,
,,,,,,,,,,,,,,
,Departamento:,,RECUERDOS,,,,Precio:,,$ 10.00,,,,,
,,,,,,,,,,,,,,
,Categoría:,,"ESTAMPA, INVITACIONES, CALCAMONIA",,,,,,,,,,,
,,,,,,,,,,,,,,
,,,,,,,,,,,,,,
,,,,,,,,,,,,,,
,REC. ESTAMPA DOS MADERAS C/25,,,,,,,,,,,,,
,,,,,,,,,,,,,,
,Clave:,,ZR0036,,,,Existencia:,,0,,,,,
,,,,,,,,,,,,,,
,Departamento:,,RECUERDOS,,,,Precio:,,$ 59.90,,,,,
,,,,,,,,,,,,,,
,Categoría:,,"ESTAMPA, INVITACIONES, CALCAMONIA",,,,,,,,,,,
,,,,,,,,,,,,,,
,,,,,,,,,,,,,,
,,,,,,,,,,,,,,
,REC. MINI BOTELLITA REPUJADO FRIDA C/12,,,,,,,,,,,,,
,,,,,,,,,,,,,,
,Clave:,,ZR0038,,,,Existencia:,,0,,,,,
,,,,,,,,,,,,,,
,Departamento:,,RECUERDOS,,,,Precio:,,$ 149.90,,,,,
,,,,,,,,,,,,,,
,Categoría:,,RESINA Ó  PVC,,,,,,,,,,,
,,,,,,,,,,,,,,
,,,,,,,,,,,,,,
,,,,,,,,,,,,,,
,REC. CALCOMONIA IMAGEN C/100,,,,,,,,,,,,,
,,,,,,,,,,,,,,
,Clave:,,ZR0040,,,,Existencia:,,0,,,,,
,,,,,,,,,,,,,,
,Departamento:,,RECUERDOS,,,,Precio:,,$ 25.00,,,,,
,,,,,,,,,,,,,,
,Categoría:,,"ESTAMPA, INVITACIONES, CALCAMONIA",,,,,,,,,,,
,,,,,,,,,,,,,,
,,,,,,,,,,,,,,
,,,,,,,,,,,,,,
,REC. MINI VELA Y BOTELLA FRIDA C/12,,,,,,,,,,,,,
,,,,,,,,,,,,,,
,Clave:,,ZR0042,,,,Existencia:,,0,,,,,
,,,,,,,,,,,,,,
,Departamento:,,RECUERDOS,,,,Precio:,,$ 159.90,,,,,
,,,,,,,,,,,,,,
,Categoría:,,RESINA Ó  PVC,,,,,,,,,,,
,,,,,,,,,,,,,,
,,,,,,,,,,,,,,
,,,,,,,,,,,,,,
,REC. INVITACION CON SOBRE C/25,,,,,,,,,,,,,
,,,,,,,,,,,,,,
,Clave:,,ZR0044,,,,Existencia:,,0,,,,,
,,,,,,,,,,,,,,
,Departamento:,,RECUERDOS,,,,Precio:,,$ 59.90,,,,,
,,,,,,,,,,,,,,
,Categoría:,,"ESTAMPA, INVITACIONES, CALCAMONIA",,,,,,,,,,,
,,,,,,,,,,,,,,
,,,,,,,,,,,,,,
,,,,,,,,,,,,,,
,REC. LIBRITO TARJETA C/100,,,,,,,,,,,,,
,,,,,,,,,,,,,,
,Clave:,,ZR0046,,,,Existencia:,,0,,,,,
,,,,,,,,,,,,,,
,Departamento:,,RECUERDOS,,,,Precio:,,$ 10.00,,,,,
,,,,,,,,,,,,,,
,Categoría:,,"ESTAMPA, INVITACIONES, CALCAMONIA",,,,,,,,,,,
,,,,,,,,,,,,,,
,,,,,,,,,,,,,,
,,,,,,,,,,,,,,
,REC. LLAVERO PORFIS C/ 12 PIEZAS,,,,,,,,,,,,,
,,,,,,,,,,,,,,
,Clave:,,ZR0048,,,,Existencia:,,0,,,,,
,,,,,,,,,,,,,,
,Departamento:,,RECUERDOS,,,,Precio:,,$ 196.00,,,,,
,,,,,,,,,,,,,,
,Categoría:,,"LLAVEROS, MEDALLAS, CADENAS",,,,,,,,,,,
,,,,,,,,,,,,,,
,,,,,,,,,,,,,,
,,,,,,,,,,,,,,
,MINILIBRO ORACION C/ 12 PIEZAS,,,,,,,,,,,,,
,,,,,,,,,,,,,,
,Clave:,,ZR0050,,,,Existencia:,,0,,,,,
,,,,,,,,,,,,,,
,Departamento:,,RECUERDOS,,,,Precio:,,$ 70.00,,,,,
,,,,,,,,,,,,,,
,Categoría:,,"ESTAMPA, INVITACIONES, CALCAMONIA",,,,,,,,,,,
,,,,,,,,,,,,,,
,,,,,,,,,,,,,,
,,,,,,,,,,,,,,
,REC. MINILIBRO C/DECENARIO,,,,,,,,,,,,,
,,,,,,,,,,,,,,
,Clave:,,ZR0052,,,,Existencia:,,0,,,,,
,,,,,,,,,,,,,,
,Departamento:,,RECUERDOS,,,,Precio:,,$ 9.00,,,,,
,,,,,,,,,,,,,,
,Categoría:,,DECENARIOS,,,,,,,,,,,
,,,,,,,,,,,,,,
,,,,,,,,,,,,,,
,,,,,,,,,,,,,,
,REC. PORTADECENARIO C/10,,,,,,,,,,,,,
,,,,,,,,,,,,,,
,Clave:,,ZR0054,,,,Existencia:,,0,,,,,
,,,,,,,,,,,,,,
,Departamento:,,RECUERDOS,,,,Precio:,,$ 125.00,,,,,
,,,,,,,,,,,,,,
,Categoría:,,DECENARIOS,,,,,,,,,,,
,,,,,,,,,,,,,,
,,,,,,,,,,,,,,
,,,,,,,,,,,,,,
,REC. VELITA INDIVIDUAL C/12,,,,,,,,,,,,,
,,,,,,,,,,,,,,
,Clave:,,ZR0056,,,,Existencia:,,1048,,,,,
,,,,,,,,,,,,,,
,Departamento:,,RECUERDOS,,,,Precio:,,$ 80.00,,,,,
,,,,,,,,,,,,,,
,Categoría:,,RESINA Ó  PVC,,,,,,,,,,,
,,,,,,,,,,,,,,
,,,,,,,,,,,,,,
,,,,,,,,,,,,,,
,REC. MINILIBRO REPUJADO C/12,,,,,,,,,,,,,
,,,,,,,,,,,,,,
,Clave:,,ZR0058,,,,Existencia:,,0,,,,,
,,,,,,,,,,,,,,
,Departamento:,,RECUERDOS,,,,Precio:,,$ 109.90,,,,,
,,,,,,,,,,,,,,
,Categoría:,,"ESTAMPA, INVITACIONES, CALCAMONIA",,,,,,,,,,,
,,,,,,,,,,,,,,
,,,,,,,,,,,,,,
,,,,,,,,,,,,,,
,REC. LLAVERO ZAMA INDIVIDUAL,,,,,,,,,,,,,
,,,,,,,,,,,,,,
,Clave:,,ZR0060,,,,Existencia:,,1600,,,,,
,,,,,,,,,,,,,,
,Departamento:,,RECUERDOS,,,,Precio:,,$ 18.00,,,,,
,,,,,,,,,,,,,,
,Categoría:,,"LLAVEROS, MEDALLAS, CADENAS",,,,,,,,,,,
,,,,,,,,,,,,,,
,,,,,,,,,,,,,,
,,,,,,,,,,,,,,
,REC. CRUZ DIAMANTINA C/12,,,,,,,,,,,,,
,,,,,,,,,,,,,,
,Clave:,,ZR0062,,,,Existencia:,,0,,,,,
,,,,,,,,,,,,,,
,Departamento:,,RECUERDOS,,,,Precio:,,$ 220.00,,,,,
,,,,,,,,,,,,,,
,Categoría:,,DE MADERA,,,,,,,,,,,
,,,,,,,,,,,,,,
,,,,,,,,,,,,,,
,,,,,,,,,,,,,,
,REC. CRUZ IMAGEN C/12,,,,,,,,,,,,,
,,,,,,,,,,,,,,
,Clave:,,ZR0064,,,,Existencia:,,1675,,,,,
,,,,,,,,,,,,,,
,Departamento:,,RECUERDOS,,,,Precio:,,$ 220.00,,,,,
,,,,,,,,,,,,,,
,Categoría:,,DE MADERA,,,,,,,,,,,
,,,,,,,,,,,,,,
,,,,,,,,,,,,,,
,,,,,,,,,,,,,,
,REC. LLAVERO RESINA,,,,,,,,,,,,,
,,,,,,,,,,,,,,
,Clave:,,ZR0066,,,,Existencia:,,0,,,,,
,,,,,,,,,,,,,,
,Departamento:,,RECUERDOS,,,,Precio:,,$ 19.90,,,,,
,,,,,,,,,,,,,,
,Categoría:,,"LLAVEROS, MEDALLAS, CADENAS",,,,,,,,,,,
,,,,,,,,,,,,,,
,,,,,,,,,,,,,,
,,,,,,,,,,,,,,
,REC. LLAVERO RELIEVE C/12 PIEZAS CON BOLSA CELOFAN Y ESTAMPA,,,,,,,,,,,,,
,,,,,,,,,,,,,,
,Clave:,,ZR0068,,,,Existencia:,,0,,,,,
,,,,,,,,,,,,,,
,Departamento:,,RECUERDOS,,,,Precio:,,$ 160.00,,,,,
,,,,,,,,,,,,,,
,Categoría:,,"LLAVEROS, MEDALLAS, CADENAS",,,,,,,,,,,
,,,,,,,,,,,,,,
,,,,,,,,,,,,,,
,,,,,,,,,,,,,,
,REC. BOTELLITA IMAGEN C/12 CON SEPARADOR Y BOLSITA,,,,,,,,,,,,,
,,,,,,,,,,,,,,
,Clave:,,ZR0070,,,,Existencia:,,0,,,,,
,,,,,,,,,,,,,,
,Departamento:,,RECUERDOS,,,,Precio:,,$ 190.00,,,,,
,,,,,,,,,,,,,,
,Categoría:,,CRISTAL,,,,,,,,,,,
,,,,,,,,,,,,,,
,,,,,,,,,,,,,,
,,,,,,,,,,,,,,
,REC. VELITAS CONCHAS C/12,,,,,,,,,,,,,
,,,,,,,,,,,,,,
,Clave:,,ZR0071,,,,Existencia:,,0,,,,,
,,,,,,,,,,,,,,
,Departamento:,,RECUERDOS,,,,Precio:,,$ 130.00,,,,,
,,,,,,,,,,,,,,
,Categoría:,,CRISTAL,,,,,,,,,,,
,,,,,,,,,,,,,,
,,,,,,,,,,,,,,
,,,,,,,,,,,,,,
,REC. MADERA LIBRO Y CRUZ ECO. C/12,,,,,,,,,,,,,
,,,,,,,,,,,,,,
,Clave:,,ZR0072,,,,Existencia:,,0,,,,,
,,,,,,,,,,,,,,
,Departamento:,,RECUERDOS,,,,Precio:,,$ 99.90,,,,,
,,,,,,,,,,,,,,
,Categoría:,,DE MADERA,,,,,,,,,,,
,,,,,,,,,,,,,,
,,,,,,,,,,,,,,
,,,,,,,,,,,,,,
,REC. BOTELLITA CRISTAL COLGANTE C/ 12 PIEZAS,,,,,,,,,,,,,
,,,,,,,,,,,,,,
,Clave:,,ZR0073,,,,Existencia:,,0,,,,,
,,,,,,,,,,,,,,
,Departamento:,,RECUERDOS,,,,Precio:,,$ 296.00,,,,,
,,,,,,,,,,,,,,
,Categoría:,,"LLAVEROS, MEDALLAS, CADENAS",,,,,,,,,,,
,,,,,,,,,,,,,,
,,,,,,,,,,,,,,
,,,,,,,,,,,,,,
,REC. PILCERA PASTA CON 12/ PIEZAS BOLSA Y ESTAMPA,,,,,,,,,,,,,
,,,,,,,,,,,,,,
,Clave:,,ZR0074,,,,Existencia:,,0,,,,,
,,,,,,,,,,,,,,
,Departamento:,,RECUERDOS,,,,Precio:,,$ 340.00,,,,,
,,,,,,,,,,,,,,
,Categoría:,,"LLAVEROS, MEDALLAS, CADENAS",,,,,,,,,,,
,,,,,,,,,,,,,,
,,,,,,,,,,,,,,
,,,,,,,,,,,,,,
,REC. BOLO MADERA C/10 PZ,,,,,,,,,,,,,
,,,,,,,,,,,,,,
,Clave:,,ZR0076,,,,Existencia:,,0,,,,,
,,,,,,,,,,,,,,
,Departamento:,,RECUERDOS,,,,Precio:,,$ 140.00,,,,,
,,,,,,,,,,,,,,
,Categoría:,,DE MADERA,,,,,,,,,,,
,,,,,,,,,,,,,,
,,,,,,,,,,,,,,
,,,,,,,,,,,,,,
,REC. LLAVERO ECO. C/12 PIEZAS,,,,,,,,,,,,,
,,,,,,,,,,,,,,
,Clave:,,ZR0078,,,,Existencia:,,9832,,,,,
,,,,,,,,,,,,,,
,Departamento:,,RECUERDOS,,,,Precio:,,$ 125.00,,,,,
,,,,,,,,,,,,,,
,Categoría:,,DECENARIOS,,,,,,,,,,,
,,,,,,,,,,,,,,
,,,,,,,,,,,,,,
,,,,,,,,,,,,,,
,REC. SEPARADOR,,,,,,,,,,,,,
,,,,,,,,,,,,,,
,Clave:,,ZR0080,,,,Existencia:,,1600,,,,,
,,,,,,,,,,,,,,
,Departamento:,,RECUERDOS,,,,Precio:,,$ 15.00,,,,,
,,,,,,,,,,,,,,
,Categoría:,,"ESTAMPA, INVITACIONES, CALCAMONIA",,,,,,,,,,,
,,,,,,,,,,,,,,
,,,,,,,,,,,,,,
,,,,,,,,,,,,,,
,REC. LLAVERO MEDALLA SAN BENITO C/ 12 PIEZAS,,,,,,,,,,,,,
,,,,,,,,,,,,,,
,Clave:,,ZR0081,,,,Existencia:,,0,,,,,
,,,,,,,,,,,,,,
,Departamento:,,RECUERDOS,,,,Precio:,,$ 200.00,,,,,
,,,,,,,,,,,,,,
,Categoría:,,"LLAVEROS, MEDALLAS, CADENAS",,,,,,,,,,,
,,,,,,,,,,,,,,
,,,,,,,,,,,,,,
,,,,,,,,,,,,,,
,REC. MINIBIBLIA  LATINOAMERICANA C/12,,,,,,,,,,,,,
,,,,,,,,,,,,,,
,Clave:,,ZR0082,,,,Existencia:,,60,,,,,
,,,,,,,,,,,,,,
,Departamento:,,RECUERDOS,,,,Precio:,,$ 70.00,,,,,
,,,,,,,,,,,,,,
,Categoría:,,"ESTAMPA, INVITACIONES, CALCAMONIA",,,,,,,,,,,
,,,,,,,,,,,,,,
,,,,,,,,,,,,,,
,,,,,,,,,,,,,,
,REC. LLAVERO MONO MIGAJON,,,,,,,,,,,,,
,,,,,,,,,,,,,,
,Clave:,,ZR0083,,,,Existencia:,,0,,,,,
,,,,,,,,,,,,,,
,Departamento:,,RECUERDOS,,,,Precio:,,$ 22.00,,,,,
,,,,,,,,,,,,,,
,Categoría:,,"LLAVEROS, MEDALLAS, CADENAS",,,,,,,,,,,
,,,,,,,,,,,,,,
,,,,,,,,,,,,,,
,,,,,,,,,,,,,,
,REC. LLAVERO ORACION COALA MADERA INDIVIDUAL,,,,,,,,,,,,,
,,,,,,,,,,,,,,
,Clave:,,ZR0084,,,,Existencia:,,0,,,,,
,,,,,,,,,,,,,,
,Departamento:,,RECUERDOS,,,,Precio:,,$ 12.00,,,,,
,,,,,,,,,,,,,,
,Categoría:,,DE MADERA,,,,,,,,,,,
,,,,,,,,,,,,,,
,,,,,,,,,,,,,,
,,,,,,,,,,,,,,
,REC. LLAVERO SAN JUDAS BROCHE,,,,,,,,,,,,,
,,,,,,,,,,,,,,
,Clave:,,ZR0085,,,,Existencia:,,0,,,,,
,,,,,,,,,,,,,,
,Departamento:,,RECUERDOS,,,,Precio:,,$ 160.00,,,,,
,,,,,,,,,,,,,,
,Categoría:,,DE MADERA,,,,,,,,,,,
,,,,,,,,,,,,,,
,,,,,,,,,,,,,,
,,,,,,,,,,,,,,
,REC. LLAVERO ANGEL PANAL C/12 PIEZAS,,,,,,,,,,,,,
,,,,,,,,,,,,,,
,Clave:,,ZR0086,,,,Existencia:,,0,,,,,
,,,,,,,,,,,,,,
,Departamento:,,RECUERDOS,,,,Precio:,,$ 225.00,,,,,
,,,,,,,,,,,,,,
,Categoría:,,"LLAVEROS, MEDALLAS, CADENAS",,,,,,,,,,,
,,,,,,,,,,,,,,
,,,,,,,,,,,,,,
,,,,,,,,,,,,,,
,REC. LLAVERO MONEDA ANGELITO C/ 12 PIEZAS,,,,,,,,,,,,,
,,,,,,,,,,,,,,
,Clave:,,ZR0087,,,,Existencia:,,0,,,,,
,,,,,,,,,,,,,,
,Departamento:,,RECUERDOS,,,,Precio:,,$ 200.00,,,,,
,,,,,,,,,,,,,,
,Categoría:,,"LLAVEROS, MEDALLAS, CADENAS",,,,,,,,,,,
,,,,,,,,,,,,,,
,,,,,,,,,,,,,,
,,,,,,,,,,,,,,
,REC. IMAN COALA MADERA ECO.,,,,,,,,,,,,,
,,,,,,,,,,,,,,
,Clave:,,ZR0088,,,,Existencia:,,1320,,,,,
,,,,,,,,,,,,,,
,Departamento:,,ACCESORIOS,,,,Precio:,,$ 109.90,,,,,
,,,,,,,,,,,,,,
,Categoría:,,RECUERDO,,,,,,,,,,,
,,,,,,,,,,,,,,
,,,,,,,,,,,,,,
,,,,,,,,,,,,,,
,REC. DECENARIO SAN PEDRO C/ 12 PIEZAS,,,,,,,,,,,,,
,,,,,,,,,,,,,,
,Clave:,,ZR0090,,,,Existencia:,,0,,,,,
,,,,,,,,,,,,,,
,Departamento:,,RECUERDOS,,,,Precio:,,$ 385.00,,,,,
,,,,,,,,,,,,,,
,Categoría:,,"LLAVEROS, MEDALLAS, CADENAS",,,,,,,,,,,
,,,,,,,,,,,,,,
,,,,,,,,,,,,,,
,,,,,,,,,,,,,,
,REC. LLAVERO ANGEL CADENA C/ 12 PIEZAS,,,,,,,,,,,,,
,,,,,,,,,,,,,,
,Clave:,,ZR0091,,,,Existencia:,,0,,,,,
,,,,,,,,,,,,,,
,Departamento:,,RECUERDOS,,,,Precio:,,$ 225.00,,,,,
,,,,,,,,,,,,,,
,Categoría:,,"LLAVEROS, MEDALLAS, CADENAS",,,,,,,,,,,
,,,,,,,,,,,,,,
,,,,,,,,,,,,,,
,,,,,,,,,,,,,,
,REC. LLAVERO CRUZ LATINA CADENA,,,,,,,,,,,,,
,,,,,,,,,,,,,,
,Clave:,,ZR0092,,,,Existencia:,,0,,,,,
,,,,,,,,,,,,,,
,Departamento:,,RECUERDOS,,,,Precio:,,$ 225.00,,,,,
,,,,,,,,,,,,,,
,Categoría:,,"LLAVEROS, MEDALLAS, CADENAS",,,,,,,,,,,
,,,,,,,,,,,,,,
,,,,,,,,,,,,,,
,,,,,,,,,,,,,,
,REC. LLAVERO CRUZ EGIPCIA CADENA C/ 12 PIEZAS,,,,,,,,,,,,,
,,,,,,,,,,,,,,
,Clave:,,ZR0093,,,,Existencia:,,0,,,,,
,,,,,,,,,,,,,,
,Departamento:,,RECUERDOS,,,,Precio:,,$ 225.00,,,,,
,,,,,,,,,,,,,,
,Categoría:,,"LLAVEROS, MEDALLAS, CADENAS",,,,,,,,,,,
,,,,,,,,,,,,,,
,,,,,,,,,,,,,,
,,,,,,,,,,,,,,
,REC. LLAVERO ARCANGEL C/12 PIEZAS,,,,,,,,,,,,,
,,,,,,,,,,,,,,
,Clave:,,ZR0094,,,,Existencia:,,0,,,,,
,,,,,,,,,,,,,,
,Departamento:,,RECUERDOS,,,,Precio:,,$ 240.00,,,,,
,,,,,,,,,,,,,,
,Categoría:,,"LLAVEROS, MEDALLAS, CADENAS",,,,,,,,,,,
,,,,,,,,,,,,,,
,,,,,,,,,,,,,,
,,,,,,,,,,,,,,
,REC. LLAVERO CRUZ TORRE CADENA C/ 12 PIEZAS,,,,,,,,,,,,,
,,,,,,,,,,,,,,
,Clave:,,ZR0095,,,,Existencia:,,0,,,,,
,,,,,,,,,,,,,,
,Departamento:,,RECUERDOS,,,,Precio:,,$ 235.00,,,,,
,,,,,,,,,,,,,,
,Categoría:,,"LLAVEROS, MEDALLAS, CADENAS",,,,,,,,,,,
,,,,,,,,,,,,,,
,,,,,,,,,,,,,,
,,,,,,,,,,,,,,
,REC. LLAVERO CRUZ PM,,,,,,,,,,,,,
,,,,,,,,,,,,,,
,Clave:,,ZR0096,,,,Existencia:,,0,,,,,
,,,,,,,,,,,,,,
,Departamento:,,RECUERDOS,,,,Precio:,,$ 225.00,,,,,
,,,,,,,,,,,,,,
,Categoría:,,"LLAVEROS, MEDALLAS, CADENAS",,,,,,,,,,,
,,,,,,,,,,,,,,
,,,,,,,,,,,,,,
,,,,,,,,,,,,,,
,REC. LLAVERO CRUZ ALCANTARA C/12 PIEZAS,,,,,,,,,,,,,
,,,,,,,,,,,,,,
,Clave:,,ZR0097,,,,Existencia:,,0,,,,,
,,,,,,,,,,,,,,
,Departamento:,,RECUERDOS,,,,Precio:,,$ 240.00,,,,,
,,,,,,,,,,,,,,
,Categoría:,,"LLAVEROS, MEDALLAS, CADENAS",,,,,,,,,,,
,,,,,,,,,,,,,,
,,,,,,,,,,,,,,
,,,,,,,,,,,,,,
,REC. LLAVERO HERRADURA C/ 12 PIEZAS,,,,,,,,,,,,,
,,,,,,,,,,,,,,
,Clave:,,ZR0098,,,,Existencia:,,0,,,,,
,,,,,,,,,,,,,,
,Departamento:,,RECUERDOS,,,,Precio:,,$ 240.00,,,,,
,,,,,,,,,,,,,,
,Categoría:,,"LLAVEROS, MEDALLAS, CADENAS",,,,,,,,,,,
,,,,,,,,,,,,,,
,,,,,,,,,,,,,,
,,,,,,,,,,,,,,
,REC. DECENARIO AB C/ 12 PIEZAS,,,,,,,,,,,,,
,,,,,,,,,,,,,,
,Clave:,,ZR0099,,,,Existencia:,,0,,,,,
,,,,,,,,,,,,,,
,Departamento:,,RECUERDOS,,,,Precio:,,$ 240.00,,,,,
,,,,,,,,,,,,,,
,Categoría:,,"LLAVEROS, MEDALLAS, CADENAS",,,,,,,,,,,
,,,,,,,,,,,,,,
,,,,,,,,,,,,,,
,,,,,,,,,,,,,,
,REC. LLAVERO BODA ANGELITOS,,,,,,,,,,,,,
,,,,,,,,,,,,,,
,Clave:,,ZR0101,,,,Existencia:,,0,,,,,
,,,,,,,,,,,,,,
,Departamento:,,RECUERDOS,,,,Precio:,,$ 17.00,,,,,
,,,,,,,,,,,,,,
,Categoría:,,"LLAVEROS, MEDALLAS, CADENAS",,,,,,,,,,,
,,,,,,,,,,,,,,
,,,,,,,,,,,,,,
,,,,,,,,,,,,,,
,REC. LLAVERO TORRE EIFFEL,,,,,,,,,,,,,
,,,,,,,,,,,,,,
,Clave:,,ZR0103,,,,Existencia:,,0,,,,,
,,,,,,,,,,,,,,
,Departamento:,,RECUERDOS,,,,Precio:,,$ 17.00,,,,,
,,,,,,,,,,,,,,
,Categoría:,,"LLAVEROS, MEDALLAS, CADENAS",,,,,,,,,,,
,,,,,,,,,,,,,,
,,,,,,,,,,,,,,
,,,,,,,,,,,,,,
,LLAVERO ANGEL DORA C/ BOLSA ORGANZA 12 PIEZAS,,,,,,,,,,,,,
,,,,,,,,,,,,,,
,Clave:,,ZR0105,,,,Existencia:,,0,,,,,
,,,,,,,,,,,,,,
,Departamento:,,RECUERDOS,,,,Precio:,,$ 270.00,,,,,
,,,,,,,,,,,,,,
,Categoría:,,"LLAVEROS, MEDALLAS, CADENAS",,,,,,,,,,,
,,,,,,,,,,,,,,
,,,,,,,,,,,,,,
,,,,,,,,,,,,,,
,REC. DECENARIO CASQUILLO C/12 PIEZAS,,,,,,,,,,,,,
,,,,,,,,,,,,,,
,Clave:,,ZR0114,,,,Existencia:,,0,,,,,
,,,,,,,,,,,,,,
,Departamento:,,RECUERDOS,,,,Precio:,,$ 330.00,,,,,
,,,,,,,,,,,,,,
,Categoría:,,"LLAVEROS, MEDALLAS, CADENAS",,,,,,,,,,,
,,,,,,,,,,,,,,
,,,,,,,,,,,,,,
,,,,,,,,,,,,,,
,REC. ROSARIO AROMATICA C/6 PIEZAS,,,,,,,,,,,,,
,,,,,,,,,,,,,,
,Clave:,,ZR0121,,,,Existencia:,,0,,,,,
,,,,,,,,,,,,,,
,Departamento:,,RECUERDOS,,,,Precio:,,$ 150.00,,,,,
,,,,,,,,,,,,,,
,Categoría:,,"LLAVEROS, MEDALLAS, CADENAS",,,,,,,,,,,
,,,,,,,,,,,,,,
,,,,,,,,,,,,,,
,,,,,,,,,,,,,,
,REC. LLAVERO SAGRADA BIBLIA,,,,,,,,,,,,,
,,,,,,,,,,,,,,
,Clave:,,ZR0123,,,,Existencia:,,0,,,,,
,,,,,,,,,,,,,,
,Departamento:,,RECUERDOS,,,,Precio:,,$ 210.00,,,,,
,,,,,,,,,,,,,,
,Categoría:,,"LLAVEROS, MEDALLAS, CADENAS",,,,,,,,,,,
,,,,,,,,,,,,,,
,,,,,,,,,,,,,,
,,,,,,,,,,,,,,
,REC. BOTELLITA PERGAMINO GDE C/12 BOLSA Y ESTAMPA,,,,,,,,,,,,,
,,,,,,,,,,,,,,
,Clave:,,ZR0125,,,,Existencia:,,0,,,,,
,,,,,,,,,,,,,,
,Departamento:,,RECUERDOS,,,,Precio:,,$ 290.00,,,,,
,,,,,,,,,,,,,,
,Categoría:,,RESINA Ó  PVC,,,,,,,,,,,
,,,,,,,,,,,,,,
,,,,,,,,,,,,,,
,,,,,,,,,,,,,,
,REC. BOTELLITA PERGAMINO CHICA C/12 BOLSA Y ESTAMPA,,,,,,,,,,,,,
,,,,,,,,,,,,,,
,Clave:,,ZR0127,,,,Existencia:,,0,,,,,
,,,,,,,,,,,,,,
,Departamento:,,RECUERDOS,,,,Precio:,,$ 230.00,,,,,
,,,,,,,,,,,,,,
,Categoría:,,RESINA Ó  PVC,,,,,,,,,,,
,,,,,,,,,,,,,,
,,,,,,,,,,,,,,
,,,,,,,,,,,,,,
,BOLSA CHICA ORGANZA C/12 PIEZAS,,,,,,,,,,,,,
,,,,,,,,,,,,,,
,Clave:,,ZR0129,,,,Existencia:,,0,,,,,
,,,,,,,,,,,,,,
,Departamento:,,ACCESORIOS,,,,Precio:,,$ 36.00,,,,,
,,,,,,,,,,,,,,
,Categoría:,,VARIOS,,,,,,,,,,,
,,,,,,,,,,,,,,
,,,,,,,,,,,,,,
,,,,,,,,,,,,,,
,BOLSA GRANDE ORGANZA C/12 PIEZAS,,,,,,,,,,,,,
,,,,,,,,,,,,,,
,Clave:,,ZR0131,,,,Existencia:,,0,,,,,
,,,,,,,,,,,,,,
,Departamento:,,ACCESORIOS,,,,Precio:,,$ 42.00,,,,,
,,,,,,,,,,,,,,
,Categoría:,,VARIOS,,,,,,,,,,,
,,,,,,,,,,,,,,
,,,,,,,,,,,,,,
,,,,,,,,,,,,,,
,RECUERDO RETABLO 3D C/12 PIEZAS,,,,,,,,,,,,,
,,,,,,,,,,,,,,
,Clave:,,ZR0133,,,,Existencia:,,0,,,,,
,,,,,,,,,,,,,,
,Departamento:,,ACCESORIOS,,,,Precio:,,$ 225.00,,,,,
,,,,,,,,,,,,,,
,Categoría:,,VARIOS,,,,,,,,,,,
,,,,,,,,,,,,,,
,,,,,,,,,,,,,,
,,,,,,,,,,,,,,
,LLAVERO RETABLO  C/12 PIEZAS,,,,,,,,,,,,,
,,,,,,,,,,,,,,
,Clave:,,ZR0136,,,,Existencia:,,0,,,,,
,,,,,,,,,,,,,,
,Departamento:,,ACCESORIOS,,,,Precio:,,$ 200.00,,,,,
,,,,,,,,,,,,,,
,Categoría:,,VARIOS,,,,,,,,,,,
,,,,,,,,,,,,,,
,,,,,,,,,,,,,,
,,,,,,,,,,,,,,
,REC. BENDICIONES BOLSA DECENARIO C/12,,,,,,,,,,,,,
,,,,,,,,,,,,,,
,Clave:,,ZR1111,,,,Existencia:,,466,,,,,
,,,,,,,,,,,,,,
,Departamento:,,RECUERDOS,,,,Precio:,,$ 300.00,,,,,
,,,,,,,,,,,,,,
,Categoría:,,DECENARIOS,,,,,,,,,,,
,,,,,,,,,,,,,,
,,,,,,,,,,,,,,
,,,,,,,,,,,,,,
,PLUMON TINTA METALICA ORO O PLATA,,,,,,,,,,,,,
,,,,,,,,,,,,,,
,Clave:,,ZR9603,,,,Existencia:,,0,,,,,
,,,,,,,,,,,,,,
,Departamento:,,ACCESORIOS,,,,Precio:,,$ 40.00,,,,,
,,,,,,,,,,,,,,
,Categoría:,,"LIBROS COMUNION, BAUTIZO, BODA, XV AÑOS",,,,,,,,,,,
,,,,,,,,,,,,,,
,,,,,,,,,,,,,,
,,,,,,,,,,,,,,
Página 271,,, / 271,,Generado por SICAR,,,,,16/09/2026 13:28:42 a,,,,
